Time Step,1,2,3,Import/Export_1,Import/Export_2,Import/Export_3
2161,0.0,5936.185190004566,159451.46853670262,0.0,0.0,0.0
2162,0.0,5376.541647893226,149264.93204977468,0.0,0.0,0.0
2163,0.0,4674.6198019276135,142710.60949445065,0.0,0.0,0.0
2164,0.0,2805.195266600649,142331.2973503772,0.0,0.0,0.0
2165,0.0,148.1014311489099,139744.9332193159,0.0,0.0,0.0
2166,0.0,0.0,130667.16604582717,0.0,0.0,0.0
2167,0.0,0.0,113720.24663901467,0.0,0.0,0.0
2168,0.0,0.0,106268.18881233523,0.0,0.0,0.0
2169,0.0,8460.937373598214,135069.35730031223,0.0,0.0,0.0
2170,0.0,10582.391810063194,146662.82195968108,0.0,0.0,0.0
2171,0.0,17700.013344071078,156166.91277642493,0.0,0.0,0.0
2172,0.0,12479.420497551831,169423.69258232415,0.0,0.0,0.0
2173,0.0,14341.508753114846,209713.24816742408,0.0,0.0,0.0
2174,0.0,14952.971638249763,197522.21219381972,0.0,0.0,0.0
2175,0.0,16543.878664547727,131044.3493612603,0.0,0.0,0.0
2176,0.0,19200.677938054752,76496.32629390906,0.0,0.0,0.0
2177,0.0,4831.833603203614,36479.85421491951,0.0,0.0,0.0
2178,0.0,0.0,28039.909473247255,0.0,0.0,0.0
2179,0.0,0.0,25122.819755990964,0.0,0.0,0.0
2180,0.0,0.0,22338.19911977779,0.0,0.0,0.0
2181,0.0,2519.272019237944,19909.696400803,0.0,0.0,0.0
2182,0.0,0.0,18029.58534477042,0.0,0.0,0.0
2183,0.0,721.4419980358264,16104.180979324523,0.0,0.0,0.0
2184,0.0,2622.762785475856,14707.152680948439,0.0,0.0,0.0
2185,0.0,2515.7595758788466,12838.70938493532,0.0,0.0,0.0
2186,0.0,815.5618009889679,8913.125614927008,0.0,0.0,0.0
2187,0.0,0.0,3277.3960037430647,0.0,0.0,0.0
2188,0.0,0.0,0.0,0.0,0.0,0.0
2189,0.0,0.0,0.0,0.0,0.0,0.0
2190,0.0,0.0,0.0,0.0,0.0,0.0
2191,0.0,0.0,0.0,0.0,0.0,0.0
2192,0.0,0.0,0.0,0.0,0.0,0.0
2193,0.0,0.0,0.0,0.0,0.0,0.0
2194,0.0,2757.9823806558343,3014.290942891282,0.0,0.0,0.0
2195,0.0,8932.019846905374,14922.598647463103,0.0,0.0,0.0
2196,0.0,0.0,18219.349090594274,0.0,0.0,0.0
2197,0.0,0.0,57777.67279441964,0.0,0.0,0.0
2198,0.0,0.0,43534.19840707914,0.0,0.0,0.0
2199,0.0,0.0,22706.75360477118,0.0,0.0,0.0
2200,0.0,0.0,10489.521857991716,0.0,0.0,0.0
2201,0.0,0.0,988.0764867100851,0.0,0.0,0.0
2202,0.0,0.0,0.0,0.0,0.0,0.0
2203,0.0,0.0,0.0,0.0,0.0,0.0
2204,0.0,0.0,0.0,0.0,0.0,0.0
2205,0.0,0.0,0.0,0.0,0.0,0.0
2206,0.0,0.0,0.0,0.0,0.0,0.0
2207,0.0,0.0,0.0,0.0,0.0,0.0
2208,0.0,0.0,0.0,0.0,0.0,0.0
2209,0.0,0.0,0.0,0.0,0.0,0.0
2210,0.0,0.0,0.0,0.0,0.0,0.0
2211,0.0,0.0,0.0,0.0,0.0,0.0
2212,0.0,0.0,0.0,0.0,0.0,0.0
2213,0.0,0.0,0.0,0.0,0.0,0.0
2214,0.0,0.0,0.0,0.0,0.0,0.0
2215,0.0,0.0,0.0,0.0,0.0,0.0
2216,0.0,0.0,0.0,0.0,0.0,0.0
2217,0.0,0.0,0.0,0.0,0.0,0.0
2218,0.0,0.0,0.0,0.0,0.0,0.0
2219,0.0,0.0,0.0,0.0,0.0,0.0
2220,0.0,0.0,0.0,0.0,0.0,0.0
2221,0.0,0.0,0.0,0.0,0.0,0.0
2222,0.0,0.0,0.0,0.0,0.0,0.0
2223,0.0,0.0,0.0,0.0,0.0,0.0
2224,0.0,0.0,0.0,0.0,0.0,0.0
2225,0.0,0.0,0.0,0.0,0.0,0.0
2226,0.0,0.0,0.0,0.0,0.0,0.0
2227,0.0,0.0,0.0,0.0,0.0,0.0
2228,0.0,0.0,0.0,0.0,0.0,0.0
2229,0.0,0.0,0.0,0.0,0.0,0.0
2230,0.0,0.0,0.0,0.0,0.0,0.0
2231,0.0,0.0,0.0,0.0,0.0,0.0
2232,0.0,0.0,0.0,0.0,0.0,0.0
2233,0.0,0.0,0.0,0.0,0.0,0.0
2234,0.0,0.0,0.0,0.0,0.0,0.0
2235,0.0,0.0,0.0,0.0,0.0,0.0
2236,0.0,0.0,0.0,0.0,0.0,0.0
2237,0.0,0.0,0.0,0.0,0.0,0.0
2238,0.0,0.0,0.0,0.0,0.0,0.0
2239,0.0,0.0,0.0,0.0,0.0,0.0
2240,0.0,0.0,0.0,0.0,0.0,0.0
2241,0.0,0.0,0.0,0.0,0.0,0.0
2242,0.0,0.0,0.0,0.0,0.0,0.0
2243,0.0,0.0,0.0,0.0,0.0,0.0
2244,0.0,0.0,0.0,0.0,0.0,0.0
2245,0.0,0.0,0.0,0.0,0.0,0.0
2246,0.0,0.0,0.0,0.0,0.0,0.0
2247,0.0,0.0,0.0,0.0,0.0,0.0
2248,0.0,0.0,0.0,0.0,0.0,0.0
2249,0.0,0.0,0.0,0.0,0.0,0.0
2250,0.0,0.0,0.0,0.0,0.0,0.0
2251,0.0,0.0,0.0,0.0,0.0,0.0
2252,0.0,0.0,0.0,0.0,0.0,0.0
2253,0.0,0.0,0.0,0.0,0.0,0.0
2254,0.0,0.0,0.0,0.0,0.0,0.0
2255,0.0,0.0,0.0,0.0,0.0,0.0
2256,0.0,0.0,0.0,0.0,0.0,0.0
2257,0.0,0.0,0.0,0.0,0.0,0.0
2258,0.0,0.0,0.0,0.0,0.0,0.0
2259,0.0,0.0,0.0,0.0,0.0,0.0
2260,0.0,0.0,0.0,0.0,0.0,0.0
2261,0.0,0.0,0.0,0.0,0.0,0.0
2262,0.0,0.0,0.0,0.0,0.0,0.0
2263,0.0,0.0,0.0,0.0,0.0,0.0
2264,0.0,0.0,0.0,0.0,0.0,0.0
2265,0.0,0.0,0.0,0.0,0.0,0.0
2266,0.0,0.0,0.0,0.0,0.0,0.0
2267,0.0,0.0,0.0,0.0,0.0,0.0
2268,0.0,0.0,0.0,0.0,0.0,0.0
2269,0.0,0.0,0.0,0.0,0.0,0.0
2270,0.0,0.0,0.0,0.0,0.0,0.0
2271,0.0,0.0,0.0,0.0,0.0,0.0
2272,0.0,0.0,0.0,0.0,0.0,0.0
2273,0.0,0.0,0.0,0.0,0.0,0.0
2274,0.0,0.0,0.0,0.0,0.0,0.0
2275,0.0,0.0,0.0,0.0,0.0,0.0
2276,0.0,0.0,0.0,0.0,0.0,0.0
2277,0.0,0.0,0.0,0.0,0.0,0.0
2278,0.0,0.0,0.0,0.0,0.0,0.0
2279,0.0,0.0,0.0,0.0,0.0,0.0
2280,0.0,0.0,0.0,0.0,0.0,0.0
2281,0.0,0.0,0.0,0.0,0.0,0.0
2282,0.0,0.0,0.0,0.0,0.0,0.0
2283,0.0,0.0,0.0,0.0,0.0,0.0
2284,0.0,0.0,0.0,0.0,0.0,0.0
2285,0.0,0.0,0.0,0.0,0.0,0.0
2286,0.0,0.0,0.0,0.0,0.0,0.0
2287,0.0,0.0,0.0,0.0,0.0,0.0
2288,0.0,0.0,0.0,0.0,0.0,0.0
2289,0.0,0.0,0.0,0.0,0.0,0.0
2290,0.0,0.0,0.0,0.0,0.0,0.0
2291,0.0,0.0,0.0,0.0,0.0,0.0
2292,0.0,0.0,0.0,0.0,0.0,0.0
2293,0.0,0.0,0.0,0.0,0.0,0.0
2294,0.0,0.0,0.0,0.0,0.0,0.0
2295,0.0,0.0,0.0,0.0,0.0,0.0
2296,0.0,0.0,0.0,0.0,0.0,0.0
2297,0.0,0.0,0.0,0.0,0.0,0.0
2298,0.0,0.0,0.0,0.0,0.0,0.0
2299,0.0,0.0,0.0,0.0,0.0,0.0
2300,0.0,0.0,0.0,0.0,0.0,0.0
2301,0.0,0.0,0.0,0.0,0.0,0.0
2302,0.0,0.0,0.0,0.0,0.0,0.0
2303,0.0,0.0,0.0,0.0,0.0,0.0
2304,0.0,0.0,0.0,0.0,0.0,0.0
2305,0.0,0.0,0.0,0.0,0.0,0.0
2306,0.0,0.0,0.0,0.0,0.0,0.0
2307,0.0,0.0,0.0,0.0,0.0,0.0
2308,0.0,0.0,0.0,0.0,0.0,0.0
2309,0.0,0.0,0.0,0.0,0.0,0.0
2310,0.0,0.0,0.0,0.0,0.0,0.0
2311,0.0,0.0,0.0,0.0,0.0,0.0
2312,0.0,0.0,0.0,0.0,0.0,0.0
2313,0.0,0.0,0.0,0.0,0.0,0.0
2314,0.0,1187.068754039617,0.0,0.0,0.0,0.0
2315,0.0,13838.070598696855,0.0,0.0,0.0,0.0
2316,0.0,17142.78201614791,0.0,0.0,0.0,0.0
2317,0.0,0.0,0.0,0.0,0.0,0.0
2318,0.0,0.0,0.0,0.0,0.0,0.0
2319,0.0,0.0,0.0,0.0,0.0,0.0
2320,0.0,0.0,0.0,0.0,0.0,0.0
2321,0.0,0.0,0.0,0.0,0.0,0.0
2322,0.0,0.0,0.0,0.0,0.0,0.0
2323,0.0,0.0,0.0,0.0,0.0,0.0
2324,0.0,0.0,0.0,0.0,0.0,0.0
2325,0.0,0.0,0.0,0.0,0.0,0.0
2326,0.0,0.0,0.0,0.0,0.0,0.0
2327,0.0,0.0,0.0,0.0,0.0,0.0
2328,0.0,0.0,0.0,0.0,0.0,0.0
2329,0.0,0.0,0.0,0.0,0.0,0.0
2330,0.0,0.0,0.0,0.0,0.0,0.0
2331,0.0,0.0,0.0,0.0,0.0,0.0
2332,0.0,0.0,0.0,0.0,0.0,0.0
2333,0.0,0.0,0.0,0.0,0.0,0.0
2334,0.0,0.0,0.0,0.0,0.0,0.0
2335,0.0,0.0,0.0,0.0,0.0,0.0
2336,0.0,0.0,0.0,0.0,0.0,0.0
2337,0.0,0.0,0.0,0.0,0.0,0.0
2338,0.0,0.0,0.0,0.0,0.0,0.0
2339,0.0,16727.29149088015,0.0,0.0,0.0,0.0
2340,0.0,11043.429320856318,0.0,0.0,0.0,0.0
2341,0.0,0.0,0.0,0.0,0.0,0.0
2342,0.0,0.0,0.0,0.0,0.0,0.0
2343,0.0,0.0,0.0,0.0,0.0,0.0
2344,0.0,0.0,0.0,0.0,0.0,0.0
2345,0.0,0.0,0.0,0.0,0.0,0.0
2346,0.0,0.0,0.0,0.0,0.0,0.0
2347,0.0,0.0,0.0,0.0,0.0,0.0
2348,0.0,0.0,0.0,0.0,0.0,0.0
2349,0.0,0.0,0.0,0.0,0.0,0.0
2350,0.0,0.0,0.0,0.0,0.0,0.0
2351,0.0,0.0,0.0,0.0,0.0,0.0
2352,0.0,0.0,0.0,0.0,0.0,0.0
2353,0.0,0.0,0.0,0.0,0.0,0.0
2354,0.0,0.0,0.0,0.0,0.0,0.0
2355,0.0,0.0,0.0,0.0,0.0,0.0
2356,0.0,0.0,0.0,0.0,0.0,0.0
2357,0.0,0.0,0.0,0.0,0.0,0.0
2358,0.0,0.0,0.0,0.0,0.0,0.0
2359,0.0,0.0,0.0,0.0,0.0,0.0
2360,0.0,0.0,0.0,0.0,0.0,0.0
2361,0.0,0.0,0.0,0.0,0.0,0.0
2362,0.0,16301.030097351344,0.0,0.0,0.0,0.0
2363,0.0,42912.06348000886,0.0,0.0,0.0,0.0
2364,0.0,32200.311817075686,0.0,0.0,0.0,0.0
2365,0.0,34548.035069030506,0.0,0.0,0.0,0.0
2366,0.0,27772.56426491798,0.0,0.0,0.0,0.0
2367,0.0,12845.875172178683,0.0,0.0,0.0,0.0
2368,0.0,0.0,0.0,0.0,0.0,0.0
2369,0.0,0.0,0.0,0.0,0.0,0.0
2370,0.0,0.0,0.0,0.0,0.0,0.0
2371,0.0,0.0,0.0,0.0,0.0,0.0
2372,0.0,0.0,0.0,0.0,0.0,0.0
2373,0.0,0.0,0.0,0.0,0.0,0.0
2374,0.0,0.0,0.0,0.0,0.0,0.0
2375,0.0,0.0,0.0,0.0,0.0,0.0
2376,0.0,0.0,0.0,0.0,0.0,0.0
2377,0.0,0.0,0.0,0.0,0.0,0.0
2378,0.0,0.0,0.0,0.0,0.0,0.0
2379,0.0,0.0,0.0,0.0,0.0,0.0
2380,0.0,0.0,0.0,0.0,0.0,0.0
2381,0.0,0.0,0.0,0.0,0.0,0.0
2382,0.0,0.0,0.0,0.0,0.0,0.0
2383,0.0,0.0,0.0,0.0,0.0,0.0
2384,0.0,0.0,0.0,0.0,0.0,0.0
2385,0.0,0.0,0.0,0.0,0.0,0.0
2386,0.0,11445.577301699605,0.0,0.0,0.0,0.0
2387,0.0,40295.80015388657,0.0,0.0,0.0,0.0
2388,0.0,48598.21695288192,0.0,0.0,0.0,0.0
2389,0.0,42468.04797333096,0.0,0.0,0.0,0.0
2390,0.0,36026.69708843086,0.0,0.0,0.0,0.0
2391,0.0,3678.210508121153,0.0,0.0,0.0,0.0
2392,0.0,0.0,0.0,0.0,0.0,0.0
2393,0.0,0.0,0.0,0.0,0.0,0.0
2394,0.0,0.0,0.0,0.0,0.0,0.0
2395,0.0,0.0,0.0,0.0,0.0,0.0
2396,0.0,0.0,0.0,0.0,0.0,0.0
2397,0.0,0.0,0.0,0.0,0.0,0.0
2398,0.0,0.0,0.0,0.0,0.0,0.0
2399,0.0,0.0,0.0,0.0,0.0,0.0
2400,0.0,0.0,0.0,0.0,0.0,0.0
2401,0.0,0.0,0.0,0.0,0.0,0.0
2402,0.0,0.0,0.0,0.0,0.0,0.0
2403,0.0,0.0,0.0,0.0,0.0,0.0
2404,0.0,0.0,0.0,0.0,0.0,0.0
2405,0.0,0.0,0.0,0.0,0.0,0.0
2406,0.0,0.0,0.0,0.0,0.0,0.0
2407,0.0,0.0,0.0,0.0,0.0,0.0
2408,0.0,0.0,0.0,0.0,0.0,0.0
2409,0.0,0.0,0.0,0.0,0.0,0.0
2410,0.0,11205.328450604,0.0,0.0,0.0,0.0
2411,0.0,23052.816976166974,0.0,0.0,0.0,0.0
2412,0.0,20867.588514297542,0.0,0.0,0.0,0.0
2413,0.0,14893.582418515976,7302.231902673246,0.0,0.0,0.0
2414,0.0,11429.54862529341,11440.126684587034,0.0,0.0,0.0
2415,0.0,7146.890584076748,10886.744250884612,0.0,0.0,0.0
2416,0.0,0.0,5980.970111477642,0.0,0.0,0.0
2417,0.0,0.0,0.0,0.0,0.0,0.0
2418,0.0,0.0,0.0,0.0,0.0,0.0
2419,0.0,0.0,0.0,0.0,0.0,0.0
2420,0.0,0.0,0.0,0.0,0.0,0.0
2421,0.0,0.0,0.0,0.0,0.0,0.0
2422,0.0,0.0,0.0,0.0,0.0,0.0
2423,0.0,0.0,0.0,0.0,0.0,0.0
2424,0.0,0.0,0.0,0.0,0.0,0.0
2425,0.0,0.0,0.0,0.0,0.0,0.0
2426,0.0,0.0,0.0,0.0,0.0,0.0
2427,0.0,0.0,0.0,0.0,0.0,0.0
2428,0.0,0.0,0.0,0.0,0.0,0.0
2429,0.0,0.0,0.0,0.0,0.0,0.0
2430,0.0,0.0,0.0,0.0,0.0,0.0
2431,0.0,0.0,0.0,0.0,0.0,0.0
2432,0.0,0.0,0.0,0.0,0.0,0.0
2433,0.0,0.0,0.0,0.0,0.0,0.0
2434,0.0,0.0,0.0,0.0,0.0,0.0
2435,0.0,13133.820244633635,0.0,0.0,0.0,0.0
2436,0.0,17423.400615156963,0.0,0.0,0.0,0.0
2437,0.0,40340.191057752796,0.0,0.0,0.0,0.0
2438,0.0,26481.84864021006,0.0,0.0,0.0,0.0
2439,0.0,7481.8487094905,0.0,0.0,0.0,0.0
2440,0.0,11241.757826112456,0.0,0.0,0.0,0.0
2441,0.0,0.0,0.0,0.0,0.0,0.0
2442,0.0,0.0,0.0,0.0,0.0,0.0
2443,0.0,0.0,0.0,0.0,0.0,0.0
2444,0.0,0.0,0.0,0.0,0.0,0.0
2445,0.0,0.0,0.0,0.0,0.0,0.0
2446,0.0,0.0,10955.67323673969,0.0,0.0,0.0
2447,0.0,0.0,22197.94095429777,0.0,0.0,0.0
2448,0.0,0.0,34214.35581458609,0.0,0.0,0.0
2449,0.0,0.0,43938.18389426591,0.0,0.0,0.0
2450,0.0,0.0,29702.601869591275,0.0,0.0,0.0
2451,0.0,0.0,21032.365985128294,0.0,0.0,0.0
2452,0.0,0.0,11886.79935778739,0.0,0.0,0.0
2453,0.0,0.0,0.0,0.0,0.0,0.0
2454,0.0,0.0,0.0,0.0,0.0,0.0
2455,0.0,0.0,0.0,0.0,0.0,0.0
2456,0.0,0.0,0.0,0.0,0.0,0.0
2457,0.0,0.0,0.0,0.0,0.0,0.0
2458,0.0,0.0,0.0,0.0,0.0,0.0
2459,0.0,0.0,0.0,0.0,0.0,0.0
2460,0.0,0.0,0.0,0.0,0.0,0.0
2461,0.0,0.0,0.0,0.0,0.0,0.0
2462,0.0,0.0,0.0,0.0,0.0,0.0
2463,0.0,0.0,0.0,0.0,0.0,0.0
2464,0.0,0.0,0.0,0.0,0.0,0.0
2465,0.0,0.0,0.0,0.0,0.0,0.0
2466,0.0,0.0,0.0,0.0,0.0,0.0
2467,0.0,0.0,0.0,0.0,0.0,0.0
2468,0.0,0.0,0.0,0.0,0.0,0.0
2469,0.0,0.0,0.0,0.0,0.0,0.0
2470,0.0,0.0,0.0,0.0,0.0,0.0
2471,0.0,0.0,0.0,0.0,0.0,0.0
2472,0.0,0.0,0.0,0.0,0.0,0.0
2473,0.0,0.0,0.0,0.0,0.0,0.0
2474,0.0,0.0,0.0,0.0,0.0,0.0
2475,0.0,0.0,0.0,0.0,0.0,0.0
2476,0.0,0.0,0.0,0.0,0.0,0.0
2477,0.0,0.0,0.0,0.0,0.0,0.0
2478,0.0,0.0,0.0,0.0,0.0,0.0
2479,0.0,0.0,0.0,0.0,0.0,0.0
2480,0.0,0.0,0.0,0.0,0.0,0.0
2481,0.0,0.0,0.0,0.0,0.0,0.0
2482,0.0,1694.336117537835,0.0,0.0,0.0,0.0
2483,0.0,15403.118196479414,0.0,0.0,0.0,0.0
2484,0.0,27535.283008591214,0.0,0.0,0.0,0.0
2485,0.0,36976.685580942874,0.0,0.0,0.0,0.0
2486,0.0,23056.014766199223,0.0,0.0,0.0,0.0
2487,0.0,5359.173234475702,0.0,0.0,0.0,0.0
2488,0.0,0.0,0.0,0.0,0.0,0.0
2489,0.0,0.0,0.0,0.0,0.0,0.0
2490,0.0,0.0,0.0,0.0,0.0,0.0
2491,0.0,0.0,0.0,0.0,0.0,0.0
2492,0.0,0.0,0.0,0.0,0.0,0.0
2493,0.0,0.0,0.0,0.0,0.0,0.0
2494,0.0,0.0,0.0,0.0,0.0,0.0
2495,0.0,0.0,0.0,0.0,0.0,0.0
2496,0.0,0.0,0.0,0.0,0.0,0.0
2497,0.0,0.0,0.0,0.0,0.0,0.0
2498,0.0,0.0,0.0,0.0,0.0,0.0
2499,0.0,0.0,0.0,0.0,0.0,0.0
2500,0.0,0.0,0.0,0.0,0.0,0.0
2501,0.0,0.0,0.0,0.0,0.0,0.0
2502,0.0,0.0,0.0,0.0,0.0,0.0
2503,0.0,0.0,0.0,0.0,0.0,0.0
2504,0.0,0.0,0.0,0.0,0.0,0.0
2505,0.0,0.0,0.0,0.0,0.0,0.0
2506,0.0,9848.10562794359,0.0,0.0,0.0,0.0
2507,0.0,18662.24730457279,0.0,0.0,0.0,0.0
2508,0.0,28154.29101769449,0.0,0.0,0.0,0.0
2509,0.0,26943.3866084447,0.0,0.0,0.0,0.0
2510,0.0,14407.174712472624,0.0,0.0,0.0,0.0
2511,0.0,0.0,0.0,0.0,0.0,0.0
2512,0.0,0.0,0.0,0.0,0.0,0.0
2513,0.0,0.0,0.0,0.0,0.0,0.0
2514,0.0,0.0,0.0,0.0,0.0,0.0
2515,0.0,0.0,0.0,0.0,0.0,0.0
2516,0.0,0.0,0.0,0.0,0.0,0.0
2517,0.0,0.0,0.0,0.0,0.0,0.0
2518,0.0,0.0,0.0,0.0,0.0,0.0
2519,0.0,0.0,0.0,0.0,0.0,0.0
2520,0.0,0.0,0.0,0.0,0.0,0.0
2521,0.0,0.0,0.0,0.0,0.0,0.0
2522,0.0,0.0,0.0,0.0,0.0,0.0
2523,0.0,0.0,0.0,0.0,0.0,0.0
2524,0.0,0.0,0.0,0.0,0.0,0.0
2525,0.0,0.0,0.0,0.0,0.0,0.0
2526,0.0,0.0,0.0,0.0,0.0,0.0
2527,0.0,0.0,0.0,0.0,0.0,0.0
2528,0.0,0.0,0.0,0.0,0.0,0.0
2529,0.0,0.0,0.0,0.0,0.0,0.0
2530,0.0,0.0,0.0,0.0,0.0,0.0
2531,0.0,14488.713150524498,0.0,0.0,0.0,0.0
2532,0.0,32466.744588151752,0.0,0.0,0.0,0.0
2533,0.0,30083.43554021265,0.0,0.0,0.0,0.0
2534,0.0,0.0,0.0,0.0,0.0,0.0
2535,0.0,0.0,0.0,0.0,0.0,0.0
2536,0.0,0.0,0.0,0.0,0.0,0.0
2537,0.0,0.0,0.0,0.0,0.0,0.0
2538,0.0,0.0,0.0,0.0,0.0,0.0
2539,0.0,0.0,0.0,0.0,0.0,0.0
2540,0.0,0.0,0.0,0.0,0.0,0.0
2541,0.0,0.0,0.0,0.0,0.0,0.0
2542,0.0,0.0,0.0,0.0,0.0,0.0
2543,0.0,0.0,0.0,0.0,0.0,0.0
2544,0.0,0.0,0.0,0.0,0.0,0.0
2545,0.0,0.0,0.0,0.0,0.0,0.0
2546,0.0,0.0,0.0,0.0,0.0,0.0
2547,0.0,0.0,0.0,0.0,0.0,0.0
2548,0.0,0.0,0.0,0.0,0.0,0.0
2549,0.0,0.0,0.0,0.0,0.0,0.0
2550,0.0,0.0,0.0,0.0,0.0,0.0
2551,0.0,0.0,0.0,0.0,0.0,0.0
2552,0.0,0.0,0.0,0.0,0.0,0.0
2553,0.0,0.0,0.0,0.0,0.0,0.0
2554,0.0,2862.5048399989078,0.0,0.0,0.0,0.0
2555,0.0,12099.168218341882,0.0,0.0,0.0,0.0
2556,0.0,11234.567912135402,0.0,0.0,0.0,0.0
2557,0.0,25255.887830053507,0.0,0.0,0.0,0.0
2558,0.0,20476.927680306348,0.0,0.0,0.0,0.0
2559,0.0,7895.7588268820655,0.0,0.0,0.0,0.0
2560,0.0,0.0,0.0,0.0,0.0,0.0
2561,0.0,0.0,0.0,0.0,0.0,0.0
2562,0.0,0.0,0.0,0.0,0.0,0.0
2563,0.0,0.0,0.0,0.0,0.0,0.0
2564,0.0,0.0,0.0,0.0,0.0,0.0
2565,0.0,0.0,0.0,0.0,0.0,0.0
2566,0.0,0.0,0.0,0.0,0.0,0.0
2567,0.0,0.0,0.0,0.0,0.0,0.0
2568,0.0,0.0,0.0,0.0,0.0,0.0
2569,0.0,0.0,0.0,0.0,0.0,0.0
2570,0.0,0.0,0.0,0.0,0.0,0.0
2571,0.0,0.0,0.0,0.0,0.0,0.0
2572,0.0,0.0,0.0,0.0,0.0,0.0
2573,0.0,0.0,0.0,0.0,0.0,0.0
2574,0.0,0.0,0.0,0.0,0.0,0.0
2575,0.0,0.0,0.0,0.0,0.0,0.0
2576,0.0,0.0,0.0,0.0,0.0,0.0
2577,0.0,0.0,0.0,0.0,0.0,0.0
2578,0.0,25280.905261630985,0.0,0.0,0.0,0.0
2579,0.0,44421.97561306342,0.0,0.0,0.0,0.0
2580,0.0,52200.9186741368,0.0,0.0,0.0,0.0
2581,0.0,57171.855448070244,0.0,0.0,0.0,0.0
2582,0.0,50663.24736264281,0.0,0.0,0.0,0.0
2583,0.0,31838.44890167429,0.0,0.0,0.0,0.0
2584,0.0,4360.66261944376,0.0,0.0,0.0,0.0
2585,0.0,0.0,0.0,0.0,0.0,0.0
2586,0.0,0.0,0.0,0.0,0.0,0.0
2587,0.0,0.0,0.0,0.0,0.0,0.0
2588,0.0,0.0,0.0,0.0,0.0,0.0
2589,0.0,0.0,0.0,0.0,0.0,0.0
2590,0.0,0.0,0.0,0.0,0.0,0.0
2591,0.0,0.0,0.0,0.0,0.0,0.0
2592,0.0,0.0,0.0,0.0,0.0,0.0
2593,0.0,0.0,0.0,0.0,0.0,0.0
2594,0.0,0.0,0.0,0.0,0.0,0.0
2595,0.0,0.0,0.0,0.0,0.0,0.0
2596,0.0,0.0,0.0,0.0,0.0,0.0
2597,0.0,0.0,0.0,0.0,0.0,0.0
2598,0.0,0.0,0.0,0.0,0.0,0.0
2599,0.0,0.0,0.0,0.0,0.0,0.0
2600,0.0,0.0,0.0,0.0,0.0,0.0
2601,0.0,0.0,0.0,0.0,0.0,0.0
2602,0.0,4010.6433326847973,0.0,0.0,0.0,0.0
2603,0.0,38413.91241731985,0.0,0.0,0.0,0.0
2604,0.0,42070.881023532056,0.0,0.0,0.0,0.0
2605,0.0,47107.959094963044,0.0,0.0,0.0,0.0
2606,0.0,40639.23675424895,0.0,0.0,0.0,0.0
2607,0.0,15481.278277278929,0.0,0.0,0.0,0.0
2608,0.0,0.0,0.0,0.0,0.0,0.0
2609,0.0,0.0,0.0,0.0,0.0,0.0
2610,0.0,0.0,0.0,0.0,0.0,0.0
2611,0.0,0.0,0.0,0.0,0.0,0.0
2612,0.0,0.0,0.0,0.0,0.0,0.0
2613,0.0,0.0,0.0,0.0,0.0,0.0
2614,0.0,0.0,0.0,0.0,0.0,0.0
2615,0.0,0.0,0.0,0.0,0.0,0.0
2616,0.0,0.0,0.0,0.0,0.0,0.0
2617,0.0,0.0,0.0,0.0,0.0,0.0
2618,0.0,0.0,0.0,0.0,0.0,0.0
2619,0.0,0.0,0.0,0.0,0.0,0.0
2620,0.0,0.0,0.0,0.0,0.0,0.0
2621,0.0,0.0,0.0,0.0,0.0,0.0
2622,0.0,0.0,0.0,0.0,0.0,0.0
2623,0.0,0.0,0.0,0.0,0.0,0.0
2624,0.0,0.0,0.0,0.0,0.0,0.0
2625,0.0,0.0,0.0,0.0,0.0,0.0
2626,0.0,0.0,0.0,0.0,0.0,0.0
2627,0.0,25859.09031222664,0.0,0.0,0.0,0.0
2628,0.0,33318.422468570105,0.0,0.0,0.0,0.0
2629,0.0,45297.23515772921,0.0,0.0,0.0,0.0
2630,0.0,33279.88583119639,0.0,0.0,0.0,0.0
2631,0.0,6710.2768725443075,0.0,0.0,0.0,0.0
2632,0.0,0.0,0.0,0.0,0.0,0.0
2633,0.0,0.0,0.0,0.0,0.0,0.0
2634,0.0,0.0,0.0,0.0,0.0,0.0
2635,0.0,0.0,0.0,0.0,0.0,0.0
2636,0.0,0.0,0.0,0.0,0.0,0.0
2637,0.0,0.0,0.0,0.0,0.0,0.0
2638,0.0,0.0,0.0,0.0,0.0,0.0
2639,0.0,0.0,0.0,0.0,0.0,0.0
2640,0.0,0.0,0.0,0.0,0.0,0.0
2641,0.0,0.0,0.0,0.0,0.0,0.0
2642,0.0,0.0,0.0,0.0,0.0,0.0
2643,0.0,0.0,0.0,0.0,0.0,0.0
2644,0.0,0.0,0.0,0.0,0.0,0.0
2645,0.0,0.0,0.0,0.0,0.0,0.0
2646,0.0,0.0,0.0,0.0,0.0,0.0
2647,0.0,0.0,0.0,0.0,0.0,0.0
2648,0.0,0.0,0.0,0.0,0.0,0.0
2649,0.0,0.0,0.0,0.0,0.0,0.0
2650,0.0,0.0,0.0,0.0,0.0,0.0
2651,0.0,21260.87525202419,0.0,0.0,0.0,0.0
2652,0.0,32689.908890821822,0.0,0.0,0.0,0.0
2653,0.0,30582.82657706179,0.0,0.0,0.0,0.0
2654,0.0,27064.730694694597,0.0,0.0,0.0,0.0
2655,0.0,12511.883781087532,0.0,0.0,0.0,0.0
2656,0.0,0.0,0.0,0.0,0.0,0.0
2657,0.0,0.0,0.0,0.0,0.0,0.0
2658,0.0,0.0,0.0,0.0,0.0,0.0
2659,0.0,0.0,0.0,0.0,0.0,0.0
2660,0.0,0.0,0.0,0.0,0.0,0.0
2661,0.0,0.0,0.0,0.0,0.0,0.0
2662,0.0,0.0,0.0,0.0,0.0,0.0
2663,0.0,0.0,0.0,0.0,0.0,0.0
2664,0.0,0.0,0.0,0.0,0.0,0.0
2665,0.0,0.0,0.0,0.0,0.0,0.0
2666,0.0,0.0,0.0,0.0,0.0,0.0
2667,0.0,0.0,0.0,0.0,0.0,0.0
2668,0.0,0.0,0.0,0.0,0.0,0.0
2669,0.0,0.0,0.0,0.0,0.0,0.0
2670,0.0,0.0,0.0,0.0,0.0,0.0
2671,0.0,0.0,0.0,0.0,0.0,0.0
2672,0.0,0.0,0.0,0.0,0.0,0.0
2673,0.0,0.0,0.0,0.0,0.0,0.0
2674,0.0,0.0,0.0,0.0,0.0,0.0
2675,0.0,0.0,0.0,0.0,0.0,0.0
2676,0.0,8407.61938379732,0.0,0.0,0.0,0.0
2677,0.0,16217.305777799142,0.0,0.0,0.0,0.0
2678,0.0,16715.24856797164,0.0,0.0,0.0,0.0
2679,0.0,4288.534255965998,0.0,0.0,0.0,0.0
2680,0.0,0.0,0.0,0.0,0.0,0.0
2681,0.0,0.0,0.0,0.0,0.0,0.0
2682,0.0,0.0,0.0,0.0,0.0,0.0
2683,0.0,0.0,0.0,0.0,0.0,0.0
2684,0.0,0.0,0.0,0.0,0.0,0.0
2685,0.0,0.0,0.0,0.0,0.0,0.0
2686,0.0,0.0,0.0,0.0,0.0,0.0
2687,0.0,0.0,0.0,0.0,0.0,0.0
2688,0.0,0.0,0.0,0.0,0.0,0.0
2689,0.0,0.0,0.0,0.0,0.0,0.0
2690,0.0,0.0,0.0,0.0,0.0,0.0
2691,0.0,0.0,0.0,0.0,0.0,0.0
2692,0.0,0.0,0.0,0.0,0.0,0.0
2693,0.0,0.0,0.0,0.0,0.0,0.0
2694,0.0,0.0,0.0,0.0,0.0,0.0
2695,0.0,0.0,0.0,0.0,0.0,0.0
2696,0.0,0.0,0.0,0.0,0.0,0.0
2697,0.0,0.0,0.0,0.0,0.0,0.0
2698,0.0,9128.052869768098,0.0,0.0,0.0,0.0
2699,0.0,31211.904657719595,0.0,0.0,0.0,0.0
2700,0.0,31023.15654378941,0.0,0.0,0.0,0.0
2701,0.0,34167.457336829786,0.0,0.0,0.0,0.0
2702,0.0,27557.623782687366,0.0,0.0,0.0,0.0
2703,0.0,14509.236364768918,0.0,0.0,0.0,0.0
2704,0.0,0.0,0.0,0.0,0.0,0.0
2705,0.0,0.0,0.0,0.0,0.0,0.0
2706,0.0,0.0,0.0,0.0,0.0,0.0
2707,0.0,0.0,0.0,0.0,0.0,0.0
2708,0.0,0.0,0.0,0.0,0.0,0.0
2709,0.0,0.0,0.0,0.0,0.0,0.0
2710,0.0,0.0,0.0,0.0,0.0,0.0
2711,0.0,0.0,0.0,0.0,0.0,0.0
2712,0.0,0.0,0.0,0.0,0.0,0.0
2713,0.0,0.0,0.0,0.0,0.0,0.0
2714,0.0,0.0,0.0,0.0,0.0,0.0
2715,0.0,0.0,0.0,0.0,0.0,0.0
2716,0.0,0.0,0.0,0.0,0.0,0.0
2717,0.0,0.0,0.0,0.0,0.0,0.0
2718,0.0,0.0,0.0,0.0,0.0,0.0
2719,0.0,0.0,0.0,0.0,0.0,0.0
2720,0.0,0.0,0.0,0.0,0.0,0.0
2721,0.0,0.0,0.0,0.0,0.0,0.0
2722,0.0,8575.811649583653,0.0,0.0,0.0,0.0
2723,0.0,25843.137594088614,0.0,0.0,0.0,0.0
2724,0.0,38994.19641460612,0.0,0.0,0.0,0.0
2725,0.0,32419.277166417378,0.0,0.0,0.0,0.0
2726,0.0,13345.160117906087,0.0,0.0,0.0,0.0
2727,0.0,0.0,0.0,0.0,0.0,0.0
2728,0.0,0.0,0.0,0.0,0.0,0.0
2729,0.0,0.0,0.0,0.0,0.0,0.0
2730,0.0,0.0,0.0,0.0,0.0,0.0
2731,0.0,0.0,0.0,0.0,0.0,0.0
2732,0.0,0.0,0.0,0.0,0.0,0.0
2733,0.0,0.0,0.0,0.0,0.0,0.0
2734,0.0,0.0,0.0,0.0,0.0,0.0
2735,0.0,0.0,0.0,0.0,0.0,0.0
2736,0.0,0.0,0.0,0.0,0.0,0.0
2737,0.0,0.0,0.0,0.0,0.0,0.0
2738,0.0,0.0,0.0,0.0,0.0,0.0
2739,0.0,0.0,0.0,0.0,0.0,0.0
2740,0.0,0.0,0.0,0.0,0.0,0.0
2741,0.0,0.0,0.0,0.0,0.0,0.0
2742,0.0,0.0,0.0,0.0,0.0,0.0
2743,0.0,0.0,0.0,0.0,0.0,0.0
2744,0.0,0.0,0.0,0.0,0.0,0.0
2745,0.0,0.0,0.0,0.0,0.0,0.0
2746,0.0,0.0,0.0,0.0,0.0,0.0
2747,0.0,0.0,0.0,0.0,0.0,0.0
2748,0.0,0.0,0.0,0.0,0.0,0.0
2749,0.0,0.0,0.0,0.0,0.0,0.0
2750,0.0,0.0,0.0,0.0,0.0,0.0
2751,0.0,0.0,0.0,0.0,0.0,0.0
2752,0.0,0.0,0.0,0.0,0.0,0.0
2753,0.0,0.0,0.0,0.0,0.0,0.0
2754,0.0,0.0,0.0,0.0,0.0,0.0
2755,0.0,0.0,0.0,0.0,0.0,0.0
2756,0.0,0.0,0.0,0.0,0.0,0.0
2757,0.0,0.0,0.0,0.0,0.0,0.0
2758,0.0,0.0,0.0,0.0,0.0,0.0
2759,0.0,0.0,0.0,0.0,0.0,0.0
2760,0.0,0.0,0.0,0.0,0.0,0.0
2761,0.0,0.0,0.0,0.0,0.0,0.0
2762,0.0,0.0,0.0,0.0,0.0,0.0
2763,0.0,0.0,0.0,0.0,0.0,0.0
2764,0.0,0.0,0.0,0.0,0.0,0.0
2765,0.0,0.0,0.0,0.0,0.0,0.0
2766,0.0,0.0,0.0,0.0,0.0,0.0
2767,0.0,0.0,0.0,0.0,0.0,0.0
2768,0.0,0.0,0.0,0.0,0.0,0.0
2769,0.0,0.0,0.0,0.0,0.0,0.0
2770,0.0,0.0,0.0,0.0,0.0,0.0
2771,0.0,0.0,0.0,0.0,0.0,0.0
2772,0.0,0.0,0.0,0.0,0.0,0.0
2773,0.0,0.0,0.0,0.0,0.0,0.0
2774,0.0,0.0,0.0,0.0,0.0,0.0
2775,0.0,0.0,0.0,0.0,0.0,0.0
2776,0.0,0.0,0.0,0.0,0.0,0.0
2777,0.0,0.0,0.0,0.0,0.0,0.0
2778,0.0,0.0,0.0,0.0,0.0,0.0
2779,0.0,0.0,0.0,0.0,0.0,0.0
2780,0.0,0.0,0.0,0.0,0.0,0.0
2781,0.0,0.0,0.0,0.0,0.0,0.0
2782,0.0,0.0,0.0,0.0,0.0,0.0
2783,0.0,0.0,0.0,0.0,0.0,0.0
2784,0.0,0.0,0.0,0.0,0.0,0.0
2785,0.0,0.0,0.0,0.0,0.0,0.0
2786,0.0,0.0,0.0,0.0,0.0,0.0
2787,0.0,0.0,0.0,0.0,0.0,0.0
2788,0.0,0.0,0.0,0.0,0.0,0.0
2789,0.0,0.0,0.0,0.0,0.0,0.0
2790,0.0,0.0,0.0,0.0,0.0,0.0
2791,0.0,0.0,0.0,0.0,0.0,0.0
2792,0.0,0.0,0.0,0.0,0.0,0.0
2793,0.0,0.0,0.0,0.0,0.0,0.0
2794,0.0,0.0,0.0,0.0,0.0,0.0
2795,0.0,0.0,0.0,0.0,0.0,0.0
2796,0.0,0.0,0.0,0.0,0.0,0.0
2797,0.0,0.0,0.0,0.0,0.0,0.0
2798,0.0,0.0,0.0,0.0,0.0,0.0
2799,0.0,0.0,0.0,0.0,0.0,0.0
2800,0.0,0.0,0.0,0.0,0.0,0.0
2801,0.0,0.0,0.0,0.0,0.0,0.0
2802,0.0,0.0,0.0,0.0,0.0,0.0
2803,0.0,0.0,0.0,0.0,0.0,0.0
2804,0.0,0.0,0.0,0.0,0.0,0.0
2805,0.0,0.0,0.0,0.0,0.0,0.0
2806,0.0,0.0,0.0,0.0,0.0,0.0
2807,0.0,0.0,0.0,0.0,0.0,0.0
2808,0.0,0.0,0.0,0.0,0.0,0.0
2809,0.0,0.0,0.0,0.0,0.0,0.0
2810,0.0,0.0,0.0,0.0,0.0,0.0
2811,0.0,0.0,0.0,0.0,0.0,0.0
2812,0.0,0.0,0.0,0.0,0.0,0.0
2813,0.0,0.0,0.0,0.0,0.0,0.0
2814,0.0,0.0,0.0,0.0,0.0,0.0
2815,0.0,0.0,0.0,0.0,0.0,0.0
2816,0.0,0.0,0.0,0.0,0.0,0.0
2817,0.0,0.0,0.0,0.0,0.0,0.0
2818,0.0,10374.453470725135,0.0,0.0,0.0,0.0
2819,0.0,12466.81607645795,0.0,0.0,0.0,0.0
2820,0.0,17105.483350406714,0.0,0.0,0.0,0.0
2821,0.0,12943.6815631065,0.0,0.0,0.0,0.0
2822,0.0,7449.219985171241,0.0,0.0,0.0,0.0
2823,0.0,0.0,0.0,0.0,0.0,0.0
2824,0.0,0.0,0.0,0.0,0.0,0.0
2825,0.0,0.0,0.0,0.0,0.0,0.0
2826,0.0,0.0,0.0,0.0,0.0,0.0
2827,0.0,0.0,0.0,0.0,0.0,0.0
2828,0.0,0.0,0.0,0.0,0.0,0.0
2829,0.0,0.0,0.0,0.0,0.0,0.0
2830,0.0,0.0,0.0,0.0,0.0,0.0
2831,0.0,0.0,0.0,0.0,0.0,0.0
2832,0.0,0.0,0.0,0.0,0.0,0.0
2833,0.0,0.0,0.0,0.0,0.0,0.0
2834,0.0,0.0,0.0,0.0,0.0,0.0
2835,0.0,0.0,0.0,0.0,0.0,0.0
2836,0.0,0.0,0.0,0.0,0.0,0.0
2837,0.0,0.0,0.0,0.0,0.0,0.0
2838,0.0,0.0,0.0,0.0,0.0,0.0
2839,0.0,0.0,0.0,0.0,0.0,0.0
2840,0.0,0.0,0.0,0.0,0.0,0.0
2841,0.0,0.0,0.0,0.0,0.0,0.0
2842,0.0,5466.494838808805,0.0,0.0,0.0,0.0
2843,0.0,1702.2703779771782,0.0,0.0,0.0,0.0
2844,0.0,0.0,0.0,0.0,0.0,0.0
2845,0.0,0.0,0.0,0.0,0.0,0.0
2846,0.0,0.0,0.0,0.0,0.0,0.0
2847,0.0,0.0,0.0,0.0,0.0,0.0
2848,0.0,0.0,0.0,0.0,0.0,0.0
2849,0.0,0.0,0.0,0.0,0.0,0.0
2850,0.0,0.0,0.0,0.0,0.0,0.0
2851,0.0,0.0,0.0,0.0,0.0,0.0
2852,0.0,0.0,0.0,0.0,0.0,0.0
2853,0.0,0.0,0.0,0.0,0.0,0.0
2854,0.0,0.0,0.0,0.0,0.0,0.0
2855,0.0,0.0,0.0,0.0,0.0,0.0
2856,0.0,0.0,0.0,0.0,0.0,0.0
2857,0.0,0.0,0.0,0.0,0.0,0.0
2858,0.0,0.0,0.0,0.0,0.0,0.0
2859,0.0,0.0,0.0,0.0,0.0,0.0
2860,0.0,0.0,0.0,0.0,0.0,0.0
2861,0.0,0.0,0.0,0.0,0.0,0.0
2862,0.0,0.0,0.0,0.0,0.0,0.0
2863,0.0,0.0,0.0,0.0,0.0,0.0
2864,0.0,0.0,0.0,0.0,0.0,0.0
2865,0.0,0.0,0.0,0.0,0.0,0.0
2866,0.0,0.0,0.0,0.0,0.0,0.0
2867,0.0,0.0,0.0,0.0,0.0,0.0
2868,0.0,0.0,0.0,0.0,0.0,0.0
2869,0.0,0.0,0.0,0.0,0.0,0.0
2870,0.0,0.0,0.0,0.0,0.0,0.0
2871,0.0,0.0,0.0,0.0,0.0,0.0
2872,0.0,0.0,0.0,0.0,0.0,0.0
2873,0.0,0.0,0.0,0.0,0.0,0.0
2874,0.0,0.0,0.0,0.0,0.0,0.0
2875,0.0,0.0,0.0,0.0,0.0,0.0
2876,0.0,0.0,0.0,0.0,0.0,0.0
2877,0.0,0.0,0.0,0.0,0.0,0.0
2878,0.0,0.0,0.0,0.0,0.0,0.0
2879,0.0,0.0,0.0,0.0,0.0,0.0
2880,0.0,0.0,0.0,0.0,0.0,0.0
2881,0.0,0.0,0.0,0.0,0.0,0.0
2882,0.0,0.0,0.0,0.0,0.0,0.0
2883,0.0,0.0,0.0,0.0,0.0,0.0
2884,0.0,0.0,0.0,0.0,0.0,0.0
2885,0.0,0.0,0.0,0.0,0.0,0.0
2886,0.0,0.0,0.0,0.0,0.0,0.0
2887,0.0,0.0,0.0,0.0,0.0,0.0
2888,0.0,0.0,0.0,0.0,0.0,0.0
2889,0.0,0.0,0.0,0.0,0.0,0.0
2890,0.0,0.0,0.0,0.0,0.0,0.0
2891,0.0,0.0,0.0,0.0,0.0,0.0
2892,0.0,0.0,0.0,0.0,0.0,0.0
2893,0.0,0.0,0.0,0.0,0.0,0.0
2894,0.0,0.0,0.0,0.0,0.0,0.0
2895,0.0,0.0,0.0,0.0,0.0,0.0
2896,0.0,0.0,0.0,0.0,0.0,0.0
2897,0.0,0.0,0.0,0.0,0.0,0.0
2898,0.0,0.0,0.0,0.0,0.0,0.0
2899,0.0,0.0,0.0,0.0,0.0,0.0
2900,0.0,0.0,0.0,0.0,0.0,0.0
2901,0.0,0.0,0.0,0.0,0.0,0.0
2902,0.0,0.0,0.0,0.0,0.0,0.0
2903,0.0,0.0,0.0,0.0,0.0,0.0
2904,0.0,0.0,0.0,0.0,0.0,0.0
2905,0.0,0.0,0.0,0.0,0.0,0.0
2906,0.0,0.0,0.0,0.0,0.0,0.0
2907,0.0,0.0,0.0,0.0,0.0,0.0
2908,0.0,0.0,0.0,0.0,0.0,0.0
2909,0.0,0.0,0.0,0.0,0.0,0.0
2910,0.0,0.0,0.0,0.0,0.0,0.0
2911,0.0,0.0,0.0,0.0,0.0,0.0
2912,0.0,0.0,0.0,0.0,0.0,0.0
2913,0.0,0.0,0.0,0.0,0.0,0.0
2914,0.0,0.0,0.0,0.0,0.0,0.0
2915,0.0,0.0,0.0,0.0,0.0,0.0
2916,0.0,0.0,0.0,0.0,0.0,0.0
2917,0.0,0.0,0.0,0.0,0.0,0.0
2918,0.0,0.0,0.0,0.0,0.0,0.0
2919,0.0,0.0,0.0,0.0,0.0,0.0
2920,0.0,0.0,0.0,0.0,0.0,0.0
2921,0.0,0.0,0.0,0.0,0.0,0.0
2922,0.0,0.0,0.0,0.0,0.0,0.0
2923,0.0,0.0,0.0,0.0,0.0,0.0
2924,0.0,0.0,0.0,0.0,0.0,0.0
2925,0.0,0.0,0.0,0.0,0.0,0.0
2926,0.0,0.0,0.0,0.0,0.0,0.0
2927,0.0,0.0,0.0,0.0,0.0,0.0
2928,0.0,0.0,0.0,0.0,0.0,0.0
2929,0.0,0.0,0.0,0.0,0.0,0.0
2930,0.0,0.0,0.0,0.0,0.0,0.0
2931,0.0,0.0,0.0,0.0,0.0,0.0
2932,0.0,0.0,0.0,0.0,0.0,0.0
2933,0.0,0.0,0.0,0.0,0.0,0.0
2934,0.0,0.0,0.0,0.0,0.0,0.0
2935,0.0,0.0,0.0,0.0,0.0,0.0
2936,0.0,0.0,0.0,0.0,0.0,0.0
2937,0.0,0.0,0.0,0.0,0.0,0.0
2938,0.0,0.0,0.0,0.0,0.0,0.0
2939,0.0,0.0,0.0,0.0,0.0,0.0
2940,0.0,0.0,0.0,0.0,0.0,0.0
2941,0.0,0.0,0.0,0.0,0.0,0.0
2942,0.0,0.0,0.0,0.0,0.0,0.0
2943,0.0,0.0,0.0,0.0,0.0,0.0
2944,0.0,0.0,0.0,0.0,0.0,0.0
2945,0.0,0.0,0.0,0.0,0.0,0.0
2946,0.0,0.0,0.0,0.0,0.0,0.0
2947,0.0,0.0,0.0,0.0,0.0,0.0
2948,0.0,0.0,0.0,0.0,0.0,0.0
2949,0.0,0.0,0.0,0.0,0.0,0.0
2950,0.0,0.0,0.0,0.0,0.0,0.0
2951,0.0,0.0,0.0,0.0,0.0,0.0
2952,0.0,0.0,0.0,0.0,0.0,0.0
2953,0.0,0.0,0.0,0.0,0.0,0.0
2954,0.0,0.0,0.0,0.0,0.0,0.0
2955,0.0,0.0,0.0,0.0,0.0,0.0
2956,0.0,0.0,0.0,0.0,0.0,0.0
2957,0.0,0.0,0.0,0.0,0.0,0.0
2958,0.0,0.0,0.0,0.0,0.0,0.0
2959,0.0,0.0,0.0,0.0,0.0,0.0
2960,0.0,0.0,0.0,0.0,0.0,0.0
2961,0.0,0.0,0.0,0.0,0.0,0.0
2962,0.0,0.0,0.0,0.0,0.0,0.0
2963,0.0,0.0,0.0,0.0,0.0,0.0
2964,0.0,0.0,0.0,0.0,0.0,0.0
2965,0.0,0.0,0.0,0.0,0.0,0.0
2966,0.0,0.0,0.0,0.0,0.0,0.0
2967,0.0,0.0,0.0,0.0,0.0,0.0
2968,0.0,0.0,0.0,0.0,0.0,0.0
2969,0.0,0.0,0.0,0.0,0.0,0.0
2970,0.0,0.0,0.0,0.0,0.0,0.0
2971,0.0,0.0,0.0,0.0,0.0,0.0
2972,0.0,0.0,0.0,0.0,0.0,0.0
2973,0.0,0.0,0.0,0.0,0.0,0.0
2974,0.0,0.0,0.0,0.0,0.0,0.0
2975,0.0,0.0,0.0,0.0,0.0,0.0
2976,0.0,0.0,0.0,0.0,0.0,0.0
2977,0.0,0.0,0.0,0.0,0.0,0.0
2978,0.0,0.0,2321.6345760508943,0.0,0.0,0.0
2979,0.0,0.0,8876.024133764235,0.0,0.0,0.0
2980,0.0,0.0,9598.359913467013,0.0,0.0,0.0
2981,0.0,0.0,5823.938173359886,0.0,0.0,0.0
2982,0.0,1308.0687221406777,42.03291766491532,0.0,0.0,0.0
2983,0.0,8448.867867612269,0.0,0.0,0.0,0.0
2984,0.0,24040.884759922752,0.0,0.0,0.0,0.0
2985,0.0,40377.31565071864,0.0,0.0,0.0,0.0
2986,0.0,44630.453753046124,0.0,0.0,0.0,0.0
2987,0.0,33063.41983740133,5530.510079909057,0.0,0.0,0.0
2988,0.0,35209.618070559474,9926.576468334752,0.0,0.0,0.0
2989,0.0,34455.58395344709,11503.892809095501,0.0,0.0,0.0
2990,0.0,38530.79821809514,7798.330152619545,0.0,0.0,0.0
2991,0.0,40424.52652323924,3108.9941018046034,0.0,0.0,0.0
2992,0.0,37072.031873773594,1132.1883834678374,0.0,0.0,0.0
2993,0.0,11165.306359088549,0.0,0.0,0.0,0.0
2994,0.0,0.0,0.0,0.0,0.0,0.0
2995,0.0,0.0,0.0,0.0,0.0,0.0
2996,0.0,0.0,0.0,0.0,0.0,0.0
2997,0.0,0.0,0.0,0.0,0.0,0.0
2998,0.0,0.0,0.0,0.0,0.0,0.0
2999,0.0,0.0,0.0,0.0,0.0,0.0
3000,0.0,0.0,0.0,0.0,0.0,0.0
3001,0.0,0.0,0.0,0.0,0.0,0.0
3002,0.0,0.0,0.0,0.0,0.0,0.0
3003,0.0,0.0,0.0,0.0,0.0,0.0
3004,0.0,0.0,0.0,0.0,0.0,0.0
3005,0.0,0.0,0.0,0.0,0.0,0.0
3006,0.0,0.0,0.0,0.0,0.0,0.0
3007,0.0,2836.760890258152,0.0,0.0,0.0,0.0
3008,0.0,30014.93617137189,0.0,0.0,0.0,0.0
3009,0.0,39845.81971541955,0.0,0.0,0.0,0.0
3010,0.0,37910.939924812425,0.0,0.0,0.0,0.0
3011,0.0,38223.815660814,0.0,0.0,0.0,0.0
3012,0.0,40936.04360020398,0.0,0.0,0.0,0.0
3013,0.0,37077.274185180024,0.0,0.0,0.0,0.0
3014,0.0,36345.44748909777,0.0,0.0,0.0,0.0
3015,0.0,38978.93984657278,0.0,0.0,0.0,0.0
3016,0.0,42843.480557337396,0.0,0.0,0.0,0.0
3017,0.0,28697.615662229477,0.0,0.0,0.0,0.0
3018,0.0,14454.553024017157,0.0,0.0,0.0,0.0
3019,0.0,4781.3024456271205,0.0,0.0,0.0,0.0
3020,0.0,3594.908459589358,0.0,0.0,0.0,0.0
3021,0.0,4816.023652308911,0.0,0.0,0.0,0.0
3022,0.0,3286.749634062528,0.0,0.0,0.0,0.0
3023,0.0,1157.9257894821842,0.0,0.0,0.0,0.0
3024,0.0,237.5850019456965,0.0,0.0,0.0,0.0
3025,0.0,0.0,0.0,0.0,0.0,0.0
3026,0.0,0.0,0.0,0.0,0.0,0.0
3027,0.0,0.0,0.0,0.0,0.0,0.0
3028,0.0,0.0,0.0,0.0,0.0,0.0
3029,0.0,0.0,0.0,0.0,0.0,0.0
3030,0.0,0.0,0.0,0.0,0.0,0.0
3031,0.0,0.0,0.0,0.0,0.0,0.0
3032,0.0,0.0,0.0,0.0,0.0,0.0
3033,0.0,0.0,0.0,0.0,0.0,0.0
3034,0.0,0.0,0.0,0.0,0.0,0.0
3035,0.0,0.0,0.0,0.0,0.0,0.0
3036,0.0,0.0,0.0,0.0,0.0,0.0
3037,0.0,0.0,0.0,0.0,0.0,0.0
3038,0.0,0.0,0.0,0.0,0.0,0.0
3039,0.0,0.0,0.0,0.0,0.0,0.0
3040,0.0,0.0,0.0,0.0,0.0,0.0
3041,0.0,0.0,0.0,0.0,0.0,0.0
3042,0.0,0.0,0.0,0.0,0.0,0.0
3043,0.0,0.0,0.0,0.0,0.0,0.0
3044,0.0,0.0,0.0,0.0,0.0,0.0
3045,0.0,0.0,0.0,0.0,0.0,0.0
3046,0.0,0.0,0.0,0.0,0.0,0.0
3047,0.0,0.0,0.0,0.0,0.0,0.0
3048,0.0,0.0,0.0,0.0,0.0,0.0
3049,0.0,0.0,0.0,0.0,0.0,0.0
3050,0.0,0.0,0.0,0.0,0.0,0.0
3051,0.0,0.0,0.0,0.0,0.0,0.0
3052,0.0,0.0,0.0,0.0,0.0,0.0
3053,0.0,0.0,0.0,0.0,0.0,0.0
3054,0.0,0.0,0.0,0.0,0.0,0.0
3055,0.0,0.0,0.0,0.0,0.0,0.0
3056,0.0,0.0,0.0,0.0,0.0,0.0
3057,0.0,0.0,0.0,0.0,0.0,0.0
3058,0.0,348.70426945856536,0.0,0.0,0.0,0.0
3059,0.0,18973.482848716474,0.0,0.0,0.0,0.0
3060,0.0,15807.909273623394,0.0,0.0,0.0,0.0
3061,0.0,0.0,0.0,0.0,0.0,0.0
3062,0.0,0.0,0.0,0.0,0.0,0.0
3063,0.0,0.0,0.0,0.0,0.0,0.0
3064,0.0,0.0,0.0,0.0,0.0,0.0
3065,0.0,0.0,0.0,0.0,0.0,0.0
3066,0.0,0.0,0.0,0.0,0.0,0.0
3067,0.0,0.0,0.0,0.0,0.0,0.0
3068,0.0,0.0,0.0,0.0,0.0,0.0
3069,0.0,0.0,0.0,0.0,0.0,0.0
3070,0.0,0.0,0.0,0.0,0.0,0.0
3071,0.0,0.0,0.0,0.0,0.0,0.0
3072,0.0,0.0,0.0,0.0,0.0,0.0
3073,0.0,0.0,0.0,0.0,0.0,0.0
3074,0.0,0.0,0.0,0.0,0.0,0.0
3075,0.0,0.0,0.0,0.0,0.0,0.0
3076,0.0,0.0,0.0,0.0,0.0,0.0
3077,0.0,0.0,0.0,0.0,0.0,0.0
3078,0.0,0.0,0.0,0.0,0.0,0.0
3079,0.0,0.0,0.0,0.0,0.0,0.0
3080,0.0,6628.423433744984,0.0,0.0,0.0,0.0
3081,0.0,30581.092085970464,0.0,0.0,0.0,0.0
3082,0.0,40680.07548361281,0.0,0.0,0.0,0.0
3083,0.0,38509.75204616185,0.0,0.0,0.0,0.0
3084,0.0,37464.967299555785,0.0,0.0,0.0,0.0
3085,0.0,40565.08818969095,0.0,0.0,0.0,0.0
3086,0.0,21376.619520744127,0.0,0.0,0.0,0.0
3087,0.0,22335.1730132486,0.0,0.0,0.0,0.0
3088,0.0,25404.29768377861,0.0,0.0,0.0,0.0
3089,0.0,16403.415025896036,0.0,0.0,0.0,0.0
3090,0.0,0.0,0.0,0.0,0.0,0.0
3091,0.0,0.0,0.0,0.0,0.0,0.0
3092,0.0,0.0,0.0,0.0,0.0,0.0
3093,0.0,0.0,0.0,0.0,0.0,0.0
3094,0.0,0.0,0.0,0.0,0.0,0.0
3095,0.0,0.0,0.0,0.0,0.0,0.0
3096,0.0,0.0,0.0,0.0,0.0,0.0
3097,0.0,0.0,0.0,0.0,0.0,0.0
3098,0.0,0.0,0.0,0.0,0.0,0.0
3099,0.0,0.0,0.0,0.0,0.0,0.0
3100,0.0,0.0,0.0,0.0,0.0,0.0
3101,0.0,0.0,0.0,0.0,0.0,0.0
3102,0.0,0.0,0.0,0.0,0.0,0.0
3103,0.0,0.0,0.0,0.0,0.0,0.0
3104,0.0,0.0,0.0,0.0,0.0,0.0
3105,0.0,0.0,0.0,0.0,0.0,0.0
3106,0.0,0.0,0.0,0.0,0.0,0.0
3107,0.0,0.0,0.0,0.0,0.0,0.0
3108,0.0,14064.836681683937,0.0,0.0,0.0,0.0
3109,0.0,16151.633726695496,0.0,0.0,0.0,0.0
3110,0.0,11294.447612385778,0.0,0.0,0.0,0.0
3111,0.0,0.0,0.0,0.0,0.0,0.0
3112,0.0,0.0,0.0,0.0,0.0,0.0
3113,0.0,0.0,0.0,0.0,0.0,0.0
3114,0.0,0.0,0.0,0.0,0.0,0.0
3115,0.0,0.0,0.0,0.0,0.0,0.0
3116,0.0,0.0,0.0,0.0,0.0,0.0
3117,0.0,0.0,0.0,0.0,0.0,0.0
3118,0.0,0.0,0.0,0.0,0.0,0.0
3119,0.0,0.0,0.0,0.0,0.0,0.0
3120,0.0,0.0,0.0,0.0,0.0,0.0
3121,0.0,0.0,0.0,0.0,0.0,0.0
3122,0.0,0.0,0.0,0.0,0.0,0.0
3123,0.0,0.0,0.0,0.0,0.0,0.0
3124,0.0,0.0,0.0,0.0,0.0,0.0
3125,0.0,0.0,0.0,0.0,0.0,0.0
3126,0.0,0.0,0.0,0.0,0.0,0.0
3127,0.0,0.0,0.0,0.0,0.0,0.0
3128,0.0,0.0,0.0,0.0,0.0,0.0
3129,0.0,0.0,0.0,0.0,0.0,0.0
3130,0.0,0.0,0.0,0.0,0.0,0.0
3131,0.0,3289.6242373912937,0.0,0.0,0.0,0.0
3132,0.0,21624.18196606875,0.0,0.0,0.0,0.0
3133,0.0,32329.42392589829,0.0,0.0,0.0,0.0
3134,0.0,11601.796169342924,0.0,0.0,0.0,0.0
3135,0.0,0.0,0.0,0.0,0.0,0.0
3136,0.0,0.0,0.0,0.0,0.0,0.0
3137,0.0,0.0,0.0,0.0,0.0,0.0
3138,0.0,0.0,0.0,0.0,0.0,0.0
3139,0.0,0.0,0.0,0.0,0.0,0.0
3140,0.0,0.0,0.0,0.0,0.0,0.0
3141,0.0,0.0,0.0,0.0,0.0,0.0
3142,0.0,0.0,0.0,0.0,0.0,0.0
3143,0.0,0.0,0.0,0.0,0.0,0.0
3144,0.0,0.0,0.0,0.0,0.0,0.0
3145,0.0,0.0,0.0,0.0,0.0,0.0
3146,0.0,0.0,0.0,0.0,0.0,0.0
3147,0.0,0.0,0.0,0.0,0.0,0.0
3148,0.0,0.0,0.0,0.0,0.0,0.0
3149,0.0,0.0,0.0,0.0,0.0,0.0
3150,0.0,0.0,0.0,0.0,0.0,0.0
3151,0.0,0.0,0.0,0.0,0.0,0.0
3152,0.0,0.0,0.0,0.0,0.0,0.0
3153,0.0,0.0,0.0,0.0,0.0,0.0
3154,0.0,0.0,0.0,0.0,0.0,0.0
3155,0.0,0.0,0.0,0.0,0.0,0.0
3156,0.0,0.0,0.0,0.0,0.0,0.0
3157,0.0,2567.4659308449686,0.0,0.0,0.0,0.0
3158,0.0,9792.073490918996,0.0,0.0,0.0,0.0
3159,0.0,10209.808761336277,0.0,0.0,0.0,0.0
3160,0.0,5277.798420166407,0.0,0.0,0.0,0.0
3161,0.0,0.0,0.0,0.0,0.0,0.0
3162,0.0,0.0,0.0,0.0,0.0,0.0
3163,0.0,0.0,0.0,0.0,0.0,0.0
3164,0.0,0.0,0.0,0.0,0.0,0.0
3165,0.0,0.0,0.0,0.0,0.0,0.0
3166,0.0,0.0,0.0,0.0,0.0,0.0
3167,0.0,0.0,0.0,0.0,0.0,0.0
3168,0.0,0.0,0.0,0.0,0.0,0.0
3169,0.0,0.0,0.0,0.0,0.0,0.0
3170,0.0,0.0,0.0,0.0,0.0,0.0
3171,0.0,0.0,0.0,0.0,0.0,0.0
3172,0.0,0.0,0.0,0.0,0.0,0.0
3173,0.0,0.0,0.0,0.0,0.0,0.0
3174,0.0,0.0,0.0,0.0,0.0,0.0
3175,0.0,0.0,0.0,0.0,0.0,0.0
3176,0.0,0.0,0.0,0.0,0.0,0.0
3177,0.0,0.0,0.0,0.0,0.0,0.0
3178,0.0,12153.034354685515,0.0,0.0,0.0,0.0
3179,0.0,26106.222209242827,0.0,0.0,0.0,0.0
3180,0.0,31434.45233880819,0.0,0.0,0.0,0.0
3181,0.0,24750.82776767058,0.0,0.0,0.0,0.0
3182,0.0,10986.4608999893,0.0,0.0,0.0,0.0
3183,0.0,0.0,0.0,0.0,0.0,0.0
3184,0.0,0.0,0.0,0.0,0.0,0.0
3185,0.0,0.0,0.0,0.0,0.0,0.0
3186,0.0,0.0,0.0,0.0,0.0,0.0
3187,0.0,0.0,0.0,0.0,0.0,0.0
3188,0.0,0.0,0.0,0.0,0.0,0.0
3189,0.0,0.0,0.0,0.0,0.0,0.0
3190,0.0,0.0,0.0,0.0,0.0,0.0
3191,0.0,0.0,0.0,0.0,0.0,0.0
3192,0.0,0.0,0.0,0.0,0.0,0.0
3193,0.0,0.0,0.0,0.0,0.0,0.0
3194,0.0,0.0,0.0,0.0,0.0,0.0
3195,0.0,0.0,0.0,0.0,0.0,0.0
3196,0.0,0.0,0.0,0.0,0.0,0.0
3197,0.0,0.0,0.0,0.0,0.0,0.0
3198,0.0,0.0,0.0,0.0,0.0,0.0
3199,0.0,0.0,0.0,0.0,0.0,0.0
3200,0.0,0.0,0.0,0.0,0.0,0.0
3201,0.0,0.0,0.0,0.0,0.0,0.0
3202,0.0,0.0,0.0,0.0,0.0,0.0
3203,0.0,0.0,0.0,0.0,0.0,0.0
3204,0.0,0.0,0.0,0.0,0.0,0.0
3205,0.0,0.0,0.0,0.0,0.0,0.0
3206,0.0,0.0,0.0,0.0,0.0,0.0
3207,0.0,0.0,0.0,0.0,0.0,0.0
3208,0.0,0.0,0.0,0.0,0.0,0.0
3209,0.0,0.0,0.0,0.0,0.0,0.0
3210,0.0,0.0,0.0,0.0,0.0,0.0
3211,0.0,0.0,0.0,0.0,0.0,0.0
3212,0.0,0.0,0.0,0.0,0.0,0.0
3213,0.0,0.0,0.0,0.0,0.0,0.0
3214,0.0,0.0,0.0,0.0,0.0,0.0
3215,0.0,0.0,0.0,0.0,0.0,0.0
3216,0.0,0.0,0.0,0.0,0.0,0.0
3217,0.0,0.0,0.0,0.0,0.0,0.0
3218,0.0,0.0,0.0,0.0,0.0,0.0
3219,0.0,0.0,0.0,0.0,0.0,0.0
3220,0.0,0.0,0.0,0.0,0.0,0.0
3221,0.0,0.0,0.0,0.0,0.0,0.0
3222,0.0,0.0,0.0,0.0,0.0,0.0
3223,0.0,0.0,0.0,0.0,0.0,0.0
3224,0.0,0.0,0.0,0.0,0.0,0.0
3225,0.0,0.0,0.0,0.0,0.0,0.0
3226,0.0,0.0,0.0,0.0,0.0,0.0
3227,0.0,0.0,0.0,0.0,0.0,0.0
3228,0.0,13713.618568134576,0.0,0.0,0.0,0.0
3229,0.0,24618.001645645152,0.0,0.0,0.0,0.0
3230,0.0,21718.597367035545,0.0,0.0,0.0,0.0
3231,0.0,10570.767906352743,0.0,0.0,0.0,0.0
3232,0.0,0.0,0.0,0.0,0.0,0.0
3233,0.0,0.0,0.0,0.0,0.0,0.0
3234,0.0,0.0,0.0,0.0,0.0,0.0
3235,0.0,0.0,0.0,0.0,0.0,0.0
3236,0.0,0.0,0.0,0.0,0.0,0.0
3237,0.0,0.0,0.0,0.0,0.0,0.0
3238,0.0,0.0,0.0,0.0,0.0,0.0
3239,0.0,0.0,0.0,0.0,0.0,0.0
3240,0.0,0.0,0.0,0.0,0.0,0.0
3241,0.0,0.0,0.0,0.0,0.0,0.0
3242,0.0,0.0,0.0,0.0,0.0,0.0
3243,0.0,0.0,0.0,0.0,0.0,0.0
3244,0.0,0.0,0.0,0.0,0.0,0.0
3245,0.0,0.0,0.0,0.0,0.0,0.0
3246,0.0,0.0,0.0,0.0,0.0,0.0
3247,0.0,0.0,0.0,0.0,0.0,0.0
3248,0.0,0.0,0.0,0.0,0.0,0.0
3249,0.0,0.0,0.0,0.0,0.0,0.0
3250,0.0,0.0,0.0,0.0,0.0,0.0
3251,0.0,0.0,0.0,0.0,0.0,0.0
3252,0.0,0.0,0.0,0.0,0.0,0.0
3253,0.0,0.0,0.0,0.0,0.0,0.0
3254,0.0,0.0,0.0,0.0,0.0,0.0
3255,0.0,0.0,0.0,0.0,0.0,0.0
3256,0.0,0.0,0.0,0.0,0.0,0.0
3257,0.0,0.0,0.0,0.0,0.0,0.0
3258,0.0,0.0,0.0,0.0,0.0,0.0
3259,0.0,0.0,0.0,0.0,0.0,0.0
3260,0.0,0.0,0.0,0.0,0.0,0.0
3261,0.0,0.0,0.0,0.0,0.0,0.0
3262,0.0,0.0,0.0,0.0,0.0,0.0
3263,0.0,0.0,0.0,0.0,0.0,0.0
3264,0.0,0.0,0.0,0.0,0.0,0.0
3265,0.0,0.0,0.0,0.0,0.0,0.0
3266,0.0,0.0,0.0,0.0,0.0,0.0
3267,0.0,0.0,0.0,0.0,0.0,0.0
3268,0.0,0.0,0.0,0.0,0.0,0.0
3269,0.0,0.0,0.0,0.0,0.0,0.0
3270,0.0,0.0,0.0,0.0,0.0,0.0
3271,0.0,0.0,0.0,0.0,0.0,0.0
3272,0.0,0.0,0.0,0.0,0.0,0.0
3273,0.0,0.0,0.0,0.0,0.0,0.0
3274,0.0,0.0,0.0,0.0,0.0,0.0
3275,0.0,0.0,0.0,0.0,0.0,0.0
3276,0.0,0.0,0.0,0.0,0.0,0.0
3277,0.0,7606.1349565928695,0.0,0.0,0.0,0.0
3278,0.0,3535.2731350911654,0.0,0.0,0.0,0.0
3279,0.0,0.0,0.0,0.0,0.0,0.0
3280,0.0,0.0,0.0,0.0,0.0,0.0
3281,0.0,0.0,0.0,0.0,0.0,0.0
3282,0.0,0.0,0.0,0.0,0.0,0.0
3283,0.0,0.0,0.0,0.0,0.0,0.0
3284,0.0,0.0,0.0,0.0,0.0,0.0
3285,0.0,0.0,0.0,0.0,0.0,0.0
3286,0.0,0.0,0.0,0.0,0.0,0.0
3287,0.0,0.0,0.0,0.0,0.0,0.0
3288,0.0,0.0,0.0,0.0,0.0,0.0
3289,0.0,0.0,0.0,0.0,0.0,0.0
3290,0.0,0.0,0.0,0.0,0.0,0.0
3291,0.0,0.0,0.0,0.0,0.0,0.0
3292,0.0,0.0,0.0,0.0,0.0,0.0
3293,0.0,0.0,0.0,0.0,0.0,0.0
3294,0.0,0.0,0.0,0.0,0.0,0.0
3295,0.0,0.0,0.0,0.0,0.0,0.0
3296,0.0,0.0,0.0,0.0,0.0,0.0
3297,0.0,0.0,0.0,0.0,0.0,0.0
3298,0.0,13497.70273149043,0.0,0.0,0.0,0.0
3299,0.0,20803.06317542027,0.0,0.0,0.0,0.0
3300,0.0,52333.87454005351,0.0,0.0,0.0,0.0
3301,0.0,32667.33427415665,0.0,0.0,0.0,0.0
3302,0.0,45297.50280628541,0.0,0.0,0.0,0.0
3303,0.0,32421.27552867222,0.0,0.0,0.0,0.0
3304,0.0,22601.423457357327,0.0,0.0,0.0,0.0
3305,0.0,15952.792407570163,0.0,0.0,0.0,0.0
3306,0.0,0.0,0.0,0.0,0.0,0.0
3307,0.0,0.0,0.0,0.0,0.0,0.0
3308,0.0,0.0,0.0,0.0,0.0,0.0
3309,0.0,0.0,0.0,0.0,0.0,0.0
3310,0.0,0.0,0.0,0.0,0.0,0.0
3311,0.0,0.0,0.0,0.0,0.0,0.0
3312,0.0,0.0,0.0,0.0,0.0,0.0
3313,0.0,0.0,0.0,0.0,0.0,0.0
3314,0.0,0.0,0.0,0.0,0.0,0.0
3315,0.0,0.0,0.0,0.0,0.0,0.0
3316,0.0,0.0,0.0,0.0,0.0,0.0
3317,0.0,0.0,0.0,0.0,0.0,0.0
3318,0.0,0.0,0.0,0.0,0.0,0.0
3319,0.0,253.98724303026654,0.0,0.0,0.0,0.0
3320,0.0,20220.616864456704,0.0,0.0,0.0,0.0
3321,0.0,25307.002445625847,0.0,0.0,0.0,0.0
3322,0.0,28041.451453172685,0.0,0.0,0.0,0.0
3323,0.0,29091.7612638742,0.0,0.0,0.0,0.0
3324,0.0,30991.40469215055,0.0,0.0,0.0,0.0
3325,0.0,28200.45827100803,0.0,0.0,0.0,0.0
3326,0.0,30257.089024990502,0.0,0.0,0.0,0.0
3327,0.0,20843.93704773433,0.0,0.0,0.0,0.0
3328,0.0,14436.495055346466,0.0,0.0,0.0,0.0
3329,0.0,0.0,0.0,0.0,0.0,0.0
3330,0.0,0.0,0.0,0.0,0.0,0.0
3331,0.0,0.0,0.0,0.0,0.0,0.0
3332,0.0,0.0,0.0,0.0,0.0,0.0
3333,0.0,0.0,0.0,0.0,0.0,0.0
3334,0.0,0.0,0.0,0.0,0.0,0.0
3335,0.0,0.0,0.0,0.0,0.0,0.0
3336,0.0,0.0,0.0,0.0,0.0,0.0
3337,0.0,0.0,0.0,0.0,0.0,0.0
3338,0.0,0.0,0.0,0.0,0.0,0.0
3339,0.0,0.0,0.0,0.0,0.0,0.0
3340,0.0,0.0,0.0,0.0,0.0,0.0
3341,0.0,0.0,0.0,0.0,0.0,0.0
3342,0.0,0.0,0.0,0.0,0.0,0.0
3343,0.0,0.0,0.0,0.0,0.0,0.0
3344,0.0,0.0,0.0,0.0,0.0,0.0
3345,0.0,0.0,0.0,0.0,0.0,0.0
3346,0.0,0.0,0.0,0.0,0.0,0.0
3347,0.0,0.0,0.0,0.0,0.0,0.0
3348,0.0,0.0,0.0,0.0,0.0,0.0
3349,0.0,0.0,0.0,0.0,0.0,0.0
3350,0.0,0.0,0.0,0.0,0.0,0.0
3351,0.0,0.0,0.0,0.0,0.0,0.0
3352,0.0,0.0,0.0,0.0,0.0,0.0
3353,0.0,0.0,0.0,0.0,0.0,0.0
3354,0.0,0.0,0.0,0.0,0.0,0.0
3355,0.0,0.0,0.0,0.0,0.0,0.0
3356,0.0,0.0,0.0,0.0,0.0,0.0
3357,0.0,0.0,0.0,0.0,0.0,0.0
3358,0.0,0.0,0.0,0.0,0.0,0.0
3359,0.0,0.0,0.0,0.0,0.0,0.0
3360,0.0,0.0,0.0,0.0,0.0,0.0
3361,0.0,0.0,0.0,0.0,0.0,0.0
3362,0.0,0.0,0.0,0.0,0.0,0.0
3363,0.0,0.0,0.0,0.0,0.0,0.0
3364,0.0,0.0,0.0,0.0,0.0,0.0
3365,0.0,0.0,0.0,0.0,0.0,0.0
3366,0.0,0.0,0.0,0.0,0.0,0.0
3367,0.0,0.0,0.0,0.0,0.0,0.0
3368,0.0,0.0,0.0,0.0,0.0,0.0
3369,0.0,0.0,0.0,0.0,0.0,0.0
3370,0.0,6695.868877273217,0.0,0.0,0.0,0.0
3371,0.0,0.0,0.0,0.0,0.0,0.0
3372,0.0,0.0,0.0,0.0,0.0,0.0
3373,0.0,0.0,0.0,0.0,0.0,0.0
3374,0.0,0.0,0.0,0.0,0.0,0.0
3375,0.0,0.0,0.0,0.0,0.0,0.0
3376,0.0,0.0,0.0,0.0,0.0,0.0
3377,0.0,0.0,0.0,0.0,0.0,0.0
3378,0.0,0.0,0.0,0.0,0.0,0.0
3379,0.0,0.0,0.0,0.0,0.0,0.0
3380,0.0,0.0,0.0,0.0,0.0,0.0
3381,0.0,0.0,0.0,0.0,0.0,0.0
3382,0.0,0.0,0.0,0.0,0.0,0.0
3383,0.0,0.0,0.0,0.0,0.0,0.0
3384,0.0,0.0,0.0,0.0,0.0,0.0
3385,0.0,0.0,0.0,0.0,0.0,0.0
3386,0.0,0.0,0.0,0.0,0.0,0.0
3387,0.0,0.0,0.0,0.0,0.0,0.0
3388,0.0,0.0,0.0,0.0,0.0,0.0
3389,0.0,0.0,0.0,0.0,0.0,0.0
3390,0.0,0.0,0.0,0.0,0.0,0.0
3391,0.0,0.0,0.0,0.0,0.0,0.0
3392,0.0,0.0,0.0,0.0,0.0,0.0
3393,0.0,0.0,0.0,0.0,0.0,0.0
3394,0.0,0.0,0.0,0.0,0.0,0.0
3395,0.0,9678.497659446704,0.0,0.0,0.0,0.0
3396,0.0,27667.159298119266,0.0,0.0,0.0,0.0
3397,0.0,20570.384895144078,0.0,0.0,0.0,0.0
3398,0.0,0.0,0.0,0.0,0.0,0.0
3399,0.0,0.0,0.0,0.0,0.0,0.0
3400,0.0,0.0,0.0,0.0,0.0,0.0
3401,0.0,0.0,0.0,0.0,0.0,0.0
3402,0.0,0.0,0.0,0.0,0.0,0.0
3403,0.0,0.0,0.0,0.0,0.0,0.0
3404,0.0,0.0,0.0,0.0,0.0,0.0
3405,0.0,0.0,0.0,0.0,0.0,0.0
3406,0.0,0.0,0.0,0.0,0.0,0.0
3407,0.0,0.0,0.0,0.0,0.0,0.0
3408,0.0,0.0,0.0,0.0,0.0,0.0
3409,0.0,0.0,0.0,0.0,0.0,0.0
3410,0.0,0.0,0.0,0.0,0.0,0.0
3411,0.0,0.0,0.0,0.0,0.0,0.0
3412,0.0,0.0,0.0,0.0,0.0,0.0
3413,0.0,0.0,0.0,0.0,0.0,0.0
3414,0.0,0.0,0.0,0.0,0.0,0.0
3415,0.0,0.0,0.0,0.0,0.0,0.0
3416,0.0,0.0,0.0,0.0,0.0,0.0
3417,0.0,0.0,0.0,0.0,0.0,0.0
3418,0.0,0.0,0.0,0.0,0.0,0.0
3419,0.0,0.0,0.0,0.0,0.0,0.0
3420,0.0,0.0,0.0,0.0,0.0,0.0
3421,0.0,0.0,0.0,0.0,0.0,0.0
3422,0.0,0.0,0.0,0.0,0.0,0.0
3423,0.0,0.0,0.0,0.0,0.0,0.0
3424,0.0,0.0,0.0,0.0,0.0,0.0
3425,0.0,0.0,0.0,0.0,0.0,0.0
3426,0.0,0.0,0.0,0.0,0.0,0.0
3427,0.0,0.0,0.0,0.0,0.0,0.0
3428,0.0,0.0,0.0,0.0,0.0,0.0
3429,0.0,0.0,0.0,0.0,0.0,0.0
3430,0.0,0.0,0.0,0.0,0.0,0.0
3431,0.0,0.0,0.0,0.0,0.0,0.0
3432,0.0,0.0,0.0,0.0,0.0,0.0
3433,0.0,0.0,0.0,0.0,0.0,0.0
3434,0.0,0.0,0.0,0.0,0.0,0.0
3435,0.0,0.0,0.0,0.0,0.0,0.0
3436,0.0,0.0,0.0,0.0,0.0,0.0
3437,0.0,0.0,0.0,0.0,0.0,0.0
3438,0.0,0.0,0.0,0.0,0.0,0.0
3439,0.0,0.0,0.0,0.0,0.0,0.0
3440,0.0,0.0,0.0,0.0,0.0,0.0
3441,0.0,0.0,0.0,0.0,0.0,0.0
3442,0.0,0.0,0.0,0.0,0.0,0.0
3443,0.0,23742.70694709425,0.0,0.0,0.0,0.0
3444,0.0,35157.32853978646,0.0,0.0,0.0,0.0
3445,0.0,33248.62575635452,0.0,0.0,0.0,0.0
3446,0.0,19773.325270341513,0.0,0.0,0.0,0.0
3447,0.0,0.0,0.0,0.0,0.0,0.0
3448,0.0,0.0,0.0,0.0,0.0,0.0
3449,0.0,0.0,0.0,0.0,0.0,0.0
3450,0.0,0.0,0.0,0.0,0.0,0.0
3451,0.0,0.0,0.0,0.0,0.0,0.0
3452,0.0,0.0,0.0,0.0,0.0,0.0
3453,0.0,0.0,0.0,0.0,0.0,0.0
3454,0.0,0.0,0.0,0.0,0.0,0.0
3455,0.0,0.0,0.0,0.0,0.0,0.0
3456,0.0,0.0,0.0,0.0,0.0,0.0
3457,0.0,0.0,0.0,0.0,0.0,0.0
3458,0.0,0.0,0.0,0.0,0.0,0.0
3459,0.0,0.0,0.0,0.0,0.0,0.0
3460,0.0,0.0,0.0,0.0,0.0,0.0
3461,0.0,0.0,0.0,0.0,0.0,0.0
3462,0.0,0.0,0.0,0.0,0.0,0.0
3463,0.0,0.0,0.0,0.0,0.0,0.0
3464,0.0,0.0,0.0,0.0,0.0,0.0
3465,0.0,0.0,0.0,0.0,0.0,0.0
3466,0.0,0.0,0.0,0.0,0.0,0.0
3467,0.0,0.0,0.0,0.0,0.0,0.0
3468,0.0,0.0,0.0,0.0,0.0,0.0
3469,0.0,0.0,0.0,0.0,0.0,0.0
3470,0.0,0.0,0.0,0.0,0.0,0.0
3471,0.0,0.0,0.0,0.0,0.0,0.0
3472,0.0,0.0,0.0,0.0,0.0,0.0
3473,0.0,0.0,0.0,0.0,0.0,0.0
3474,0.0,0.0,0.0,0.0,0.0,0.0
3475,0.0,0.0,0.0,0.0,0.0,0.0
3476,0.0,0.0,0.0,0.0,0.0,0.0
3477,0.0,0.0,0.0,0.0,0.0,0.0
3478,0.0,0.0,0.0,0.0,0.0,0.0
3479,0.0,0.0,0.0,0.0,0.0,0.0
3480,0.0,0.0,0.0,0.0,0.0,0.0
3481,0.0,0.0,0.0,0.0,0.0,0.0
3482,0.0,0.0,0.0,0.0,0.0,0.0
3483,0.0,0.0,0.0,0.0,0.0,0.0
3484,0.0,0.0,0.0,0.0,0.0,0.0
3485,0.0,0.0,0.0,0.0,0.0,0.0
3486,0.0,0.0,0.0,0.0,0.0,0.0
3487,0.0,0.0,0.0,0.0,0.0,0.0
3488,0.0,0.0,0.0,0.0,0.0,0.0
3489,0.0,0.0,0.0,0.0,0.0,0.0
3490,0.0,0.0,0.0,0.0,0.0,0.0
3491,0.0,0.0,0.0,0.0,0.0,0.0
3492,0.0,0.0,0.0,0.0,0.0,0.0
3493,0.0,0.0,0.0,0.0,0.0,0.0
3494,0.0,0.0,0.0,0.0,0.0,0.0
3495,0.0,0.0,0.0,0.0,0.0,0.0
3496,0.0,0.0,0.0,0.0,0.0,0.0
3497,0.0,0.0,0.0,0.0,0.0,0.0
3498,0.0,0.0,0.0,0.0,0.0,0.0
3499,0.0,0.0,0.0,0.0,0.0,0.0
3500,0.0,0.0,0.0,0.0,0.0,0.0
3501,0.0,0.0,0.0,0.0,0.0,0.0
3502,0.0,0.0,0.0,0.0,0.0,0.0
3503,0.0,0.0,0.0,0.0,0.0,0.0
3504,0.0,0.0,0.0,0.0,0.0,0.0
3505,0.0,0.0,0.0,0.0,0.0,0.0
3506,0.0,0.0,0.0,0.0,0.0,0.0
3507,0.0,0.0,0.0,0.0,0.0,0.0
3508,0.0,0.0,0.0,0.0,0.0,0.0
3509,0.0,0.0,0.0,0.0,0.0,0.0
3510,0.0,0.0,0.0,0.0,0.0,0.0
3511,0.0,0.0,0.0,0.0,0.0,0.0
3512,0.0,0.0,0.0,0.0,0.0,0.0
3513,0.0,0.0,0.0,0.0,0.0,0.0
3514,0.0,0.0,0.0,0.0,0.0,0.0
3515,0.0,4620.840480198824,0.0,0.0,0.0,0.0
3516,0.0,2879.6221277382174,0.0,0.0,0.0,0.0
3517,0.0,7095.670381366201,0.0,0.0,0.0,0.0
3518,0.0,1837.8714675399442,0.0,0.0,0.0,0.0
3519,0.0,0.0,0.0,0.0,0.0,0.0
3520,0.0,0.0,0.0,0.0,0.0,0.0
3521,0.0,0.0,0.0,0.0,0.0,0.0
3522,0.0,0.0,0.0,0.0,0.0,0.0
3523,0.0,0.0,0.0,0.0,0.0,0.0
3524,0.0,0.0,0.0,0.0,0.0,0.0
3525,0.0,0.0,0.0,0.0,0.0,0.0
3526,0.0,0.0,0.0,0.0,0.0,0.0
3527,0.0,0.0,0.0,0.0,0.0,0.0
3528,0.0,0.0,0.0,0.0,0.0,0.0
3529,0.0,0.0,0.0,0.0,0.0,0.0
3530,0.0,0.0,0.0,0.0,0.0,0.0
3531,0.0,0.0,0.0,0.0,0.0,0.0
3532,0.0,0.0,0.0,0.0,0.0,0.0
3533,0.0,0.0,0.0,0.0,0.0,0.0
3534,0.0,0.0,0.0,0.0,0.0,0.0
3535,0.0,0.0,0.0,0.0,0.0,0.0
3536,0.0,0.0,0.0,0.0,0.0,0.0
3537,0.0,0.0,0.0,0.0,0.0,0.0
3538,0.0,0.0,0.0,0.0,0.0,0.0
3539,0.0,0.0,0.0,0.0,0.0,0.0
3540,0.0,0.0,0.0,0.0,0.0,0.0
3541,0.0,0.0,0.009145415165221493,0.0,0.0,0.0
3542,0.0,2826.6431048757527,13595.757574667352,0.0,0.0,0.0
3543,0.0,0.0,2106.0922689836393,0.0,0.0,0.0
3544,0.0,0.0,0.0,0.0,0.0,0.0
3545,0.0,0.0,0.0,0.0,0.0,0.0
3546,0.0,0.0,0.0,0.0,0.0,0.0
3547,0.0,0.0,0.0,0.0,0.0,0.0
3548,0.0,0.0,0.0,0.0,0.0,0.0
3549,0.0,0.0,0.0,0.0,0.0,0.0
3550,0.0,0.0,0.0,0.0,0.0,0.0
3551,0.0,0.0,0.0,0.0,0.0,0.0
3552,0.0,0.0,0.0,0.0,0.0,0.0
3553,0.0,0.0,0.0,0.0,0.0,0.0
3554,0.0,0.0,0.0,0.0,0.0,0.0
3555,0.0,0.0,0.0,0.0,0.0,0.0
3556,0.0,0.0,0.0,0.0,0.0,0.0
3557,0.0,0.0,0.0,0.0,0.0,0.0
3558,0.0,0.0,0.0,0.0,0.0,0.0
3559,0.0,0.0,0.0,0.0,0.0,0.0
3560,0.0,0.0,0.0,0.0,0.0,0.0
3561,0.0,0.0,0.0,0.0,0.0,0.0
3562,0.0,0.0,0.0,0.0,0.0,0.0
3563,0.0,5281.058383586671,0.0,0.0,0.0,0.0
3564,0.0,18539.4355760767,0.0,0.0,0.0,0.0
3565,0.0,23376.371220919886,0.0,0.0,0.0,0.0
3566,0.0,22419.223700775332,0.0,0.0,0.0,0.0
3567,0.0,21661.67733776922,0.0,0.0,0.0,0.0
3568,0.0,17809.92282853595,0.0,0.0,0.0,0.0
3569,0.0,16722.26155389245,0.0,0.0,0.0,0.0
3570,0.0,5384.479601342222,0.0,0.0,0.0,0.0
3571,0.0,0.0,0.0,0.0,0.0,0.0
3572,0.0,0.0,0.0,0.0,0.0,0.0
3573,0.0,0.0,0.0,0.0,0.0,0.0
3574,0.0,0.0,0.0,0.0,0.0,0.0
3575,0.0,0.0,0.0,0.0,0.0,0.0
3576,0.0,0.0,0.0,0.0,0.0,0.0
3577,0.0,0.0,0.0,0.0,0.0,0.0
3578,0.0,0.0,0.0,0.0,0.0,0.0
3579,0.0,0.0,0.0,0.0,0.0,0.0
3580,0.0,0.0,0.0,0.0,0.0,0.0
3581,0.0,0.0,0.0,0.0,0.0,0.0
3582,0.0,0.0,0.0,0.0,0.0,0.0
3583,0.0,0.0,0.0,0.0,0.0,0.0
3584,0.0,0.0,0.0,0.0,0.0,0.0
3585,0.0,0.0,0.0,0.0,0.0,0.0
3586,0.0,0.0,0.0,0.0,0.0,0.0
3587,0.0,0.0,0.0,0.0,0.0,0.0
3588,0.0,0.0,0.0,0.0,0.0,0.0
3589,0.0,0.0,0.0,0.0,0.0,0.0
3590,0.0,0.0,0.0,0.0,0.0,0.0
3591,0.0,0.0,0.0,0.0,0.0,0.0
3592,0.0,0.0,0.0,0.0,0.0,0.0
3593,0.0,0.0,0.0,0.0,0.0,0.0
3594,0.0,0.0,0.0,0.0,0.0,0.0
3595,0.0,0.0,0.0,0.0,0.0,0.0
3596,0.0,0.0,0.0,0.0,0.0,0.0
3597,0.0,0.0,0.0,0.0,0.0,0.0
3598,0.0,0.0,0.0,0.0,0.0,0.0
3599,0.0,0.0,0.0,0.0,0.0,0.0
3600,0.0,0.0,0.0,0.0,0.0,0.0
3601,0.0,0.0,0.0,0.0,0.0,0.0
3602,0.0,0.0,0.0,0.0,0.0,0.0
3603,0.0,0.0,0.0,0.0,0.0,0.0
3604,0.0,0.0,0.0,0.0,0.0,0.0
3605,0.0,0.0,0.0,0.0,0.0,0.0
3606,0.0,0.0,0.0,0.0,0.0,0.0
3607,0.0,0.0,0.0,0.0,0.0,0.0
3608,0.0,0.0,0.0,0.0,0.0,0.0
3609,0.0,6741.555268137,0.0,0.0,0.0,0.0
3610,0.0,18163.71098382728,0.0,0.0,0.0,0.0
3611,0.0,24328.809075904668,0.0,0.0,0.0,0.0
3612,0.0,22552.472452169528,0.0,0.0,0.0,0.0
3613,0.0,17200.438222270303,0.0,0.0,0.0,0.0
3614,0.0,11659.204451701216,0.0,0.0,0.0,0.0
3615,0.0,8232.374647926808,0.0,0.0,0.0,0.0
3616,0.0,5499.695930355236,0.0,0.0,0.0,0.0
3617,0.0,167.80393056319724,0.0,0.0,0.0,0.0
3618,0.0,0.0,0.0,0.0,0.0,0.0
3619,0.0,0.0,0.0,0.0,0.0,0.0
3620,0.0,0.0,0.0,0.0,0.0,0.0
3621,0.0,0.0,0.0,0.0,0.0,0.0
3622,0.0,0.0,0.0,0.0,0.0,0.0
3623,0.0,0.0,0.0,0.0,0.0,0.0
3624,0.0,0.0,0.0,0.0,0.0,0.0
3625,0.0,0.0,0.0,0.0,0.0,0.0
3626,0.0,0.0,0.0,0.0,0.0,0.0
3627,0.0,0.0,0.0,0.0,0.0,0.0
3628,0.0,0.0,0.0,0.0,0.0,0.0
3629,0.0,0.0,0.0,0.0,0.0,0.0
3630,0.0,0.0,0.0,0.0,0.0,0.0
3631,0.0,0.0,0.0,0.0,0.0,0.0
3632,0.0,0.0,0.0,0.0,0.0,0.0
3633,0.0,0.0,0.0,0.0,0.0,0.0
3634,0.0,0.0,0.0,0.0,0.0,0.0
3635,0.0,0.0,0.0,0.0,0.0,0.0
3636,0.0,0.0,0.0,0.0,0.0,0.0
3637,0.0,0.0,0.0,0.0,0.0,0.0
3638,0.0,0.0,0.0,0.0,0.0,0.0
3639,0.0,0.0,0.0,0.0,0.0,0.0
3640,0.0,0.0,0.0,0.0,0.0,0.0
3641,0.0,0.0,0.0,0.0,0.0,0.0
3642,0.0,0.0,0.0,0.0,0.0,0.0
3643,0.0,0.0,0.0,0.0,0.0,0.0
3644,0.0,0.0,0.0,0.0,0.0,0.0
3645,0.0,0.0,0.0,0.0,0.0,0.0
3646,0.0,0.0,0.0,0.0,0.0,0.0
3647,0.0,0.0,0.0,0.0,0.0,0.0
3648,0.0,2443.4044432488713,0.0,0.0,0.0,0.0
3649,0.0,5399.054573923721,0.0,0.0,0.0,0.0
3650,0.0,4521.908548583803,0.0,0.0,0.0,0.0
3651,0.0,4002.364755022156,0.0,0.0,0.0,0.0
3652,0.0,5330.667419923162,0.0,0.0,0.0,0.0
3653,0.0,5361.837683460172,0.0,0.0,0.0,0.0
3654,0.0,6771.784113757788,0.0,0.0,0.0,0.0
3655,0.0,10510.913318058569,5931.767729248662,0.0,0.0,0.0
3656,0.0,12417.686199838286,19437.590877764113,0.0,0.0,0.0
3657,0.0,10460.531219288414,35633.38937435361,0.0,0.0,0.0
3658,0.0,13055.436773489728,61511.48739943833,0.0,0.0,0.0
3659,0.0,17260.682419535387,75547.12230197867,0.0,0.0,0.0
3660,0.0,20463.503065917666,82107.06081389278,0.0,0.0,0.0
3661,0.0,20657.37095432814,85974.77405964586,0.0,0.0,0.0
3662,0.0,17166.790553989387,79054.99533945738,0.0,0.0,0.0
3663,0.0,14402.479066180184,70128.91929503265,0.0,0.0,0.0
3664,0.0,13798.599944530803,48544.679437026316,0.0,0.0,0.0
3665,0.0,11921.539552705017,22397.899373309974,0.0,0.0,0.0
3666,0.0,10031.901130011447,11251.900427348804,0.0,0.0,0.0
3667,0.0,6620.345439855817,11066.868619097355,0.0,0.0,0.0
3668,0.0,3895.2413407140166,13036.053110646479,0.0,0.0,0.0
3669,0.0,1783.02604085393,12916.501608887744,0.0,0.0,0.0
3670,0.0,1725.106943975702,14403.696043087964,0.0,0.0,0.0
3671,0.0,0.0,14040.23755116915,0.0,0.0,0.0
3672,0.0,0.0,12478.899282735729,0.0,0.0,0.0
3673,0.0,0.0,8975.879156135585,0.0,0.0,0.0
3674,0.0,0.0,3769.1755012282847,0.0,0.0,0.0
3675,0.0,0.0,0.0,0.0,0.0,0.0
3676,0.0,0.0,0.0,0.0,0.0,0.0
3677,0.0,0.0,0.0,0.0,0.0,0.0
3678,0.0,0.0,0.0,0.0,0.0,0.0
3679,0.0,0.0,0.0,0.0,0.0,0.0
3680,0.0,0.0,0.0,0.0,0.0,0.0
3681,0.0,0.0,0.0,0.0,0.0,0.0
3682,0.0,0.0,0.0,0.0,0.0,0.0
3683,0.0,0.0,0.0,0.0,0.0,0.0
3684,0.0,0.0,0.0,0.0,0.0,0.0
3685,0.0,0.0,0.0,0.0,0.0,0.0
3686,0.0,0.0,0.0,0.0,0.0,0.0
3687,0.0,0.0,0.0,0.0,0.0,0.0
3688,0.0,0.0,0.0,0.0,0.0,0.0
3689,0.0,0.0,0.0,0.0,0.0,0.0
3690,0.0,0.0,0.0,0.0,0.0,0.0
3691,0.0,0.0,0.0,0.0,0.0,0.0
3692,0.0,0.0,0.0,0.0,0.0,0.0
3693,0.0,0.0,0.0,0.0,0.0,0.0
3694,0.0,0.0,0.0,0.0,0.0,0.0
3695,0.0,0.0,0.0,0.0,0.0,0.0
3696,0.0,0.0,0.0,0.0,0.0,0.0
3697,0.0,0.0,0.0,0.0,0.0,0.0
3698,0.0,0.0,0.0,0.0,0.0,0.0
3699,0.0,0.0,0.0,0.0,0.0,0.0
3700,0.0,0.0,0.0,0.0,0.0,0.0
3701,0.0,0.0,0.0,0.0,0.0,0.0
3702,0.0,0.0,0.0,0.0,0.0,0.0
3703,0.0,0.0,0.0,0.0,0.0,0.0
3704,0.0,0.0,0.0,0.0,0.0,0.0
3705,0.0,0.0,0.0,0.0,0.0,0.0
3706,0.0,24362.22359455564,0.0,0.0,0.0,0.0
3707,0.0,46686.644252694095,0.0,0.0,0.0,0.0
3708,0.0,52251.18317232112,0.0,0.0,0.0,0.0
3709,0.0,50090.936503346304,0.0,0.0,0.0,0.0
3710,0.0,45255.380836953766,0.0,0.0,0.0,0.0
3711,0.0,22209.908784054627,0.0,0.0,0.0,0.0
3712,0.0,0.0,0.0,0.0,0.0,0.0
3713,0.0,0.0,0.0,0.0,0.0,0.0
3714,0.0,0.0,0.0,0.0,0.0,0.0
3715,0.0,0.0,0.0,0.0,0.0,0.0
3716,0.0,0.0,0.0,0.0,0.0,0.0
3717,0.0,0.0,0.0,0.0,0.0,0.0
3718,0.0,0.0,0.0,0.0,0.0,0.0
3719,0.0,0.0,0.0,0.0,0.0,0.0
3720,0.0,0.0,0.0,0.0,0.0,0.0
3721,0.0,0.0,0.0,0.0,0.0,0.0
3722,0.0,0.0,0.0,0.0,0.0,0.0
3723,0.0,0.0,0.0,0.0,0.0,0.0
3724,0.0,0.0,0.0,0.0,0.0,0.0
3725,0.0,0.0,0.0,0.0,0.0,0.0
3726,0.0,0.0,0.0,0.0,0.0,0.0
3727,0.0,0.0,0.0,0.0,0.0,0.0
3728,0.0,0.0,0.0,0.0,0.0,0.0
3729,0.0,0.0,0.0,0.0,0.0,0.0
3730,0.0,1550.0367391555005,0.0,0.0,0.0,0.0
3731,0.0,27213.689894717696,0.0,0.0,0.0,0.0
3732,0.0,37302.99527557117,0.0,0.0,0.0,0.0
3733,0.0,38146.50343738933,0.0,0.0,0.0,0.0
3734,0.0,25277.525260651964,0.0,0.0,0.0,0.0
3735,0.0,0.0,0.0,0.0,0.0,0.0
3736,0.0,0.0,0.0,0.0,0.0,0.0
3737,0.0,0.0,0.0,0.0,0.0,0.0
3738,0.0,0.0,0.0,0.0,0.0,0.0
3739,0.0,0.0,0.0,0.0,0.0,0.0
3740,0.0,0.0,0.0,0.0,0.0,0.0
3741,0.0,0.0,0.0,0.0,0.0,0.0
3742,0.0,0.0,0.0,0.0,0.0,0.0
3743,0.0,0.0,0.0,0.0,0.0,0.0
3744,0.0,0.0,0.0,0.0,0.0,0.0
3745,0.0,0.0,0.0,0.0,0.0,0.0
3746,0.0,0.0,0.0,0.0,0.0,0.0
3747,0.0,0.0,0.0,0.0,0.0,0.0
3748,0.0,0.0,0.0,0.0,0.0,0.0
3749,0.0,0.0,0.0,0.0,0.0,0.0
3750,0.0,0.0,0.0,0.0,0.0,0.0
3751,0.0,0.0,0.0,0.0,0.0,0.0
3752,0.0,0.0,0.0,0.0,0.0,0.0
3753,0.0,0.0,0.0,0.0,0.0,0.0
3754,0.0,0.0,0.0,0.0,0.0,0.0
3755,0.0,17630.230285321566,0.0,0.0,0.0,0.0
3756,0.0,41379.699536525965,0.0,0.0,0.0,0.0
3757,0.0,45240.295794307,0.0,0.0,0.0,0.0
3758,0.0,37238.98508109352,0.0,0.0,0.0,0.0
3759,0.0,12145.350519638334,0.0,0.0,0.0,0.0
3760,0.0,0.0,0.0,0.0,0.0,0.0
3761,0.0,0.0,0.0,0.0,0.0,0.0
3762,0.0,0.0,0.0,0.0,0.0,0.0
3763,0.0,0.0,0.0,0.0,0.0,0.0
3764,0.0,0.0,0.0,0.0,0.0,0.0
3765,0.0,0.0,0.0,0.0,0.0,0.0
3766,0.0,0.0,0.0,0.0,0.0,0.0
3767,0.0,0.0,0.0,0.0,0.0,0.0
3768,0.0,0.0,0.0,0.0,0.0,0.0
3769,0.0,0.0,0.0,0.0,0.0,0.0
3770,0.0,0.0,0.0,0.0,0.0,0.0
3771,0.0,0.0,0.0,0.0,0.0,0.0
3772,0.0,0.0,0.0,0.0,0.0,0.0
3773,0.0,0.0,0.0,0.0,0.0,0.0
3774,0.0,0.0,0.0,0.0,0.0,0.0
3775,0.0,0.0,0.0,0.0,0.0,0.0
3776,0.0,0.0,0.0,0.0,0.0,0.0
3777,0.0,0.0,0.0,0.0,0.0,0.0
3778,0.0,3778.450907484799,0.0,0.0,0.0,0.0
3779,0.0,26294.27419306776,0.0,0.0,0.0,0.0
3780,0.0,33034.51613649813,0.0,0.0,0.0,0.0
3781,0.0,31512.634104701134,0.0,0.0,0.0,0.0
3782,0.0,18467.54369314397,0.0,0.0,0.0,0.0
3783,0.0,1120.0693397796435,0.0,0.0,0.0,0.0
3784,0.0,0.0,0.0,0.0,0.0,0.0
3785,0.0,0.0,0.0,0.0,0.0,0.0
3786,0.0,0.0,0.0,0.0,0.0,0.0
3787,0.0,0.0,0.0,0.0,0.0,0.0
3788,0.0,0.0,0.0,0.0,0.0,0.0
3789,0.0,0.0,0.0,0.0,0.0,0.0
3790,0.0,0.0,0.0,0.0,0.0,0.0
3791,0.0,0.0,0.0,0.0,0.0,0.0
3792,0.0,0.0,0.0,0.0,0.0,0.0
3793,0.0,0.0,0.0,0.0,0.0,0.0
3794,0.0,0.0,0.0,0.0,0.0,0.0
3795,0.0,0.0,0.0,0.0,0.0,0.0
3796,0.0,0.0,0.0,0.0,0.0,0.0
3797,0.0,0.0,0.0,0.0,0.0,0.0
3798,0.0,0.0,0.0,0.0,0.0,0.0
3799,0.0,0.0,0.0,0.0,0.0,0.0
3800,0.0,0.0,0.0,0.0,0.0,0.0
3801,0.0,2904.556128215703,0.0,0.0,0.0,0.0
3802,0.0,21014.36703505046,0.0,0.0,0.0,0.0
3803,0.0,38520.816041159196,0.0,0.0,0.0,0.0
3804,0.0,47861.9428110266,0.0,0.0,0.0,0.0
3805,0.0,48786.5741379449,0.0,0.0,0.0,0.0
3806,0.0,34977.970171122404,0.0,0.0,0.0,0.0
3807,0.0,34897.694650143974,0.0,0.0,0.0,0.0
3808,0.0,15271.910079032214,0.0,0.0,0.0,0.0
3809,0.0,7964.207991042738,0.0,0.0,0.0,0.0
3810,0.0,2594.1481936449145,0.0,0.0,0.0,0.0
3811,0.0,0.0,0.0,0.0,0.0,0.0
3812,0.0,0.0,0.0,0.0,0.0,0.0
3813,0.0,0.0,0.0,0.0,0.0,0.0
3814,0.0,0.0,0.0,0.0,0.0,0.0
3815,0.0,0.0,0.0,0.0,0.0,0.0
3816,0.0,0.0,0.0,0.0,0.0,0.0
3817,0.0,0.0,0.0,0.0,0.0,0.0
3818,0.0,0.0,0.0,0.0,0.0,0.0
3819,0.0,0.0,0.0,0.0,0.0,0.0
3820,0.0,0.0,0.0,0.0,0.0,0.0
3821,0.0,0.0,0.0,0.0,0.0,0.0
3822,0.0,0.0,0.0,0.0,0.0,0.0
3823,0.0,0.0,0.0,0.0,0.0,0.0
3824,0.0,11479.803863668767,0.0,0.0,0.0,0.0
3825,0.0,18238.978874868855,0.0,0.0,0.0,0.0
3826,0.0,20811.08065352175,0.0,0.0,0.0,0.0
3827,0.0,23739.210974205987,0.0,0.0,0.0,0.0
3828,0.0,31260.28239444561,0.0,0.0,0.0,0.0
3829,0.0,39242.5728459495,0.0,0.0,0.0,0.0
3830,0.0,33979.68940561163,0.0,0.0,0.0,0.0
3831,0.0,24185.762722397456,0.0,0.0,0.0,0.0
3832,0.0,15061.577145643421,0.0,0.0,0.0,0.0
3833,0.0,3742.5386007131824,0.0,0.0,0.0,0.0
3834,0.0,0.0,0.0,0.0,0.0,0.0
3835,0.0,0.0,0.0,0.0,0.0,0.0
3836,0.0,0.0,0.0,0.0,0.0,0.0
3837,0.0,0.0,0.0,0.0,0.0,0.0
3838,0.0,0.0,0.0,0.0,0.0,0.0
3839,0.0,0.0,0.0,0.0,0.0,0.0
3840,0.0,0.0,0.0,0.0,0.0,0.0
3841,0.0,0.0,0.0,0.0,0.0,0.0
3842,0.0,0.0,0.0,0.0,0.0,0.0
3843,0.0,0.0,0.0,0.0,0.0,0.0
3844,0.0,0.0,0.0,0.0,0.0,0.0
3845,0.0,0.0,0.0,0.0,0.0,0.0
3846,0.0,0.0,0.0,0.0,0.0,0.0
3847,0.0,0.0,0.0,0.0,0.0,0.0
3848,0.0,57.409979470657504,0.0,0.0,0.0,0.0
3849,0.0,14976.18650956078,0.0,0.0,0.0,0.0
3850,0.0,45897.32169146923,0.0,0.0,0.0,0.0
3851,0.0,59026.54046158529,0.0,0.0,0.0,0.0
3852,0.0,59215.993347466676,0.0,0.0,0.0,0.0
3853,0.0,59138.02679166705,0.0,0.0,0.0,0.0
3854,0.0,51755.70199282593,0.0,0.0,0.0,0.0
3855,0.0,31863.731404105944,0.0,0.0,0.0,0.0
3856,0.0,14073.226334663097,0.0,0.0,0.0,0.0
3857,0.0,1886.111009801231,0.0,0.0,0.0,0.0
3858,0.0,0.0,0.0,0.0,0.0,0.0
3859,0.0,0.0,0.0,0.0,0.0,0.0
3860,0.0,0.0,0.0,0.0,0.0,0.0
3861,0.0,0.0,0.0,0.0,0.0,0.0
3862,0.0,0.0,0.0,0.0,0.0,0.0
3863,0.0,0.0,0.0,0.0,0.0,0.0
3864,0.0,0.0,0.0,0.0,0.0,0.0
3865,0.0,0.0,0.0,0.0,0.0,0.0
3866,0.0,0.0,0.0,0.0,0.0,0.0
3867,0.0,0.0,0.0,0.0,0.0,0.0
3868,0.0,0.0,0.0,0.0,0.0,0.0
3869,0.0,0.0,0.0,0.0,0.0,0.0
3870,0.0,0.0,0.0,0.0,0.0,0.0
3871,0.0,0.0,0.0,0.0,0.0,0.0
3872,0.0,0.0,0.0,0.0,0.0,0.0
3873,0.0,0.0,0.0,0.0,0.0,0.0
3874,0.0,16591.361638652044,0.0,0.0,0.0,0.0
3875,0.0,29614.283171864474,0.0,0.0,0.0,0.0
3876,0.0,37472.88803377627,0.0,0.0,0.0,0.0
3877,0.0,40760.47796320053,0.0,0.0,0.0,0.0
3878,0.0,30571.947074141885,0.0,0.0,0.0,0.0
3879,0.0,11269.058112308465,0.0,0.0,0.0,0.0
3880,0.0,0.0,0.0,0.0,0.0,0.0
3881,0.0,0.0,0.0,0.0,0.0,0.0
3882,0.0,0.0,0.0,0.0,0.0,0.0
3883,0.0,0.0,0.0,0.0,0.0,0.0
3884,0.0,0.0,0.0,0.0,0.0,0.0
3885,0.0,0.0,0.0,0.0,0.0,0.0
3886,0.0,0.0,0.0,0.0,0.0,0.0
3887,0.0,0.0,0.0,0.0,0.0,0.0
3888,0.0,0.0,0.0,0.0,0.0,0.0
3889,0.0,0.0,0.0,0.0,0.0,0.0
3890,0.0,0.0,0.0,0.0,0.0,0.0
3891,0.0,0.0,0.0,0.0,0.0,0.0
3892,0.0,0.0,0.0,0.0,0.0,0.0
3893,0.0,0.0,0.0,0.0,0.0,0.0
3894,0.0,0.0,0.0,0.0,0.0,0.0
3895,0.0,0.0,0.0,0.0,0.0,0.0
3896,0.0,0.0,0.0,0.0,0.0,0.0
3897,0.0,0.0,0.0,0.0,0.0,0.0
3898,0.0,0.0,0.0,0.0,0.0,0.0
3899,0.0,0.0,0.0,0.0,0.0,0.0
3900,0.0,0.0,0.0,0.0,0.0,0.0
3901,0.0,0.0,0.0,0.0,0.0,0.0
3902,0.0,0.0,0.0,0.0,0.0,0.0
3903,0.0,0.0,0.0,0.0,0.0,0.0
3904,0.0,0.0,0.0,0.0,0.0,0.0
3905,0.0,0.0,0.0,0.0,0.0,0.0
3906,0.0,0.0,0.0,0.0,0.0,0.0
3907,0.0,0.0,0.0,0.0,0.0,0.0
3908,0.0,0.0,0.0,0.0,0.0,0.0
3909,0.0,0.0,0.0,0.0,0.0,0.0
3910,0.0,0.0,0.0,0.0,0.0,0.0
3911,0.0,0.0,0.0,0.0,0.0,0.0
3912,0.0,0.0,0.0,0.0,0.0,0.0
3913,0.0,0.0,0.0,0.0,0.0,0.0
3914,0.0,0.0,0.0,0.0,0.0,0.0
3915,0.0,0.0,0.0,0.0,0.0,0.0
3916,0.0,0.0,0.0,0.0,0.0,0.0
3917,0.0,0.0,0.0,0.0,0.0,0.0
3918,0.0,0.0,0.0,0.0,0.0,0.0
3919,0.0,0.0,0.0,0.0,0.0,0.0
3920,0.0,0.0,0.0,0.0,0.0,0.0
3921,0.0,0.0,0.0,0.0,0.0,0.0
3922,0.0,8405.167234934943,0.0,0.0,0.0,0.0
3923,0.0,21206.028311665537,0.0,0.0,0.0,0.0
3924,0.0,46112.52418877771,0.0,0.0,0.0,0.0
3925,0.0,49585.17476181854,0.0,0.0,0.0,0.0
3926,0.0,33784.09549475567,0.0,0.0,0.0,0.0
3927,0.0,22360.528126116846,0.0,0.0,0.0,0.0
3928,0.0,12162.880770536958,0.0,0.0,0.0,0.0
3929,0.0,0.0,0.0,0.0,0.0,0.0
3930,0.0,0.0,0.0,0.0,0.0,0.0
3931,0.0,0.0,0.0,0.0,0.0,0.0
3932,0.0,0.0,0.0,0.0,0.0,0.0
3933,0.0,0.0,0.0,0.0,0.0,0.0
3934,0.0,0.0,0.0,0.0,0.0,0.0
3935,0.0,0.0,0.0,0.0,0.0,0.0
3936,0.0,0.0,0.0,0.0,0.0,0.0
3937,0.0,0.0,0.0,0.0,0.0,0.0
3938,0.0,0.0,0.0,0.0,0.0,0.0
3939,0.0,0.0,0.0,0.0,0.0,0.0
3940,0.0,0.0,0.0,0.0,0.0,0.0
3941,0.0,0.0,0.0,0.0,0.0,0.0
3942,0.0,0.0,0.0,0.0,0.0,0.0
3943,0.0,0.0,0.0,0.0,0.0,0.0
3944,0.0,0.0,0.0,0.0,0.0,0.0
3945,0.0,0.0,0.0,0.0,0.0,0.0
3946,0.0,0.0,0.0,0.0,0.0,0.0
3947,0.0,23760.270083150885,0.0,0.0,0.0,0.0
3948,0.0,28988.323180471656,0.0,0.0,0.0,0.0
3949,0.0,24588.39816173298,0.0,0.0,0.0,0.0
3950,0.0,12753.963006289738,0.0,0.0,0.0,0.0
3951,0.0,0.0,0.0,0.0,0.0,0.0
3952,0.0,0.0,0.0,0.0,0.0,0.0
3953,0.0,0.0,0.0,0.0,0.0,0.0
3954,0.0,0.0,0.0,0.0,0.0,0.0
3955,0.0,0.0,0.0,0.0,0.0,0.0
3956,0.0,0.0,0.0,0.0,0.0,0.0
3957,0.0,0.0,0.0,0.0,0.0,0.0
3958,0.0,0.0,0.0,0.0,0.0,0.0
3959,0.0,0.0,0.0,0.0,0.0,0.0
3960,0.0,0.0,0.0,0.0,0.0,0.0
3961,0.0,0.0,0.0,0.0,0.0,0.0
3962,0.0,0.0,0.0,0.0,0.0,0.0
3963,0.0,0.0,0.0,0.0,0.0,0.0
3964,0.0,0.0,0.0,0.0,0.0,0.0
3965,0.0,0.0,0.0,0.0,0.0,0.0
3966,0.0,0.0,0.0,0.0,0.0,0.0
3967,0.0,0.0,0.0,0.0,0.0,0.0
3968,0.0,0.0,0.0,0.0,0.0,0.0
3969,0.0,0.0,0.0,0.0,0.0,0.0
3970,0.0,0.0,0.0,0.0,0.0,0.0
3971,0.0,0.0,0.0,0.0,0.0,0.0
3972,0.0,0.0,0.0,0.0,0.0,0.0
3973,0.0,0.0,0.0,0.0,0.0,0.0
3974,0.0,0.0,0.0,0.0,0.0,0.0
3975,0.0,0.0,0.0,0.0,0.0,0.0
3976,0.0,0.0,0.0,0.0,0.0,0.0
3977,0.0,0.0,0.0,0.0,0.0,0.0
3978,0.0,0.0,0.0,0.0,0.0,0.0
3979,0.0,0.0,0.0,0.0,0.0,0.0
3980,0.0,0.0,0.0,0.0,0.0,0.0
3981,0.0,0.0,0.0,0.0,0.0,0.0
3982,0.0,0.0,0.0,0.0,0.0,0.0
3983,0.0,0.0,0.0,0.0,0.0,0.0
3984,0.0,0.0,0.0,0.0,0.0,0.0
3985,0.0,0.0,0.0,0.0,0.0,0.0
3986,0.0,0.0,0.0,0.0,0.0,0.0
3987,0.0,0.0,0.0,0.0,0.0,0.0
3988,0.0,0.0,0.0,0.0,0.0,0.0
3989,0.0,0.0,0.0,0.0,0.0,0.0
3990,0.0,0.0,0.0,0.0,0.0,0.0
3991,0.0,0.0,0.0,0.0,0.0,0.0
3992,0.0,0.0,0.0,0.0,0.0,0.0
3993,0.0,0.0,0.0,0.0,0.0,0.0
3994,0.0,0.0,0.0,0.0,0.0,0.0
3995,0.0,0.0,0.0,0.0,0.0,0.0
3996,0.0,0.0,0.0,0.0,0.0,0.0
3997,0.0,0.0,0.0,0.0,0.0,0.0
3998,0.0,12564.067005093832,0.0,0.0,0.0,0.0
3999,0.0,8714.457060893852,0.0,0.0,0.0,0.0
4000,0.0,0.0,0.0,0.0,0.0,0.0
4001,0.0,0.0,0.0,0.0,0.0,0.0
4002,0.0,0.0,0.0,0.0,0.0,0.0
4003,0.0,0.0,0.0,0.0,0.0,0.0
4004,0.0,0.0,0.0,0.0,0.0,0.0
4005,0.0,0.0,0.0,0.0,0.0,0.0
4006,0.0,0.0,0.0,0.0,0.0,0.0
4007,0.0,0.0,0.0,0.0,0.0,0.0
4008,0.0,0.0,0.0,0.0,0.0,0.0
4009,0.0,0.0,0.0,0.0,0.0,0.0
4010,0.0,0.0,0.0,0.0,0.0,0.0
4011,0.0,0.0,0.0,0.0,0.0,0.0
4012,0.0,0.0,0.0,0.0,0.0,0.0
4013,0.0,0.0,0.0,0.0,0.0,0.0
4014,0.0,0.0,0.0,0.0,0.0,0.0
4015,0.0,0.0,0.0,0.0,0.0,0.0
4016,0.0,0.0,0.0,0.0,0.0,0.0
4017,0.0,0.0,0.0,0.0,0.0,0.0
4018,0.0,1772.965975400167,0.0,0.0,0.0,0.0
4019,0.0,9296.331618008697,0.0,0.0,0.0,0.0
4020,0.0,19918.140872455795,0.0,0.0,0.0,0.0
4021,0.0,26484.362310291897,0.0,0.0,0.0,0.0
4022,0.0,18075.06593711108,0.0,0.0,0.0,0.0
4023,0.0,0.0,0.0,0.0,0.0,0.0
4024,0.0,0.0,0.0,0.0,0.0,0.0
4025,0.0,0.0,0.0,0.0,0.0,0.0
4026,0.0,0.0,0.0,0.0,0.0,0.0
4027,0.0,0.0,0.0,0.0,0.0,0.0
4028,0.0,0.0,0.0,0.0,0.0,0.0
4029,0.0,0.0,0.0,0.0,0.0,0.0
4030,0.0,0.0,0.0,0.0,0.0,0.0
4031,0.0,0.0,0.0,0.0,0.0,0.0
4032,0.0,0.0,0.0,0.0,0.0,0.0
4033,0.0,0.0,0.0,0.0,0.0,0.0
4034,0.0,0.0,0.0,0.0,0.0,0.0
4035,0.0,0.0,0.0,0.0,0.0,0.0
4036,0.0,0.0,0.0,0.0,0.0,0.0
4037,0.0,0.0,0.0,0.0,0.0,0.0
4038,0.0,0.0,0.0,0.0,0.0,0.0
4039,0.0,0.0,0.0,0.0,0.0,0.0
4040,0.0,0.0,0.0,0.0,0.0,0.0
4041,0.0,0.0,0.0,0.0,0.0,0.0
4042,0.0,0.0,0.0,0.0,0.0,0.0
4043,0.0,0.0,0.0,0.0,0.0,0.0
4044,0.0,0.0,0.0,0.0,0.0,0.0
4045,0.0,11101.064588132156,0.0,0.0,0.0,0.0
4046,0.011413878047221715,12804.557059617873,0.0,0.0,0.0,0.0
4047,0.0,8159.787768616312,0.0,0.0,0.0,0.0
4048,0.0,0.0,0.0,0.0,0.0,0.0
4049,0.0,0.0,0.0,0.0,0.0,0.0
4050,0.0,0.0,0.0,0.0,0.0,0.0
4051,0.0,0.0,0.0,0.0,0.0,0.0
4052,0.0,0.0,0.0,0.0,0.0,0.0
4053,0.0,0.0,0.0,0.0,0.0,0.0
4054,0.0,0.0,0.0,0.0,0.0,0.0
4055,0.0,0.0,0.0,0.0,0.0,0.0
4056,0.0,0.0,0.0,0.0,0.0,0.0
4057,0.0,0.0,0.0,0.0,0.0,0.0
4058,0.0,0.0,0.0,0.0,0.0,0.0
4059,0.0,0.0,0.0,0.0,0.0,0.0
4060,0.0,0.0,0.0,0.0,0.0,0.0
4061,0.0,0.0,0.0,0.0,0.0,0.0
4062,0.0,0.0,0.0,0.0,0.0,0.0
4063,0.0,0.0,0.0,0.0,0.0,0.0
4064,0.0,0.0,0.0,0.0,0.0,0.0
4065,0.0,0.0,0.0,0.0,0.0,0.0
4066,0.0,0.0,0.0,0.0,0.0,0.0
4067,0.0,0.0,0.0,0.0,0.0,0.0
4068,0.0,0.0,0.0,0.0,0.0,0.0
4069,0.0,0.0,0.0,0.0,0.0,0.0
4070,0.0,0.0,0.0,0.0,0.0,0.0
4071,0.0,0.0,0.0,0.0,0.0,0.0
4072,0.0,0.0,0.0,0.0,0.0,0.0
4073,0.0,0.0,0.0,0.0,0.0,0.0
4074,0.0,0.0,0.0,0.0,0.0,0.0
4075,0.0,0.0,0.0,0.0,0.0,0.0
4076,0.0,0.0,0.0,0.0,0.0,0.0
4077,0.0,0.0,0.0,0.0,0.0,0.0
4078,0.0,0.0,0.0,0.0,0.0,0.0
4079,0.0,0.0,0.0,0.0,0.0,0.0
4080,0.0,0.0,0.0,0.0,0.0,0.0
4081,0.0,0.0,0.0,0.0,0.0,0.0
4082,0.0,0.0,0.0,0.0,0.0,0.0
4083,0.0,0.0,0.0,0.0,0.0,0.0
4084,0.0,0.0,0.0,0.0,0.0,0.0
4085,0.0,0.0,0.0,0.0,0.0,0.0
4086,0.0,0.0,0.0,0.0,0.0,0.0
4087,0.0,0.0,0.0,0.0,0.0,0.0
4088,0.0,0.0,0.0,0.0,0.0,0.0
4089,0.0,0.0,0.0,0.0,0.0,0.0
4090,0.0,0.0,0.0,0.0,0.0,0.0
4091,0.0,0.0,0.0,0.0,0.0,0.0
4092,0.0,0.0,0.0,0.0,0.0,0.0
4093,0.0,0.0,0.0,0.0,0.0,0.0
4094,0.0,0.0,0.0,0.0,0.0,0.0
4095,0.0,0.0,0.0,0.0,0.0,0.0
4096,0.0,0.0,0.0,0.0,0.0,0.0
4097,0.0,0.0,0.0,0.0,0.0,0.0
4098,0.0,0.0,0.0,0.0,0.0,0.0
4099,0.0,0.0,0.0,0.0,0.0,0.0
4100,0.0,0.0,0.0,0.0,0.0,0.0
4101,0.0,0.0,0.0,0.0,0.0,0.0
4102,0.0,0.0,0.0,0.0,0.0,0.0
4103,0.0,0.0,0.0,0.0,0.0,0.0
4104,0.0,0.0,0.0,0.0,0.0,0.0
4105,0.0,0.0,0.0,0.0,0.0,0.0
4106,0.0,0.0,0.0,0.0,0.0,0.0
4107,0.0,0.0,0.0,0.0,0.0,0.0
4108,0.0,0.0,0.0,0.0,0.0,0.0
4109,0.0,0.0,0.0,0.0,0.0,0.0
4110,0.0,0.0,0.0,0.0,0.0,0.0
4111,0.0,0.0,0.0,0.0,0.0,0.0
4112,0.0,0.0,0.0,0.0,0.0,0.0
4113,0.0,0.0,0.0,0.0,0.0,0.0
4114,0.0,0.0,0.0,0.0,0.0,0.0
4115,0.0,0.0,0.0,0.0,0.0,0.0
4116,0.0,0.0,0.0,0.0,0.0,0.0
4117,0.0,6541.970138860321,0.0,0.0,0.0,0.0
4118,0.0,8467.852022915984,0.0,0.0,0.0,0.0
4119,0.0,369.34550494240386,0.0,0.0,0.0,0.0
4120,0.0,0.0,0.0,0.0,0.0,0.0
4121,0.0,0.0,0.0,0.0,0.0,0.0
4122,0.0,0.0,0.0,0.0,0.0,0.0
4123,0.0,0.0,0.0,0.0,0.0,0.0
4124,0.0,0.0,0.0,0.0,0.0,0.0
4125,0.0,0.0,0.0,0.0,0.0,0.0
4126,0.0,0.0,0.0,0.0,0.0,0.0
4127,0.0,0.0,0.0,0.0,0.0,0.0
4128,0.0,0.0,0.0,0.0,0.0,0.0
4129,0.0,0.0,0.0,0.0,0.0,0.0
4130,0.0,0.0,0.0,0.0,0.0,0.0
4131,0.0,0.0,0.0,0.0,0.0,0.0
4132,0.0,0.0,0.0,0.0,0.0,0.0
4133,0.0,0.0,0.0,0.0,0.0,0.0
4134,0.0,0.0,0.0,0.0,0.0,0.0
4135,0.0,0.0,0.0,0.0,0.0,0.0
4136,0.0,0.0,0.0,0.0,0.0,0.0
4137,0.0,0.0,0.0,0.0,0.0,0.0
4138,0.0,0.0,0.0,0.0,0.0,0.0
4139,0.0,0.0,0.0,0.0,0.0,0.0
4140,0.0,0.0,0.0,0.0,0.0,0.0
4141,0.0,0.0,0.0,0.0,0.0,0.0
4142,0.0,0.0,0.0,0.0,0.0,0.0
4143,0.0,0.0,0.0,0.0,0.0,0.0
4144,0.0,0.0,0.0,0.0,0.0,0.0
4145,0.0,0.0,0.0,0.0,0.0,0.0
4146,0.0,0.0,0.0,0.0,0.0,0.0
4147,0.0,0.0,0.0,0.0,0.0,0.0
4148,0.0,0.0,0.0,0.0,0.0,0.0
4149,0.0,0.0,0.0,0.0,0.0,0.0
4150,0.0,0.0,0.0,0.0,0.0,0.0
4151,0.0,0.0,0.0,0.0,0.0,0.0
4152,0.0,0.0,0.0,0.0,0.0,0.0
4153,0.0,0.0,0.0,0.0,0.0,0.0
4154,0.0,0.0,0.0,0.0,0.0,0.0
4155,0.0,0.0,0.0,0.0,0.0,0.0
4156,0.0,0.0,0.0,0.0,0.0,0.0
4157,0.0,0.0,0.0,0.0,0.0,0.0
4158,0.0,0.0,0.0,0.0,0.0,0.0
4159,0.0,0.0,0.0,0.0,0.0,0.0
4160,0.0,0.0,0.0,0.0,0.0,0.0
4161,0.0,0.0,0.0,0.0,0.0,0.0
4162,0.0,0.0,0.0,0.0,0.0,0.0
4163,0.0,0.0,0.0,0.0,0.0,0.0
4164,0.0,0.0,0.0,0.0,0.0,0.0
4165,0.0,0.0,0.0,0.0,0.0,0.0
4166,0.0,0.0,0.0,0.0,0.0,0.0
4167,0.0,0.0,0.0,0.0,0.0,0.0
4168,0.0,0.0,0.0,0.0,0.0,0.0
4169,0.0,0.0,0.0,0.0,0.0,0.0
4170,0.0,0.0,0.0,0.0,0.0,0.0
4171,0.0,0.0,0.0,0.0,0.0,0.0
4172,0.0,0.0,0.0,0.0,0.0,0.0
4173,0.0,0.0,0.0,0.0,0.0,0.0
4174,0.0,0.0,0.0,0.0,0.0,0.0
4175,0.0,0.0,0.0,0.0,0.0,0.0
4176,0.0,0.0,0.0,0.0,0.0,0.0
4177,0.0,0.0,0.0,0.0,0.0,0.0
4178,0.0,0.0,0.0,0.0,0.0,0.0
4179,0.0,0.0,0.0,0.0,0.0,0.0
4180,0.0,0.0,0.0,0.0,0.0,0.0
4181,0.0,0.0,0.0,0.0,0.0,0.0
4182,0.0,0.0,0.0,0.0,0.0,0.0
4183,0.0,0.0,0.0,0.0,0.0,0.0
4184,0.0,0.0,0.0,0.0,0.0,0.0
4185,0.0,0.0,0.0,0.0,0.0,0.0
4186,0.0,0.0,0.0,0.0,0.0,0.0
4187,0.0,0.0,0.0,0.0,0.0,0.0
4188,0.0,0.0,0.0,0.0,0.0,0.0
4189,0.0,10104.25295545739,0.0,0.0,0.0,0.0
4190,0.0,2296.2818823329035,0.0,0.0,0.0,0.0
4191,0.0,0.0,0.0,0.0,0.0,0.0
4192,0.0,0.0,0.0,0.0,0.0,0.0
4193,0.0,0.0,0.0,0.0,0.0,0.0
4194,0.0,0.0,0.0,0.0,0.0,0.0
4195,0.0,0.0,0.0,0.0,0.0,0.0
4196,0.0,0.0,0.0,0.0,0.0,0.0
4197,0.0,0.0,0.0,0.0,0.0,0.0
4198,0.0,0.0,0.0,0.0,0.0,0.0
4199,0.0,0.0,0.0,0.0,0.0,0.0
4200,0.0,0.0,0.0,0.0,0.0,0.0
4201,0.0,0.0,0.0,0.0,0.0,0.0
4202,0.0,0.0,0.0,0.0,0.0,0.0
4203,0.0,0.0,0.0,0.0,0.0,0.0
4204,0.0,0.0,0.0,0.0,0.0,0.0
4205,0.0,0.0,0.0,0.0,0.0,0.0
4206,0.0,0.0,0.0,0.0,0.0,0.0
4207,0.0,0.0,0.0,0.0,0.0,0.0
4208,0.0,0.0,0.0,0.0,0.0,0.0
4209,0.0,0.0,0.0,0.0,0.0,0.0
4210,0.0,12868.539692236425,0.0,0.0,0.0,0.0
4211,0.0,33816.73089035364,0.0,0.0,0.0,0.0
4212,0.0,36136.470773259505,0.0,0.0,0.0,0.0
4213,0.0,33815.885768264794,0.0,0.0,0.0,0.0
4214,0.0,27160.771508699858,0.0,0.0,0.0,0.0
4215,0.0,2363.6340864106314,0.0,0.0,0.0,0.0
4216,0.0,0.0,0.0,0.0,0.0,0.0
4217,0.0,0.0,0.0,0.0,0.0,0.0
4218,0.0,0.0,0.0,0.0,0.0,0.0
4219,0.0,0.0,0.0,0.0,0.0,0.0
4220,0.0,0.0,0.0,0.0,0.0,0.0
4221,0.0,0.0,0.0,0.0,0.0,0.0
4222,0.0,0.0,0.0,0.0,0.0,0.0
4223,0.0,0.0,0.0,0.0,0.0,0.0
4224,0.0,0.0,0.0,0.0,0.0,0.0
4225,0.0,0.0,0.0,0.0,0.0,0.0
4226,0.0,0.0,0.0,0.0,0.0,0.0
4227,0.0,0.0,0.0,0.0,0.0,0.0
4228,0.0,0.0,0.0,0.0,0.0,0.0
4229,0.0,0.0,0.0,0.0,0.0,0.0
4230,0.0,0.0,0.0,0.0,0.0,0.0
4231,0.0,0.0,0.0,0.0,0.0,0.0
4232,0.0,0.0,0.0,0.0,0.0,0.0
4233,0.0,0.0,0.0,0.0,0.0,0.0
4234,0.0,0.0,0.0,0.0,0.0,0.0
4235,0.0,0.0,0.0,0.0,0.0,0.0
4236,0.0,0.0,0.0,0.0,0.0,0.0
4237,0.0,0.0,0.0,0.0,0.0,0.0
4238,0.0,0.0,0.0,0.0,0.0,0.0
4239,0.0,0.0,0.0,0.0,0.0,0.0
4240,0.0,0.0,0.0,0.0,0.0,0.0
4241,0.0,0.0,0.0,0.0,0.0,0.0
4242,0.0,0.0,0.0,0.0,0.0,0.0
4243,0.0,0.0,0.0,0.0,0.0,0.0
4244,0.0,0.0,0.0,0.0,0.0,0.0
4245,0.0,0.0,0.0,0.0,0.0,0.0
4246,0.0,0.0,0.0,0.0,0.0,0.0
4247,0.0,0.0,0.0,0.0,0.0,0.0
4248,0.0,0.0,0.0,0.0,0.0,0.0
4249,0.0,0.0,0.0,0.0,0.0,0.0
4250,0.0,0.0,0.0,0.0,0.0,0.0
4251,0.0,0.0,0.0,0.0,0.0,0.0
4252,0.0,0.0,0.0,0.0,0.0,0.0
4253,0.0,0.0,0.0,0.0,0.0,0.0
4254,0.0,0.0,0.0,0.0,0.0,0.0
4255,0.0,0.0,0.0,0.0,0.0,0.0
4256,0.0,0.0,0.0,0.0,0.0,0.0
4257,0.0,0.0,0.0,0.0,0.0,0.0
4258,0.0,0.0,0.0,0.0,0.0,0.0
4259,0.0,0.0,0.0,0.0,0.0,0.0
4260,0.0,0.0,0.0,0.0,0.0,0.0
4261,0.0,0.0,0.0,0.0,0.0,0.0
4262,0.0,0.0,0.0,0.0,0.0,0.0
4263,0.0,0.0,0.0,0.0,0.0,0.0
4264,0.0,0.0,0.0,0.0,0.0,0.0
4265,0.0,0.0,0.0,0.0,0.0,0.0
4266,0.0,0.0,0.0,0.0,0.0,0.0
4267,0.0,0.0,0.0,0.0,0.0,0.0
4268,0.0,0.0,0.0,0.0,0.0,0.0
4269,0.0,0.0,0.0,0.0,0.0,0.0
4270,0.0,0.0,0.0,0.0,0.0,0.0
4271,0.0,0.0,0.0,0.0,0.0,0.0
4272,0.0,0.0,0.0,0.0,0.0,0.0
4273,0.0,0.0,0.0,0.0,0.0,0.0
4274,0.0,0.0,0.0,0.0,0.0,0.0
4275,0.0,0.0,0.0,0.0,0.0,0.0
4276,0.0,0.0,0.0,0.0,0.0,0.0
4277,0.0,0.0,0.0,0.0,0.0,0.0
4278,0.0,0.0,0.0,0.0,0.0,0.0
4279,0.0,0.0,0.0,0.0,0.0,0.0
4280,0.0,0.0,0.0,0.0,0.0,0.0
4281,0.0,0.0,0.0,0.0,0.0,0.0
4282,0.0,0.0,0.0,0.0,0.0,0.0
4283,0.0,0.0,0.0,0.0,0.0,0.0
4284,0.0,0.0,0.0,0.0,0.0,0.0
4285,0.0,10077.52287071362,0.0,0.0,0.0,0.0
4286,0.0,3631.4553802752657,0.0,0.0,0.0,0.0
4287,0.0,0.0,0.0,0.0,0.0,0.0
4288,0.0,0.0,0.0,0.0,0.0,0.0
4289,0.0,0.0,0.0,0.0,0.0,0.0
4290,0.0,0.0,0.0,0.0,0.0,0.0
4291,0.0,0.0,0.0,0.0,0.0,0.0
4292,0.0,0.0,0.0,0.0,0.0,0.0
4293,0.0,0.0,0.0,0.0,0.0,0.0
4294,0.0,0.0,0.0,0.0,0.0,0.0
4295,0.0,0.0,0.0,0.0,0.0,0.0
4296,0.0,0.0,0.0,0.0,0.0,0.0
4297,0.0,0.0,0.0,0.0,0.0,0.0
4298,0.0,0.0,0.0,0.0,0.0,0.0
4299,0.0,0.0,0.0,0.0,0.0,0.0
4300,0.0,0.0,0.0,0.0,0.0,0.0
4301,0.0,0.0,0.0,0.0,0.0,0.0
4302,0.0,0.0,0.0,0.0,0.0,0.0
4303,0.0,0.0,0.0,0.0,0.0,0.0
4304,0.0,0.0,0.0,0.0,0.0,0.0
4305,0.0,0.0,0.0,0.0,0.0,0.0
4306,0.0,0.0,0.0,0.0,0.0,0.0
4307,0.0,2760.466815563483,0.0,0.0,0.0,0.0
4308,0.0,12575.005951465988,0.0,0.0,0.0,0.0
4309,0.0,30079.979173587664,0.0,0.0,0.0,0.0
4310,0.0,19045.310488527306,0.0,0.0,0.0,0.0
4311,0.0,0.0,0.0,0.0,0.0,0.0
4312,0.0,0.0,0.0,0.0,0.0,0.0
4313,0.0,0.0,0.0,0.0,0.0,0.0
4314,0.0,0.0,0.0,0.0,0.0,0.0
4315,0.0,0.0,0.0,0.0,0.0,0.0
4316,0.0,0.0,0.0,0.0,0.0,0.0
4317,0.0,0.0,0.0,0.0,0.0,0.0
4318,0.0,0.0,0.0,0.0,0.0,0.0
4319,0.0,0.0,0.0,0.0,0.0,0.0
4320,0.0,0.0,0.0,0.0,0.0,0.0
