Time Step,Import/Export_1,Import/Export_2,Import/Export_3
2161,-1000.0,-1000.0,-1000.0
2162,-1000.0,-1000.0,-1000.0
2163,-1000.0,-1000.0,-1000.0
2164,-1000.0,-1000.0,-1000.0
2165,-1000.0,-1000.0,-1000.0
2166,-1000.0,-1000.0,-1000.0
2167,-1000.0,-1000.0,-1000.0
2168,-1000.0,-1000.0,-1000.0
2169,-1000.0,-1000.0,-1000.0
2170,-1000.0,-1000.0,-1000.0
2171,-932.4483273069363,-1000.0,-1000.0
2172,-808.3995454044989,-1000.0,-1000.0
2173,-606.1644578520682,-1000.0,-1000.0
2174,-813.7224127456202,-1000.0,-1000.0
2175,-1000.0,-1000.0,-1000.0
2176,-1000.0,-1000.0,-1000.0
2177,-1000.0,-1000.0,-1000.0
2178,-1000.0,-1000.0,-1000.0
2179,-1000.0,-982.5875971855852,-1000.0
2180,-1000.0,-979.659989154221,-1000.0
2181,-1000.0,-918.1111663429161,-1000.0
2182,-1000.0,-1000.0,-1000.0
2183,-1000.0,-1000.0,-1000.0
2184,-1000.0,-1000.0,-1000.0
2185,-1000.0,-1000.0,-1000.0
2186,-1000.0,-1000.0,-1000.0
2187,-1000.0,-1000.0,-1000.0
2188,-1000.0,-1000.0,-1000.0
2189,-1000.0,-1000.0,-1000.0
2190,-1000.0,-1000.0,-959.4633934213825
2191,-1000.0,-1000.0,-1000.0
2192,-1000.0,-1000.0,-1000.0
2193,-1000.0,-1000.0,-1000.0
2194,-1000.0,-1000.0,-1000.0
2195,-1000.0,-1000.0,-1000.0
2196,-1000.0,-1000.0,-1000.0
2197,-1000.0,-1000.0,-1000.0
2198,-1000.0,-1000.0,-1000.0
2199,-1000.0,-1000.0,-1000.0
2200,-1000.0,-918.7507706047968,-1000.0
2201,-1000.0,-924.1473816208284,-1000.0
2202,-1000.0,-842.3415326812315,-1000.0
2203,-1000.0,-933.5950889927481,-1000.0
2204,-1000.0,-943.8469803944658,-1000.0
2205,-1000.0,-952.6169711287898,-1000.0
2206,-1000.0,-973.2388696208529,-1000.0
2207,-1000.0,-975.0725139014353,-1000.0
2208,-1000.0,-978.8477484045582,-1000.0
2209,-1000.0,-985.6016724862266,-1000.0
2210,-1000.0,-998.4873609665906,-1000.0
2211,-1000.0,-1000.0,-1000.0
2212,-1000.0,-1000.0,-1000.0
2213,-1000.0,-946.3378204951725,-424.62391566689877
2214,-1000.0,-872.4760718601901,-254.8130389302366
2215,-1000.0,-847.6398635500041,14.085532752425479
2216,-1000.0,-849.5922808162309,222.92381665456833
2217,-1000.0,-878.7698144793369,-202.93804588665148
2218,-1000.0,-878.0563794597738,-258.72762485333783
2219,-1000.0,-888.5104660171976,-400.02344543041227
2220,-1000.0,-917.4353952023389,-696.2409406159032
2221,-1000.0,-959.3702597433942,-1000.0
2222,-1000.0,-953.0211723283145,727.5405663792794
2223,-1000.0,-950.8018872054661,992.1070865947669
2224,-1000.0,-944.1293597734345,897.7194784637484
2225,-1000.0,-871.6746617015139,590.5580630018467
2226,-1000.0,-866.9634790017758,821.8610454734353
2227,-1000.0,-913.4271839022282,1000.0
2228,-1000.0,-890.1150393053372,981.7506791907326
2229,-1000.0,-912.8278185096276,437.2219472066122
2230,-1000.0,-974.7037387350942,607.1172359807284
2231,-1000.0,-996.3665490182511,531.3176055000038
2232,-1000.0,-1000.0,182.09838250000038
2233,-1000.0,-1000.0,84.4082545
2234,-1000.0,-999.999999887805,143.30175700000024
2235,-1000.0,-986.9179770927444,478.45227080634334
2236,-1000.0,-961.7093502443145,529.3256352677199
2237,-1000.0,-870.1241293826024,565.1504735757132
2238,-1000.0,-955.086403682586,867.9638031948932
2239,-1000.0,-945.7150271639548,1000.0
2240,-1000.0,-927.7200287271471,1000.0
2241,-1000.0,-896.7710519416257,701.3822927379331
2242,-1000.0,-978.7770621185109,861.4156814373256
2243,-1000.0,-999.999934351898,992.8091018232024
2244,-1000.0,-1000.0,918.551788609033
2245,-1000.0,-1000.0,778.3537221056445
2246,-1000.0,-1000.0,266.85417211994627
2247,-1000.0,-1000.0,-168.58344096776364
2248,-1000.0,-1000.0,-500.99879337947004
2249,-1000.0,-1000.0,17.642433844306936
2250,-1000.0,-1000.0,227.5484423730953
2251,-1000.0,-970.4685877665238,220.85487282760982
2252,-1000.0,-994.8774707613679,242.3092983112216
2253,-1000.0,-1000.0,236.23062038614196
2254,-1000.0,-1000.0,299.7135999533372
2255,-1000.0,-1000.0,379.84921560709097
2256,-1000.0,-1000.0,386.36235046614
2257,-1000.0,-1000.0,142.37783700000017
2258,-1000.0,-1000.0,247.79724903427484
2259,-1000.0,-1000.0,550.7899016438168
2260,-1000.0,-1000.0,598.6478790738347
2261,-1000.0,-935.5540552513207,335.23535761071525
2262,-1000.0,-960.3763391016241,1000.0
2263,-1000.0,-960.9735177048492,1000.0
2264,-1000.0,-887.3399862309232,250.44790168198904
2265,-1000.0,-896.3999383471951,467.17796858799716
2266,-1000.0,-1000.0,-1000.0
2267,-1000.0,-1000.0,-1000.0
2268,-1000.0,-1000.0,-1000.0
2269,-1000.0,-1000.0,-1000.0
2270,-1000.0,-991.8539777809905,-999.9921343391215
2271,-1000.0,-990.3464719603344,-999.9966366363966
2272,-1000.0,-998.292186006702,-1000.0
2273,-1000.0,-981.5521761855834,188.40653944872992
2274,-1000.0,-898.0009169099937,408.3337535369691
2275,-1000.0,-890.2994418506794,344.09980169656575
2276,-1000.0,-928.570575891113,375.70484807198
2277,-1000.0,-987.9628749387623,386.0945095491545
2278,-1000.0,-1000.0,372.5598131837803
2279,-1000.0,-1000.0,99.86727893437683
2280,-1000.0,-999.9999961462904,-75.77374450000019
2281,-1000.0,-1000.0,-114.84028979625077
2282,-1000.0,-999.9999991073489,-157.84987650000022
2283,-1000.0,-1000.0,14.701882234886853
2284,-1000.0,-984.9938753839733,453.23372047161376
2285,-1000.0,-932.3998092902875,516.2097569129078
2286,-1000.0,-866.675108236881,535.7273970072522
2287,-1000.0,-878.6718468942279,1000.0
2288,-1000.0,-868.4559798445484,555.1678723195896
2289,-1000.0,-904.1077296710665,818.7071654319427
2290,-1000.0,-913.0308343796091,953.0782984596098
2291,-1000.0,-939.8429892830422,962.1473736002638
2292,-1000.0,-965.4127056903446,942.1662353080267
2293,-1000.0,-979.9639070052021,512.8895216338358
2294,-1000.0,-993.0307734082321,-1000.0
2295,-1000.0,-1000.0,-438.9536721149741
2296,-1000.0,-1000.0,-410.5601869002909
2297,-1000.0,-994.6021955878605,721.9843178539263
2298,-1000.0,-940.2469304314898,503.28805332655725
2299,-1000.0,-900.3217985128622,468.21745863764363
2300,-1000.0,-923.2071619853391,417.6244830458746
2301,-1000.0,-966.6854782118601,394.3342509087614
2302,-1000.0,-1000.0,576.1093795552482
2303,-1000.0,-1000.0,512.9082765000021
2304,-1000.0,-1000.0,360.49509850000044
2305,-1000.0,-1000.0,121.02050526988205
2306,-1000.0,-1000.0,-62.08146500000038
2307,-1000.0,-1000.0,-299.513458937583
2308,-1000.0,-1000.0,-881.000845
2309,-1000.0,-999.9999954361449,-1000.0
2310,-1000.0,-999.9999940038374,-1000.0
2311,-1000.0,-1000.0,-1000.0
2312,-1000.0,-999.9999926335906,-1000.0
2313,-1000.0,-964.2067982055651,-1000.0
2314,-310.45656880527076,-1000.0,-1000.0
2315,-88.08760789468658,-1000.0,-1000.0
2316,-404.35515442551605,-1000.0,-1000.0
2317,-265.2193890118442,-1000.0,-1000.0
2318,-270.48523613802445,-958.7399844592476,-999.9999558740573
2319,-726.0843070608325,-1000.0,-735.3153550099257
2320,-1000.0,-955.1056577118356,-1000.0
2321,-1000.0,-993.0877830925205,-1000.0
2322,-1000.0,-1000.0,-1000.0
2323,-1000.0,-993.6113932265146,-1000.0
2324,-1000.0,-998.7119504938339,-1000.0
2325,-1000.0,-1000.0,-1000.0
2326,-1000.0,-1000.0,-1000.0
2327,-1000.0,-1000.0,-1000.0
2328,-1000.0,-1000.0,-1000.0
2329,-1000.0,-999.9999995186654,-1000.0
2330,-1000.0,-1000.0,-1000.0
2331,-1000.0,-1000.0,-1000.0
2332,-1000.0,-1000.0,-1000.0
2333,-1000.0,-1000.0,-1000.0
2334,-1000.0,-1000.0,-1000.0
2335,-1000.0,-1000.0,-1000.0
2336,-1000.0,-1000.0,-1000.0
2337,-612.5667800292331,-999.9999781164654,-1000.0
2338,-371.56523185220703,-999.999962029048,-1000.0
2339,-162.4193808284008,-1000.0,-1000.0
2340,197.663748913792,-1000.0,-1000.0
2341,-125.55520904074865,-999.9999515578356,-1000.0
2342,-219.7292578156903,-1000.0,-1000.0
2343,-272.1119701827083,-1000.0,-1000.0
2344,-724.9364886950098,-999.9999465136543,-1000.0
2345,-1000.0,-999.9999420316657,-1000.0
2346,-1000.0,-1000.0,345.1177090403455
2347,-1000.0,-997.9248892321764,484.9292378072286
2348,-1000.0,-1000.0,503.7978863445419
2349,-1000.0,-1000.0,588.6043827128257
2350,-1000.0,-999.9999937543389,294.803448
2351,-1000.0,-1000.0,-364.6738444999987
2352,-1000.0,-1000.0,-729.6719443126585
2353,-1000.0,-1000.0,-889.0635404999939
2354,-1000.0,-1000.0,-1000.0
2355,-1000.0,-999.9999972564544,-1000.0
2356,-1000.0,-1000.0,-1000.0
2357,-1000.0,-900.7201999999996,-864.1067070000001
2358,-1000.0,-942.3441381982434,-1000.0
2359,-1000.0,-1000.0,-1000.0
2360,-1000.0,-1000.0,-1000.0
2361,-999.9988676003918,-999.9999461291811,-1000.0
2362,-733.3739857229859,-1000.0,-1000.0
2363,-537.3229225592131,-1000.0,-1000.0
2364,-692.2287232823355,-1000.0,-1000.0
2365,-399.9506326238252,-1000.0,-1000.0
2366,-288.12396885050384,-1000.0,-822.7064279293684
2367,-739.4407038389863,-1000.0,-999.9999423869432
2368,-1000.0,-1000.0,-1000.0
2369,-1000.0,-1000.0,-1000.0
2370,-1000.0,-999.9999963358694,-704.429173277992
2371,-1000.0,-1000.0,-25.473663124613267
2372,-1000.0,-1000.0,12.27031602031957
2373,-1000.0,-1000.0,-288.6031595
2374,-1000.0,-1000.0,-781.9698985000005
2375,-1000.0,-931.1601436153303,-879.7061660000002
2376,-1000.0,-900.1473791590661,-812.0075500310195
2377,-1000.0,-877.9109787605692,-543.3773943363594
2378,-1000.0,-884.2497594639356,-460.9493614294406
2379,-1000.0,-882.2904670826563,-546.3083658852902
2380,-1000.0,-881.9977262742984,-643.9517955985202
2381,-1000.0,-885.8107812487125,-654.0161597507404
2382,-1000.0,-885.8489482473271,-769.3426058120795
2383,-1000.0,-881.5576528855918,-1000.0
2384,-1000.0,-995.2086856424153,-1000.0
2385,-1000.0,-999.9999797165717,-1000.0
2386,-1000.0,-1000.0,-1000.0
2387,-1000.0,-1000.0,-1000.0
2388,-1000.0,-1000.0,-1000.0
2389,-1000.0,-1000.0,-1000.0
2390,-1000.0,-1000.0,-1000.0
2391,-1000.0,-1000.0,-1000.0
2392,-1000.0,-1000.0,-1000.0
2393,-1000.0,-999.9999819525747,-1000.0
2394,-1000.0,-1000.0,-510.3604230308729
2395,-1000.0,-1000.0,-35.7571799999987
2396,-1000.0,-1000.0,-24.186419499999374
2397,-1000.0,-1000.0,-559.764143499996
2398,-1000.0,-1000.0,-1000.0
2399,-1000.0,-931.1299325949514,-1000.0
2400,-1000.0,-940.7290999999988,-1000.0
2401,-1000.0,-956.261189443258,-1000.0
2402,-1000.0,-948.5782373919226,-1000.0
2403,-1000.0,-938.1680963934725,-1000.0
2404,-1000.0,-932.819037171264,-1000.0
2405,-1000.0,-1000.0,-1000.0
2406,-1000.0,-1000.0,-639.1092282116024
2407,-1000.0,-1000.0,-192.78401585813958
2408,-1000.0,-1000.0,-134.62559911276867
2409,-1000.0,-1000.0,-953.1707844171816
2410,-1000.0,-1000.0,-1000.0
2411,-1000.0,-976.332848823999,-1000.0
2412,-1000.0,-1000.0,-1000.0
2413,-1000.0,-1000.0,-1000.0
2414,-1000.0,-1000.0,-1000.0
2415,-1000.0,-959.2756061410539,-1000.0
2416,-1000.0,-875.1569109529124,-1000.0
2417,-1000.0,-884.635417649871,-1000.0
2418,-1000.0,-959.3742726803353,-1000.0
2419,-1000.0,-913.1571831892977,-1000.0
2420,-1000.0,-911.9018925464222,-1000.0
2421,-1000.0,-935.9148369067932,-1000.0
2422,-1000.0,-931.2180520778165,-1000.0
2423,-1000.0,-932.8415483470835,-1000.0
2424,-1000.0,-951.1732748387271,-1000.0
2425,-1000.0,-976.6140981606586,-1000.0
2426,-1000.0,-1000.0,-1000.0
2427,-1000.0,-1000.0,-1000.0
2428,-1000.0,-1000.0,-1000.0
2429,-1000.0,-957.3652317396495,-603.0617002535764
2430,-1000.0,-926.4262868248292,-472.8198357272139
2431,-1000.0,-911.1630873893118,-601.5572349710391
2432,-1000.0,-900.4617956118651,-1000.0
2433,-1000.0,-872.0838679230786,-1000.0
2434,-1000.0,-986.7584838125781,-1000.0
2435,-1000.0,-1000.0,-1000.0
2436,-1000.0,-1000.0,-1000.0
2437,-1000.0,-1000.0,-1000.0
2438,-1000.0,-1000.0,-1000.0
2439,-1000.0,-1000.0,-1000.0
2440,-1000.0,-1000.0,-1000.0
2441,-1000.0,-1000.0,-1000.0
2442,-1000.0,-995.1220388867736,-1000.0
2443,-1000.0,-999.1003647569048,-1000.0
2444,-1000.0,-1000.0,-1000.0
2445,-1000.0,-1000.0,-1000.0
2446,-1000.0,-888.6367595602044,-1000.0
2447,-1000.0,-811.2259908007607,-1000.0
2448,-1000.0,-754.5982091078379,-1000.0
2449,-1000.0,-844.0051487600492,-1000.0
2450,-1000.0,-955.2171696964208,-1000.0
2451,-1000.0,-729.4060935231116,-1000.0
2452,-1000.0,-783.9155432331593,-1000.0
2453,-1000.0,-913.0322680135525,-1000.0
2454,-1000.0,-854.6536028526725,-1000.0
2455,-1000.0,-863.3273772450757,-1000.0
2456,-1000.0,-873.8150552137827,-1000.0
2457,-1000.0,-865.5260479061393,-1000.0
2458,-1000.0,-796.8564510515514,-1000.0
2459,-1000.0,-782.7113798477443,-1000.0
2460,-1000.0,-785.9199464103049,-1000.0
2461,-1000.0,-784.2545606777724,-1000.0
2462,-1000.0,-796.4464194946688,-1000.0
2463,-1000.0,-799.1819549953002,-1000.0
2464,-1000.0,-864.5071133183768,-1000.0
2465,-1000.0,-934.2815463300868,-1000.0
2466,-1000.0,-901.6655402661147,-482.1915617248404
2467,-1000.0,-834.3444355314123,59.14548550113227
2468,-1000.0,-853.9976550934225,171.68387946223925
2469,-1000.0,-922.2853406455938,257.50683480908964
2470,-1000.0,-964.4374965727216,252.12276946028024
2471,-1000.0,-999.5382267706746,-598.6340437293302
2472,-1000.0,-1000.0,-699.734725201728
2473,-1000.0,-1000.0,-678.0396092573342
2474,-1000.0,-1000.0,-491.6205463594574
2475,-1000.0,-1000.0,-472.3394944017507
2476,-1000.0,-1000.0,-192.1342157136892
2477,-1000.0,-979.4213549292017,-63.051694519180046
2478,-1000.0,-903.6994334021638,-47.97578645849535
2479,-1000.0,-879.5063167977299,134.14943183787454
2480,-1000.0,-843.7349488583369,752.2070381418238
2481,-1000.0,-999.5991490489998,-1000.0
2482,-1000.0,-1000.0,-1000.0
2483,-1000.0,-1000.0,-1000.0
2484,-1000.0,-1000.0,-1000.0
2485,-1000.0,-1000.0,-1000.0
2486,-1000.0,-1000.0,-1000.0
2487,-1000.0,-1000.0,-1000.0
2488,-1000.0,-1000.0,-1000.0
2489,-1000.0,-959.161265482975,-1000.0
2490,-1000.0,-959.664968884281,-1000.0
2491,-1000.0,-930.9056959408542,-817.7491488215635
2492,-1000.0,-931.4867588634594,-722.6465950279414
2493,-1000.0,-960.3144829298251,-1000.0
2494,-1000.0,-1000.0,-1000.0
2495,-1000.0,-1000.0,-1000.0
2496,-1000.0,-1000.0,-1000.0
2497,-1000.0,-1000.0,-993.7771722105699
2498,-1000.0,-1000.0,-1000.0
2499,-1000.0,-1000.0,-1000.0
2500,-1000.0,-1000.0,-1000.0
2501,-1000.0,-1000.0,-1000.0
2502,-1000.0,-999.9999998763401,-1000.0
2503,-1000.0,-1000.0,-1000.0
2504,-1000.0,-999.9999970164795,-1000.0
2505,-1000.0,-916.5298980397699,-1000.0
2506,-1000.0,-1000.0,-1000.0
2507,-1000.0,-1000.0,-1000.0
2508,-1000.0,-1000.0,-1000.0
2509,-1000.0,-1000.0,-1000.0
2510,-1000.0,-1000.0,-1000.0
2511,-1000.0,-1000.0,-1000.0
2512,-1000.0,-920.3884298107134,-1000.0
2513,-1000.0,-782.982317942696,-1000.0
2514,-1000.0,-966.2086015015321,-1000.0
2515,-1000.0,-988.1335399408699,-1000.0
2516,-1000.0,-999.1716655420323,-1000.0
2517,-1000.0,-999.9999995527401,-1000.0
2518,-1000.0,-1000.0,-808.3976990048795
2519,-1000.0,-980.2648907015816,-190.87167049999994
2520,-1000.0,-949.8237690708307,95.79538000000866
2521,-1000.0,-910.3771767682954,273.04759489280787
2522,-1000.0,-898.7566278491197,233.81782264566937
2523,-1000.0,-941.9769818143684,96.06894015564012
2524,-1000.0,-907.8629356997899,-29.476200337800037
2525,-1000.0,-861.1983912041742,-48.36446869479005
2526,-1000.0,-929.833966699728,-392.08231428558975
2527,-1000.0,-1000.0,-995.2869080444398
2528,-1000.0,-1000.0,-1000.0
2529,-1000.0,-965.6434735452412,-1000.0
2530,-1000.0,-1000.0,-1000.0
2531,-1000.0,-1000.0,-1000.0
2532,-1000.0,-1000.0,-1000.0
2533,-1000.0,-1000.0,-1000.0
2534,-1000.0,-1000.0,-1000.0
2535,-1000.0,-963.3742637415133,-1000.0
2536,-1000.0,-995.7619442795358,-1000.0
2537,-1000.0,-1000.0,-1000.0
2538,-1000.0,-1000.0,-1000.0
2539,-1000.0,-1000.0,-454.9112635774427
2540,-1000.0,-1000.0,-315.1098410000004
2541,-1000.0,-1000.0,-235.64334000000008
2542,-1000.0,-1000.0000005066838,-1000.0
2543,-1000.0,-972.1784268059547,-1000.0
2544,-1000.0,-952.8564640148805,-1000.0
2545,-1000.0,-951.2268975486295,-1000.0
2546,-1000.0,-965.2608045800816,-1000.0
2547,-1000.0,-1000.0,-1000.0
2548,-1000.0,-1000.0,-69.73928700000022
2549,-1000.0,-1000.0,133.98940954393123
2550,-1000.0,-1000.0,253.97852138947974
2551,-1000.0,-991.3848382921983,437.3241924965255
2552,-1000.0,-1000.0,501.42705215987155
2553,-1000.0,-999.9999956231563,-546.6972512823531
2554,-1000.0,-1000.0,-1000.0
2555,-1000.0,-623.7982399136323,-1000.0
2556,-1000.0,-1000.0,-1000.0
2557,-1000.0,-1000.0,-1000.0
2558,-1000.0,-1000.0,-1000.0
2559,-1000.0,-1000.0,-1000.0
2560,-1000.0,-978.3968422901864,-1000.0
2561,-1000.0,-999.9999948204253,-1000.0
2562,-1000.0,-999.9998836124405,-478.9432012800758
2563,-1000.0,-1000.0,-324.2898927175979
2564,-1000.0,-1000.0,-345.28836915269517
2565,-1000.0,-1000.0,-302.9659923430593
2566,-1000.0,-1000.0,-186.88848906053238
2567,-1000.0,-1000.0,-63.862661641990144
2568,-1000.0,-1000.0,77.77639321513288
2569,-1000.0,-1000.0,201.73027465279029
2570,-1000.0,-1000.0,299.1535639400785
2571,-1000.0,-1000.0,364.2840544954613
2572,-1000.0,-1000.0,425.51484344382624
2573,-1000.0,-959.6462533224619,534.4733647193264
2574,-1000.0,-953.6488033501789,884.556966209092
2575,-1000.0,-985.389500369612,392.98286963337995
2576,-1000.0,-1000.0,-598.1656062510747
2577,-1000.0,-1000.0,-1000.0
2578,-1000.0,-1000.0,-1000.0
2579,-1000.0,-1000.0,-1000.0
2580,-1000.0,-1000.0,-1000.0
2581,-1000.0,-1000.0,-1000.0
2582,-1000.0,-1000.0,-1000.0
2583,-1000.0,-1000.0,-1000.0
2584,-1000.0,-1000.0,-1000.0
2585,-1000.0,-999.9999974288521,-791.1547486312102
2586,-1000.0,-1000.0,386.7167242279761
2587,-1000.0,-1000.0,303.67036432696204
2588,-1000.0,-1000.0,272.403986751312
2589,-1000.0,-1000.0,264.65099000159915
2590,-1000.0,-1000.0,246.88315998263937
2591,-1000.0,-1000.0,42.598326499999445
2592,-1000.0,-1000.0,-256.20033100000023
2593,-1000.0,-1000.0,-318.3511754999927
2594,-1000.0,-1000.0,-56.93697650000024
2595,-1000.0,-1000.0,272.50723749999975
2596,-1000.0,-1000.0,487.4798492887014
2597,-1000.0,-941.998260325091,418.7368364782317
2598,-1000.0,-942.4156514607201,903.161669538488
2599,-1000.0,-886.5787326884222,182.77484378785903
2600,-1000.0,-992.2213052963162,-1000.0
2601,-1000.0,-999.9999661281114,-1000.0
2602,-1000.0,-1000.0,-1000.0
2603,-1000.0,-1000.0,-1000.0
2604,-1000.0,-1000.0,-1000.0
2605,-1000.0,-1000.0,-1000.0
2606,-1000.0,-1000.0,-1000.0
2607,-1000.0,-1000.0,-1000.0
2608,-1000.0,-999.9999943895621,-1000.0
2609,-1000.0,-1000.0,-780.2716743448733
2610,-1000.0,-1000.0,535.170991690924
2611,-1000.0,-990.6799640505988,568.7175828467791
2612,-1000.0,-1000.0,501.9449793900017
2613,-1000.0,-1000.0,464.75720436166
2614,-1000.0,-1000.0,454.88859132373807
2615,-1000.0,-1000.0,-243.3857638246668
2616,-1000.0,-1000.0,-693.8219974999997
2617,-1000.0,-1000.0,-1000.0
2618,-1000.0,-1000.0,-703.3957027832275
2619,-1000.0,-1000.0,-532.5635878047106
2620,-1000.0,-1000.0,-253.35661199999964
2621,-1000.0,-975.7463093179251,470.25103953422854
2622,-1000.0,-903.4663132767786,541.3542655767993
2623,-1000.0,-871.2015725809722,639.7468438228933
2624,-1000.0,-921.9927831383839,-1000.0
2625,-1000.0,-990.8624114148906,-1000.0
2626,-1000.0,-1000.0,-1000.0
2627,-1000.0,-1000.0,-1000.0
2628,-1000.0,-1000.0,-1000.0
2629,-1000.0,-1000.0,-1000.0
2630,-1000.0,-1000.0,-1000.0
2631,-1000.0,-1000.0,-1000.0
2632,-1000.0,-1000.0,-1000.0
2633,-1000.0,-1000.0,-1000.0
2634,-1000.0,-999.6855375719012,-118.05367624481573
2635,-1000.0,-991.6984182188758,222.05367056254408
2636,-1000.0,-986.9302695827553,265.58500221373913
2637,-1000.0,-1000.0,267.91428988774874
2638,-1000.0,-1000.0,310.4648498058393
2639,-1000.0,-1000.0,333.6694874584424
2640,-1000.0,-1000.0,49.971811038984754
2641,-1000.0,-1000.0,-124.58263999999963
2642,-1000.0,-1000.0,-260.52975799999626
2643,-1000.0,-1000.0,-406.3452915000005
2644,-1000.0,-1000.0,-415.8501514999998
2645,-1000.0,-944.5006886796716,-6.791500312914877
2646,-1000.0,-900.742368338155,10.242055332785526
2647,-1000.0,-917.4370157673236,5.795556853453775
2648,-1000.0,-928.9753426309173,-1000.0
2649,-1000.0,-953.5755151829667,-1000.0
2650,-1000.0,-1000.0,-1000.0
2651,-1000.0,-1000.0,-1000.0
2652,-1000.0,-1000.0,-1000.0
2653,-1000.0,-1000.0,-1000.0
2654,-1000.0,-1000.0,-1000.0
2655,-1000.0,-1000.0,-1000.0
2656,-1000.0,-1000.0,-1000.0
2657,-1000.0,-933.4503992212872,-1000.0
2658,-1000.0,-1000.0,-1000.0
2659,-1000.0,-1000.0,-791.5695425063287
2660,-1000.0,-1000.0,-726.4379969201193
2661,-1000.0,-1000.0,-823.2417366286609
2662,-1000.0,-999.9999973413743,-1000.0
2663,-1000.0,-1000.0,-1000.0
2664,-1000.0,-1000.0,-1000.0
2665,-1000.0,-1000.0,-1000.0
2666,-1000.0,-1000.0,-1000.0
2667,-1000.0,-1000.0,-1000.0
2668,-1000.0,-1000.0,-1000.0
2669,-1000.0,-1000.0,-1000.0
2670,-1000.0,-1000.0,-1000.0
2671,-1000.0,-1000.0,-1000.0
2672,-1000.0,-1000.0,-1000.0
2673,-1000.0,-1000.0,-1000.0
2674,-1000.0,-988.823549803815,-1000.0
2675,-1000.0,-995.8363109331232,-1000.0
2676,-1000.0,-1000.0,-1000.0
2677,-1000.0,-1000.0,-1000.0
2678,-1000.0,-1000.0,-1000.0
2679,-1000.0,-1000.0,-1000.0
2680,-1000.0,-1000.0,-1000.0
2681,-1000.0,-999.9999851792506,-1000.0
2682,-1000.0,-1000.0,89.60385811179685
2683,-1000.0,-1000.0,425.0881440993553
2684,-1000.0,-1000.0,442.58849613688676
2685,-1000.0,-1000.0,476.42478729849745
2686,-1000.0,-1000.0,-200.71639895153248
2687,-1000.0,-1000.0,-1000.0
2688,-1000.0,-960.3792432159038,-1000.0
2689,-1000.0,-942.7280652878314,-1000.0
2690,-1000.0,-935.5478150986562,-984.32654015769
2691,-1000.0,-927.0973651944688,-832.8091120252902
2692,-1000.0,-905.8607085689109,-639.98086691753
2693,-1000.0,-859.987250028804,-310.1760835954801
2694,-1000.0,-880.7744003668658,-479.3845849401605
2695,-1000.0,-1000.0,-787.2656960083805
2696,-1000.0,-999.9999714992797,-887.85056925757
2697,-1000.0,-999.999997357834,-1000.0
2698,-1000.0,-1000.0,-1000.0
2699,-1000.0,-1000.0,-859.0422933335794
2700,-1000.0,-1000.0,-980.0938309630878
2701,-1000.0,-1000.0,-1000.0
2702,-1000.0,-1000.0,-661.5391195521199
2703,-1000.0,-1000.0,-402.24211063778307
2704,-1000.0,-992.8391965824164,-868.4722710448057
2705,-1000.0,-1000.0,-1000.0
2706,-1000.0,-999.9999982330014,-548.8037957303543
2707,-1000.0,-999.9999939577547,161.27640161340673
2708,-1000.0,-1000.0,480.45674352782976
2709,-1000.0,-1000.0,387.98218349999956
2710,-1000.0,-1000.0,-296.4961765000003
2711,-1000.0,-999.9999995515865,-862.0255224999997
2712,-1000.0,-1000.0,-1000.0
2713,-1000.0,-1000.0,-1000.0
2714,-1000.0,-1000.0,-991.8119635000003
2715,-1000.0,-1000.0,-673.2743899907682
2716,-1000.0,-1000.0,-9.79419399999972
2717,-1000.0,-936.2381195034222,492.6648384401815
2718,-1000.0,-862.1481675201771,607.4904002662977
2719,-1000.0,-865.4696777599665,388.82628300474653
2720,-1000.0,-884.6855458154382,-389.07119516668706
2721,-1000.0,-992.3794068826014,-958.0491783862262
2722,-1000.0,-1000.0,-1000.0
2723,-1000.0,-1000.0,-1000.0
2724,-1000.0,-1000.0,-1000.0
2725,-1000.0,-1000.0,-1000.0
2726,-1000.0,-1000.0,-1000.0
2727,-1000.0,-1000.0,-1000.0
2728,-1000.0,-1000.0,-1000.0
2729,-1000.0,-1000.0,584.814793373585
2730,-1000.0,-961.8777193490339,618.1724575762664
2731,-1000.0,-917.211525061923,563.0115421443534
2732,-1000.0,-946.4048251175773,546.9514152396443
2733,-1000.0,-995.7867329860376,487.6383532997995
2734,-1000.0,-1000.0,140.0124740000008
2735,-1000.0,-999.9999938538833,-811.9438481461157
2736,-1000.0,-792.1057999999946,-597.6769755
2737,-1000.0,-902.26336304137,-1000.0
2738,-1000.0,-892.7807478943221,-1000.0
2739,-1000.0,-999.9999992778944,-1000.0
2740,-1000.0,-1000.0,-1000.0
2741,-1000.0,-950.5805614483468,-444.72293245453295
2742,-1000.0,-913.2856156305038,-213.91462035489076
2743,-1000.0,-891.1099477693881,62.12880485685673
2744,-1000.0,-960.319788631265,244.98962703898678
2745,-1000.0,-982.629573300964,-899.6391484244394
2746,-1000.0,-1000.0,-328.7195929281688
2747,-1000.0,-1000.0,-569.0304580178284
2748,-1000.0,-1000.0,-1000.0
2749,-1000.0,-999.9999982323661,-1000.0
2750,-1000.0,-1000.0,-1000.0
2751,-1000.0,-1000.0,-1000.0
2752,-1000.0,-1000.0,-1000.0
2753,-1000.0,-995.0828027039423,-1000.0
2754,-1000.0,-956.5365876878783,-180.03477278804428
2755,-1000.0,-919.7626701983581,-21.857485815721475
2756,-1000.0,-912.1042882488591,13.497772449644344
2757,-1000.0,-975.4505998581847,27.96039688441033
2758,-1000.0,-1000.0,-789.8846744999997
2759,-1000.0,-1000.0,-1000.0
2760,-1000.0,-1000.0,-1000.0
2761,-1000.0,-1000.0,-1000.0
2762,-1000.0,-999.999995355184,-979.4914890000001
2763,-1000.0,-1000.0,-278.7361730000039
2764,-1000.0,-1000.0000005530843,450.50090853012944
2765,-1000.0,-977.6542391767205,551.9150784683616
2766,-1000.0,-883.4367873861581,504.7482666109704
2767,-1000.0,-934.2495126725514,524.294495499606
2768,-1000.0,-998.0672166940955,640.331345508705
2769,-1000.0,-1000.0,-484.85998972768505
2770,-1000.0,-1000.0,-1000.0
2771,-1000.0,-1000.0,-1000.0
2772,-1000.0,-1000.0,-1000.0
2773,-1000.0,-1000.0,-1000.0
2774,-1000.0,-1000.0,-1000.0
2775,-1000.0,-1000.0,-490.0532146507885
2776,-1000.0,-1000.0,115.72243825014652
2777,-1000.0,-989.5318591600249,517.3731913589008
2778,-1000.0,-969.9341764767728,331.6152697594714
2779,-1000.0,-962.8862437152814,299.39548381919735
2780,-1000.0,-983.1905671504173,316.1576509270094
2781,-1000.0,-1000.0,528.8422243117213
2782,-1000.0,-1000.0,395.3127387924642
2783,-1000.0,-1000.0,-255.84904700000038
2784,-1000.0,-949.0144216978597,-374.0831238021392
2785,-1000.0,-991.3089999999999,-999.9999905000013
2786,-1000.0,-992.1533238008717,-1000.0
2787,-1000.0,-996.7052840178355,-1000.0
2788,-1000.0,-1000.0,-292.7045050000004
2789,-1000.0,-1000.0,381.92437229366715
2790,-1000.0,-1000.0,417.3132465453659
2791,-1000.0,-1000.0,502.38432031691354
2792,-1000.0,-1000.0,481.0152744730508
2793,-1000.0,-1000.0,-726.0495289841563
2794,-1000.0,-1000.0,-1000.0
2795,-1000.0,-1000.0,-1000.0
2796,-1000.0,-979.5096695286577,-1000.0
2797,-1000.0,-999.9999507697128,-1000.0
2798,-1000.0,-1000.0,-1000.0
2799,-1000.0,-999.9999138139656,-1000.0
2800,-1000.0,-1000.0,-1000.0
2801,-1000.0,-1000.0,-1000.0
2802,-1000.0,-1000.0,-977.7667757594918
2803,-1000.0,-985.4274056695808,18.973678482725518
2804,-1000.0,-979.9346305989973,64.3021575636617
2805,-1000.0,-1000.0,-511.15218179861745
2806,-1000.0,-1000.0,-1000.0
2807,-1000.0,-1000.0,-1000.0
2808,-1000.0,-1000.0,-1000.0
2809,-1000.0,-1000.0,-1000.0
2810,-1000.0,-1000.0,-1000.0
2811,-1000.0,-1000.0,-824.9320395000001
2812,-1000.0,-999.9999980870634,-88.61886549999372
2813,-1000.0,-993.3899910215337,490.62525406999316
2814,-1000.0,-966.4235685478852,517.0666365096622
2815,-1000.0,-997.3278751861496,545.0167359058132
2816,-1000.0,-1000.0,-875.6384449932932
2817,-1000.0,-1000.0,-1000.0
2818,-1000.0,-1000.0,-1000.0
2819,-1000.0,-1000.0,-1000.0
2820,-1000.0,-981.9763546454706,-1000.0
2821,-1000.0,-1000.0,-1000.0
2822,-1000.0,-1000.0,-1000.0
2823,-1000.0,-1000.0,-1000.0
2824,-1000.0,-1000.0,-1000.0
2825,-1000.0,-1000.0,-1000.0
2826,-1000.0,-998.7055018355757,-44.457037690822744
2827,-1000.0,-969.7196892702079,11.797601458663848
2828,-1000.0,-975.5009493370828,-8.817291524471557
2829,-1000.0,-1000.0,-161.89956581406057
2830,-1000.0,-1000.0,-1000.0
2831,-1000.0,-999.9999999999999,-1000.0
2832,-1000.0,-959.3906529312499,-1000.0
2833,-1000.0,-929.0966547244775,-1000.0
2834,-1000.0,-903.763919078247,-1000.0
2835,-1000.0,-901.2635563647102,-1000.0
2836,-1000.0,-914.3550381848977,-1000.0
2837,-1000.0,-930.6225374477857,-1000.0
2838,-1000.0,-916.2315929969553,-892.9412849741625
2839,-1000.0,-1000.0,-1000.0
2840,-1000.0,-1000.0,-1000.0
2841,-1000.0,-1000.0,-1000.0
2842,-1000.0,-1000.0,-1000.0
2843,-1000.0,-1000.0,-1000.0
2844,-1000.0,-954.4066720942672,-1000.0
2845,-1000.0,-1000.0,-1000.0
2846,-1000.0,-1000.0,-1000.0
2847,-1000.0,-1000.0,-1000.0
2848,-1000.0,-921.1904343996391,-1000.0
2849,-1000.0,-1000.0,-1000.0
2850,-1000.0,-1000.0,-551.2561943480205
2851,-1000.0,-1000.0,-582.6819349024374
2852,-1000.0,-1000.0,-714.8271749999996
2853,-1000.0,-1000.0,-1000.0
2854,-1000.0,-888.9027018329252,-1000.0
2855,-1000.0,-890.1646474317772,-1000.0
2856,-1000.0,-896.5025432568282,-928.1900389902894
2857,-1000.0,-906.3670521769534,-585.6420785876298
2858,-1000.0,-919.129868667705,-429.96333549999997
2859,-1000.0,-902.4375235742409,-446.6161309075005
2860,-1000.0,-882.3278357531478,-619.2183994960596
2861,-1000.0,-879.9919951903851,-620.9803920091599
2862,-1000.0,-905.2941417448483,-940.1214812153503
2863,-1000.0,-889.1840463892554,-1000.0
2864,-1000.0,-974.2835669484516,-1000.0
2865,-1000.0,-917.8785480968927,-1000.0
2866,-1000.0,-916.6165802939177,-1000.0
2867,-1000.0,-950.8390503552182,-1000.0
2868,-1000.0,-1000.0,-1000.0
2869,-1000.0,-1000.0,-886.0442230559102
2870,-1000.0,-1000.0,-843.4099496218223
2871,-1000.0,-1000.0,-1000.0
2872,-1000.0,-938.8247774300946,-1000.0
2873,-1000.0,-937.6878526274693,-1000.0
2874,-1000.0,-1000.0,-1000.0
2875,-1000.0,-1000.0,-874.1177825211842
2876,-1000.0,-1000.0,-654.7613414999946
2877,-1000.0,-1000.0,-1000.0
2878,-1000.0,-1000.0,-1000.0
2879,-1000.0,-906.24473399263,-1000.0
2880,-1000.0,-859.7418862148623,-1000.0
2881,-1000.0,-853.0425205828864,-1000.0
2882,-1000.0,-857.1035386670761,-1000.0
2883,-1000.0,-881.7820272814747,-1000.0
2884,-1000.0,-917.7058943252306,-1000.0
2885,-1000.0,-1000.0,-696.2558359301179
2886,-1000.0,-1000.0,292.53783869632707
2887,-1000.0,-1000.0,494.0221568323939
2888,-1000.0,-1000.0,105.7395339841114
2889,-1000.0,-1000.0,-1000.0
2890,-1000.0,-999.9999223375119,-1000.0
2891,-1000.0,-999.9999757213961,-1000.0
2892,-1000.0,-1000.0,-1000.0
2893,-1000.0,-1000.0,-1000.0
2894,-1000.0,-1000.0,-1000.0
2895,-1000.0,-1000.0,-1000.0
2896,-1000.0,-999.9999677692423,-1000.0
2897,-1000.0,-999.9999610287175,-1000.0
2898,-1000.0,-1000.0,-592.1307120409756
2899,-1000.0,-1000.0,-108.04121708707771
2900,-1000.0,-1000.0,-30.75634850000006
2901,-1000.0,-999.9999963597643,-631.6611250000002
2902,-1000.0,-980.3031461012257,-1000.0
2903,-1000.0,-923.2187223926271,-1000.0
2904,-1000.0,-899.7519058480261,-915.9997644535097
2905,-1000.0,-900.1941169772851,-694.7977490245103
2906,-1000.0,-889.8243830866415,-678.4724338365104
2907,-1000.0,-882.3035507618827,-690.5855976084104
2908,-1000.0,-878.5939117678759,-681.4681712591901
2909,-1000.0,-880.0558542010593,-591.18901574144
2910,-1000.0,-889.1057506287609,-916.8484648968506
2911,-1000.0,-870.0370608686039,-1000.0
2912,-1000.0,-866.7944464540453,-1000.0
2913,-1000.0,-934.7700228190095,-1000.0
2914,-1000.0,-934.5393910430489,-1000.0
2915,-1000.0,-970.6634641082765,-1000.0
2916,-1000.0,-1000.0,-875.7216611117601
2917,-1000.0,-1000.0,-716.372023064016
2918,-1000.0,-915.8172307207735,-743.9876790323397
2919,-1000.0,-867.9123269737438,-773.9706171177904
2920,-1000.0,-930.8900719485767,-1000.0
2921,-1000.0,-1000.0,-905.3516380606416
2922,-1000.0,-999.9999934286302,-416.49943338862454
2923,-1000.0,-1000.0,289.2590967703427
2924,-1000.0,-999.9999950970857,604.5336214711097
2925,-1000.0,-1000.0,51.88449199999991
2926,-1000.0,-975.5972650516326,-620.109644999995
2927,-1000.0,-977.1348006557823,-1000.0
2928,-1000.0,-923.5673407542208,-1000.0
2929,-1000.0,-899.4649008543058,-1000.0
2930,-1000.0,-895.7510433666182,-1000.0
2931,-1000.0,-892.5867604330024,-1000.0
2932,-1000.0,-914.0492414272005,-1000.0
2933,-1000.0,-1000.0,-411.746172714722
2934,-1000.0,-1000.0,-29.423220977841083
2935,-1000.0,-979.0454765281941,127.5814866636008
2936,-1000.0,-992.6346208722196,35.99578687994699
2937,-1000.0,-999.9999972040057,-935.8973294558332
2938,-1000.0,-1000.0,-1000.0
2939,-1000.0,-1000.0,-1000.0
2940,-1000.0,-999.9999969670105,-1000.0
2941,-1000.0,-1000.0,-1000.0
2942,-1000.0,-1000.0,-1000.0
2943,-1000.0,-999.9999815786045,-1000.0
2944,-1000.0,-999.999994565482,-1000.0
2945,-1000.0,-999.2982229879686,-1000.0
2946,-1000.0,-1000.0,-1000.0
2947,-1000.0,-1000.0,-1000.0
2948,-1000.0,-1000.0,-1000.0
2949,-1000.0,-999.9999933643842,-1000.0
2950,-1000.0,-829.2448155775226,-1000.0
2951,-1000.0,-878.9383112168462,-1000.0
2952,-1000.0,-952.7326477003478,-858.2602733139593
2953,-1000.0,-975.2325608850562,-820.8868672514103
2954,-1000.0,-916.5406551355752,-859.9004904132998
2955,-1000.0,-859.9361358825761,-1000.0
2956,-1000.0,-872.9203216715487,-1000.0
2957,-1000.0,-1000.0,-1000.0
2958,-1000.0,-1000.0,-610.7294048137029
2959,-1000.0,-988.7342380151135,-1000.0
2960,-1000.0,-997.607516841538,-1000.0
2961,-1000.0,-984.4342529482017,-1000.0
2962,-1000.0,-888.3955265009232,-1000.0
2963,-1000.0,-913.1905097898812,-1000.0
2964,-1000.0,-918.557027594089,-1000.0
2965,-1000.0,-944.5261954638324,-1000.0
2966,-1000.0,-1000.0,-1000.0
2967,-1000.0,-999.9999403645779,-1000.0
2968,-1000.0,-999.9999245236224,-1000.0
2969,-1000.0,-1000.0,640.3704659059756
2970,-1000.0,-965.9536092719557,214.73271257037186
2971,-1000.0,-1000.0,315.898131532088
2972,-1000.0,-1000.0,514.6016284054044
2973,-1000.0,-1000.0,264.8477499510411
2974,-1000.0,-1000.0,-1000.0
2975,-1000.0,-975.1588976671435,-1000.0
2976,-1000.0,-990.6286946178502,-1000.0
2977,-1000.0,-1000.0,-1000.0
2978,-1000.0,-1000.0,-1000.0
2979,-1000.0,-1000.0,-1000.0
2980,-1000.0,-1000.0,-1000.0
2981,-1000.0,-963.4748484284098,-1000.0
2982,-1000.0,-995.6819696500481,-1000.0
2983,-1000.0,-1000.0,-1000.0
2984,-1000.0,-1000.0,-1000.0
2985,-1000.0,-1000.0,-1000.0
2986,-1000.0,-1000.0,-1000.0
2987,-1000.0,-1000.0,-1000.0
2988,-1000.0,-1000.0,-1000.0
2989,-1000.0,-1000.0,-1000.0
2990,-1000.0,-1000.0,-1000.0
2991,-1000.0,-1000.0,-1000.0
2992,-1000.0,-1000.0,-1000.0
2993,-1000.0,-1000.0,-1000.0
2994,-1000.0,-1000.0,-1000.0
2995,-1000.0,-1000.0,-1000.0
2996,-1000.0,-1000.0,-1000.0
2997,-1000.0,-998.5674807175793,-1000.0
2998,-1000.0,-937.3992191124285,-1000.0
2999,-1000.0,-963.5170079546067,-1000.0
3000,-1000.0,-984.3316167866535,-1000.0
3001,-1000.0,-991.8229446830167,-1000.0
3002,-1000.0,-986.5678294391729,-1000.0
3003,-1000.0,-974.805821918032,-1000.0
3004,-1000.0,-970.077804781307,-1000.0
3005,-1000.0,-963.9801084951791,-1000.0
3006,-1000.0,-971.7851395378541,-1000.0
3007,-1000.0,-958.4434400976045,-1000.0
3008,-1000.0,-1000.0,-1000.0
3009,-1000.0,-1000.0,-1000.0
3010,-1000.0,-1000.0,-1000.0
3011,-1000.0,-1000.0,-1000.0
3012,-1000.0,-1000.0,-1000.0
3013,-1000.0,-1000.0,-1000.0
3014,-1000.0,-1000.0,-1000.0
3015,-1000.0,-1000.0,-1000.0
3016,-1000.0,-1000.0,-1000.0
3017,-1000.0,-1000.0,-1000.0
3018,-1000.0,-888.8110234400762,-1000.0
3019,-1000.0,-955.1000883466324,-1000.0
3020,-1000.0,-953.3720525896072,-1000.0
3021,-1000.0,-958.2127897647244,-1000.0
3022,-1000.0,-1000.0,-1000.0
3023,-1000.0,-1000.0,-1000.0
3024,-1000.0,-1000.0,-1000.0
3025,-1000.0,-1000.0,-1000.0
3026,-1000.0,-1000.0,-1000.0
3027,-1000.0,-1000.0,-1000.0
3028,-1000.0,-1000.0,-1000.0
3029,-1000.0,-1000.0,-1000.0
3030,-1000.0,-1000.0,-1000.0
3031,-1000.0,-1000.0,-1000.0
3032,-1000.0,-1000.0,-1000.0
3033,-1000.0,-1000.0,-1000.0
3034,-1000.0,-988.349377233849,-1000.0
3035,-1000.0,-976.6730763127157,-1000.0
3036,-1000.0,-990.214652164731,-1000.0
3037,-1000.0,-1000.0,-1000.0
3038,-1000.0,-1000.0,-1000.0
3039,-1000.0,-1000.0,-1000.0
3040,-1000.0,-975.6050607886775,-1000.0
3041,-1000.0,-1000.0,-1000.0
3042,-1000.0,-1000.0,-1000.0
3043,-1000.0,-1000.0,-397.71931487941356
3044,-1000.0,-1000.0,41.35209399999985
3045,-1000.0,-1000.0,-53.91024800000014
3046,-1000.0,-1000.0000000265713,-730.298456499997
3047,-1000.0,-1000.0,-1000.0
3048,-1000.0,-858.8306000000003,-714.6399999999967
3049,-1000.0,-861.4120004646793,-744.7577215353149
3050,-1000.0,-1000.0,-1000.0
3051,-1000.0,-1000.0,-1000.0
3052,-1000.0,-999.9999958866783,-435.91456400000015
3053,-1000.0,-969.5997098481985,451.2417002886498
3054,-1000.0,-876.4977441209872,352.12691599777304
3055,-1000.0,-881.9098608871197,229.40426801687363
3056,-1000.0,-914.9485033070671,-197.40944680325094
3057,-1000.0,-829.9016913624471,449.82462889530325
3058,-1000.0,-1000.0,-1000.0
3059,-1000.0,-1000.0,-1000.0
3060,-1000.0,-1000.0,-1000.0
3061,-1000.0,-1000.0,-1000.0
3062,-1000.0,-1000.0,-1000.0
3063,-1000.0,-1000.0,-1000.0
3064,-1000.0,-1000.0,-691.1215734724137
3065,-1000.0,-1000.0,646.635223694394
3066,-1000.0,-967.9197793753474,629.319607617201
3067,-1000.0,-955.2061968701546,457.81566744032375
3068,-1000.0,-962.0406708351143,299.09140312083855
3069,-1000.0,-1000.0,-126.6081616903723
3070,-1000.0,-1000.0,-1000.0
3071,-1000.0,-974.2979938344072,-1000.0
3072,-1000.0,-969.0048726436905,-1000.0
3073,-1000.0,-950.9790942196018,-1000.0
3074,-1000.0,-966.9152256196855,-1000.0
3075,-1000.0,-984.8408828073073,-1000.0
3076,-1000.0,-1000.0,-1000.0
3077,-1000.0,-1000.0,-171.94121474750114
3078,-1000.0,-1000.0,-159.13834159679857
3079,-1000.0,-1000.0,-130.84098936080431
3080,-1000.0,-1000.0,-1000.0
3081,-1000.0,-1000.0,-1000.0
3082,-1000.0,-1000.0,-1000.0
3083,-1000.0,-1000.0,-1000.0
3084,-1000.0,-1000.0,-1000.0
3085,-1000.0,-1000.0,-1000.0
3086,-1000.0,-1000.0,-1000.0
3087,-1000.0,-1000.0,-1000.0
3088,-1000.0,-1000.0,-1000.0
3089,-1000.0,-1000.0,-1000.0
3090,-1000.0,-998.7399818444567,-1000.0
3091,-1000.0,-999.6485524033701,-1000.0
3092,-1000.0,-1000.0,-1000.0
3093,-1000.0,-999.9999930342165,-1000.0
3094,-1000.0,-851.5690512296217,-1000.0
3095,-1000.0,-775.5884449982166,-1000.0
3096,-1000.0,-757.1234791610393,-1000.0
3097,-1000.0,-758.902120333617,-1000.0
3098,-1000.0,-736.6909899662071,-1000.0
3099,-1000.0,-748.7320086042857,-1000.0
3100,-1000.0,-851.7486702449588,-1000.0
3101,-1000.0,-962.5894071773362,-1000.0
3102,-1000.0,-934.9533359639581,-1000.0
3103,-1000.0,-936.7475204481577,-1000.0
3104,-1000.0,-898.8758604670388,-1000.0
3105,-1000.0,-825.2084317646076,-1000.0
3106,-1000.0,-866.8037735528312,-1000.0
3107,-1000.0,-1000.0,-1000.0
3108,-1000.0,-1000.0,-1000.0
3109,-1000.0,-1000.0,-1000.0
3110,-1000.0,-1000.0,-1000.0
3111,-1000.0,-987.3689245507097,-1000.0
3112,-1000.0,-999.9999889805508,-1000.0
3113,-1000.0,-985.5463934387933,-1000.0
3114,-1000.0,-977.3627193853084,559.5644551218595
3115,-1000.0,-951.4823949007265,555.0389528805263
3116,-1000.0,-943.3749826022467,476.43036271740175
3117,-1000.0,-983.6858984279302,295.94149458202264
3118,-1000.0,-1000.0,-872.855890847376
3119,-1000.0,-1000.0,-1000.0
3120,-1000.0,-911.7725437247176,-1000.0
3121,-1000.0,-877.3865251361666,-1000.0
3122,-1000.0,-879.9517013463524,-1000.0
3123,-1000.0,-883.511013026588,-1000.0
3124,-1000.0,-1000.0,-1000.0
3125,-1000.0,-1000.0,-1000.0
3126,-1000.0,-999.7649648325039,-74.70399221183948
3127,-1000.0,-1000.0,-510.21720406465454
3128,-1000.0,-991.3869490875734,-1000.0
3129,-1000.0,-1000.0,-1000.0
3130,-1000.0,-1000.0,-1000.0
3131,-1000.0,-1000.0,-1000.0
3132,-1000.0,-1000.0,-1000.0
3133,-836.617479804564,-1000.0,-1000.0
3134,-893.5193079592364,-1000.0,-1000.0
3135,-1000.0,-939.141772682389,-1000.0
3136,-1000.0,-995.1301137800829,-1000.0
3137,-1000.0,-1000.0,-1000.0
3138,-1000.0,-989.3288366129786,-413.96525628607105
3139,-1000.0,-967.1804537044729,-166.01196570067668
3140,-1000.0,-965.6989713668927,-206.07153425979936
3141,-1000.0,-1000.0,-1000.0
3142,-1000.0,-1000.0,-1000.0
3143,-1000.0,-999.9999945768814,-1000.0
3144,-1000.0,-999.9999942598763,-1000.0
3145,-1000.0,-1000.0,-1000.0
3146,-1000.0,-999.9999955775952,-1000.0
3147,-1000.0,-1000.0,-1000.0
3148,-1000.0,-999.9999958416513,-1000.0
3149,-1000.0,-973.9705153103405,150.0150547474509
3150,-1000.0,-940.1799473293185,340.24348510098525
3151,-1000.0,-934.3540683535,122.1628868816606
3152,-1000.0,-969.8821023537378,-1000.0
3153,-1000.0,-992.7693669412561,-1000.0
3154,-1000.0,-1000.0,-1000.0
3155,-1000.0,-993.5989388240208,-1000.0
3156,-1000.0,-1000.0,-1000.0
3157,-1000.0,-1000.0,-1000.0
3158,-1000.0,-1000.0,-1000.0
3159,-1000.0,-1000.0,-1000.0
3160,-1000.0,-1000.0,-1000.0
3161,-1000.0,-890.9686374330969,-1000.0
3162,-1000.0,-860.5461811156795,-1000.0
3163,-1000.0,-973.7984277327603,-1000.0
3164,-1000.0,-1000.0,-1000.0
3165,-1000.0,-1000.0,-1000.0
3166,-1000.0,-982.9276241552358,-948.6495089401697
3167,-1000.0,-851.7166959022863,-680.6545049566002
3168,-1000.0,-844.0809173303692,-502.96620297631034
3169,-1000.0,-825.0144720721942,-532.5414955730002
3170,-1000.0,-814.6847627961515,-831.5928541479198
3171,-1000.0,-861.3761455783747,-1000.0
3172,-1000.0,-940.7837319406599,-1000.0
3173,-1000.0,-983.6305575185795,-1000.0
3174,-1000.0,-1000.0,-1000.0
3175,-1000.0,-997.1124922736949,-1000.0
3176,-1000.0,-831.9138051093432,-1000.0
3177,-1000.0,-1000.0,-1000.0
3178,-1000.0,-1000.0,-1000.0
3179,-1000.0,-1000.0,-1000.0
3180,-1000.0,-1000.0,-1000.0
3181,-1000.0,-1000.0,-1000.0
3182,-1000.0,-1000.0,-1000.0
3183,-1000.0,-997.5835217966974,-1000.0
3184,-1000.0,-865.0152518663315,-1000.0
3185,-1000.0,-1000.0,-1000.0
3186,-1000.0,-1000.0,-1000.0
3187,-1000.0,-1000.0,-1000.0
3188,-1000.0,-1000.0,-955.507192352793
3189,-1000.0,-1000.0,-887.2746385
3190,-1000.0,-1000.0,-1000.0
3191,-1000.0,-1000.0,-1000.0
3192,-1000.0,-936.0191678522555,-1000.0
3193,-1000.0,-874.9907197879263,-1000.0
3194,-1000.0,-868.1134642080128,-1000.0
3195,-1000.0,-879.1586843260277,-1000.0
3196,-1000.0,-868.9863742018482,-1000.0
3197,-1000.0,-866.2392517377116,-1000.0
3198,-1000.0,-862.9473945643927,-1000.0
3199,-1000.0,-1000.0,-1000.0
3200,-1000.0,-1000.0,-1000.0
3201,-1000.0,-999.9999683222513,-1000.0
3202,-1000.0,-1000.0,-1000.0
3203,-1000.0,-1000.0,-1000.0
3204,-694.4571727537223,-1000.0,-1000.0
3205,-686.4553303374205,-999.7469344775011,-1000.0
3206,-1000.0,-935.6404215767741,-1000.0
3207,-1000.0,-917.878608220989,-1000.0
3208,-1000.0,-929.9497023579663,-1000.0
3209,-1000.0,-1000.0,-735.6387804759179
3210,-1000.0,-1000.0,128.90583555037801
3211,-1000.0,-1000.0,374.1275961277421
3212,-1000.0,-1000.0,556.8837425000005
3213,-1000.0,-1000.0,535.2554299999996
3214,-1000.0,-1000.0000009808437,-250.33035699999982
3215,-1000.0,-753.6090499999964,-454.85655349999973
3216,-1000.0,-963.0940376331775,-1000.0
3217,-1000.0,-953.6174162202033,-1000.0
3218,-1000.0,-965.1453452780445,-1000.0
3219,-1000.0,-709.2490999999999,-864.2799015
3220,-1000.0,-999.9999938771252,-464.274639
3221,-1000.0,-1000.0,536.8868862881894
3222,-1000.0,-1000.0,619.9924623345721
3223,-1000.0,-1000.0,666.5769435578603
3224,-1000.0,-1000.0,125.06846657545248
3225,-1000.0,-1000.0,-949.8676828206922
3226,-1000.0,-1000.0,-1000.0
3227,-1000.0,-1000.0,-1000.0
3228,-724.4334019846865,-1000.0,-1000.0
3229,-384.2460251186203,-1000.0,-1000.0
3230,-358.03228639100143,-1000.0,-1000.0
3231,-620.3949464266416,-1000.0,-1000.0
3232,-1000.0,-988.6652679479453,-1000.0
3233,-1000.0,-1000.0,-1000.0
3234,-1000.0,-1000.0,594.5254123117595
3235,-1000.0,-975.7382697375895,562.164342234149
3236,-1000.0,-957.7469908613714,514.5199879398617
3237,-1000.0,-992.224468175257,574.2772950575807
3238,-1000.0,-1000.0,-8.392776500000082
3239,-1000.0,-1000.0,-474.14272500000015
3240,-1000.0,-1000.0,-740.1407215000099
3241,-1000.0,-1000.0,-852.0249275000003
3242,-1000.0,-1000.0,-751.9953585000002
3243,-1000.0,-1000.0,-697.1204184999998
3244,-1000.0,-999.9999980554728,-251.08301250000017
3245,-1000.0,-1000.0,246.57535241149503
3246,-1000.0,-1000.0,298.0558787935272
3247,-1000.0,-1000.0,305.0957933835507
3248,-1000.0,-1000.0,127.88796847678358
3249,-1000.0,-1000.0,-913.7882396957539
3250,-1000.0,-1000.0,-1000.0
3251,-1000.0,-999.999991150358,-1000.0
3252,-1000.0,-1000.0,-1000.0
3253,-1000.0,-999.9999943327889,-1000.0
3254,-1000.0,-1000.0,-1000.0
3255,-1000.0,-999.9999996884959,-1000.0
3256,-1000.0,-997.2389042043076,-1000.0
3257,-1000.0,-1000.0,-1000.0
3258,-1000.0,-968.978727564135,-1000.0
3259,-1000.0,-950.7402775770963,-1000.0
3260,-1000.0,-946.6684263885588,-1000.0
3261,-1000.0,-979.4706608208471,-1000.0
3262,-1000.0,-979.047663099132,-1000.0
3263,-1000.0,-948.9147839582113,-1000.0
3264,-1000.0,-941.8790624048227,-1000.0
3265,-1000.0,-936.9427760501079,-873.0345304999985
3266,-1000.0,-956.1985274308303,-831.2322585000006
3267,-1000.0,-986.7173889651369,-877.2529654999938
3268,-1000.0,-999.9999967663348,-1000.0
3269,-1000.0,-968.8506042911708,-1000.0
3270,-1000.0,-938.6662559832823,-281.838093564887
3271,-1000.0,-964.4163249168245,-1000.0
3272,-1000.0,-984.7863304742856,-1000.0
3273,-1000.0,-846.6498383520454,-1000.0
3274,-1000.0,-974.6147863931836,-1000.0
3275,-1000.0,-1000.0,-1000.0
3276,-1000.0,-1000.0,-1000.0
3277,-1000.0,-1000.0,-1000.0
3278,-1000.0,-1000.0,-1000.0
3279,-1000.0,-1000.0,-1000.0
3280,-1000.0,-957.902651019206,-1000.0
3281,-1000.0,-927.8716108064582,-1000.0
3282,-1000.0,-1000.0,-1000.0
3283,-1000.0,-973.6460911066374,-540.6480656427739
3284,-1000.0,-960.3196398310558,-122.48643515178506
3285,-1000.0,-963.6018351714299,-8.11073923108836
3286,-1000.0,-1000.0,-571.1134274240712
3287,-1000.0,-999.9999964995839,-662.4642145000004
3288,-1000.0,-1000.0000004309336,-771.0771879999999
3289,-1000.0,-1000.0,-797.5878524999996
3290,-1000.0,-1000.0,-647.7634850000002
3291,-1000.0,-1000.0,-570.2855970000003
3292,-1000.0,-949.6388569297981,-367.32856957019703
3293,-1000.0,-664.3263411977705,-976.0754313682527
3294,-1000.0,-954.7694586291498,-1000.0
3295,-1000.0,-915.104138256361,-1000.0
3296,-1000.0,-912.1218863681818,-1000.0
3297,-1000.0,-1000.0,-1000.0
3298,-1000.0,-1000.0,-1000.0
3299,-1000.0,-1000.0,-1000.0
3300,-1000.0,-1000.0,-1000.0
3301,-1000.0,-1000.0,-1000.0
3302,-1000.0,-1000.0,-1000.0
3303,-1000.0,-1000.0,-1000.0
3304,-1000.0,-1000.0,-1000.0
3305,-1000.0,-877.2863509836917,-1000.0
3306,-1000.0,-959.3761360203587,-1000.0
3307,-1000.0,-943.1527014847427,-1000.0
3308,-1000.0,-917.1762705504827,-1000.0
3309,-1000.0,-905.6539070175309,-1000.0
3310,-1000.0,-898.3686303630752,-1000.0
3311,-1000.0,-941.8117805542716,-973.3417479531608
3312,-1000.0,-1000.0,-505.5924869190794
3313,-1000.0,-1000.0,-465.25051050960974
3314,-1000.0,-1000.0,-453.31619487059015
3315,-1000.0,-976.1493109864705,-629.9351933022899
3316,-1000.0,-954.2310180073423,-1000.0
3317,-1000.0,-936.3564228253788,-1000.0
3318,-1000.0,-1000.0,-1000.0
3319,-1000.0,-971.3966215081196,-1000.0
3320,-1000.0,-981.4446785489824,-1000.0
3321,-1000.0,-1000.0,-1000.0
3322,-1000.0,-1000.0,-1000.0
3323,-1000.0,-1000.0,-1000.0
3324,-1000.0,-1000.0,-1000.0
3325,-1000.0,-1000.0,-1000.0
3326,-1000.0,-1000.0,-1000.0
3327,-1000.0,-1000.0,-1000.0
3328,-1000.0,-995.9768811570862,-1000.0
3329,-1000.0,-999.9999974185218,-1000.0
3330,-1000.0,-1000.0,-469.2580345940619
3331,-1000.0,-1000.0,-108.94821677135911
3332,-1000.0,-1000.0,-28.134984064843337
3333,-1000.0,-1000.0,0.1922988435046591
3334,-1000.0,-1000.0,-382.31322559812645
3335,-1000.0,-1000.0,-1000.0
3336,-1000.0,-958.0914126146565,-1000.0
3337,-1000.0,-934.2158253815425,-1000.0
3338,-1000.0,-913.5468212347122,-1000.0
3339,-1000.0,-935.0453646114781,-1000.0
3340,-1000.0,-959.6312870029965,-1000.0
3341,-1000.0,-1000.0,-1000.0
3342,-1000.0,-1000.0,-871.7992003308418
3343,-1000.0,-1000.0,-1000.0
3344,-1000.0,-1000.0,-1000.0
3345,-1000.0,-999.9998895092565,-1000.0
3346,-1000.0,-983.6459057839843,-1000.0
3347,-1000.0,-1000.0,-1000.0
3348,-1000.0,-1000.0,-1000.0
3349,-1000.0,-986.2065558477323,-1000.0
3350,-1000.0,-1000.0,-1000.0
3351,-1000.0,-991.7752739206935,-1000.0
3352,-1000.0,-999.9999087361762,-1000.0
3353,-1000.0,-999.9999685451571,-1000.0
3354,-1000.0,-1000.0,-592.6836365352294
3355,-1000.0,-1000.0,-290.23187389210653
3356,-1000.0,-1000.0,-182.64496099999963
3357,-1000.0,-1000.0,-562.9722100000001
3358,-1000.0,-999.9999988847958,-1000.0
3359,-1000.0,-896.7066599999991,-928.5091064999997
3360,-1000.0,-886.9617491301709,-1000.0
3361,-1000.0,-856.987163915817,-1000.0
3362,-1000.0,-857.3685075785135,-1000.0
3363,-1000.0,-871.9344323392922,-1000.0
3364,-1000.0,-882.7113779171175,-1000.0
3365,-1000.0,-890.2395948648028,-1000.0
3366,-1000.0,-915.1765816795855,-1000.0
3367,-1000.0,-1000.0,-1000.0
3368,-1000.0,-1000.0,-1000.0
3369,-1000.0,-1000.0,-1000.0
3370,-1000.0,-1000.0,-1000.0
3371,-1000.0,-1000.0,-1000.0
3372,-1000.0,-1000.0,-1000.0
3373,-1000.0,-1000.0,-1000.0
3374,-1000.0,-1000.0,-1000.0
3375,-1000.0,-1000.0,-1000.0
3376,-1000.0,-952.2690010908882,-1000.0
3377,-1000.0,-1000.0,-1000.0
3378,-1000.0,-999.9999982887261,-479.50144692733596
3379,-1000.0,-1000.0,257.2090659312739
3380,-1000.0,-999.9999989720693,405.7753421299997
3381,-1000.0,-999.999999180943,415.09893049999965
3382,-1000.0,-999.9999968998432,-166.0073764999998
3383,-1000.0,-999.999996895385,-726.1979624999997
3384,-1000.0,-939.0549126707501,-494.2530969999999
3385,-1000.0,-763.3217999999996,-921.4323335000003
3386,-1000.0,-939.9431761867111,-753.0731098132919
3387,-1000.0,-817.5717164456,-606.941388554405
3388,-1000.0,-999.9999929934667,-540.9340575000001
3389,-1000.0,-995.633458244806,583.2128022020172
3390,-1000.0,-954.6060868281565,494.23728327191225
3391,-1000.0,-953.1697269164081,520.3828864939485
3392,-1000.0,-953.4535439798813,-646.6304179417305
3393,-1000.0,-926.9787179639372,-999.9993582636728
3394,-1000.0,-1000.0,-1000.0
3395,-1000.0,-1000.0,-1000.0
3396,-1000.0,-1000.0,-1000.0
3397,-1000.0,-1000.0,-1000.0
3398,-1000.0,-1000.0,-1000.0
3399,-1000.0,-999.9999583375138,-1000.0
3400,-1000.0,-1000.0,-1000.0
3401,-1000.0,-991.6780366094572,-1000.0
3402,-1000.0,-961.0114271005793,545.5188883990904
3403,-1000.0,-928.7797230119453,491.99605569528387
3404,-1000.0,-938.1834471827626,461.4611350767487
3405,-1000.0,-979.6215087655726,439.29982970823954
3406,-1000.0,-1000.0,-23.46860549999974
3407,-1000.0,-999.9999976639556,-336.81883750000003
3408,-1000.0,-1000.0,-689.8474985588318
3409,-1000.0,-1000.0,-918.0196490000017
3410,-1000.0,-1000.0,-979.9424017811098
3411,-1000.0,-1000.0,-820.2051495
3412,-1000.0,-1000.0000001029637,-423.2992660000009
3413,-1000.0,-961.3524415258184,377.81879093945633
3414,-1000.0,-904.6267857668408,465.25215865395774
3415,-1000.0,-896.3943807652208,609.2553365373765
3416,-1000.0,-963.7519161855321,758.0447646685309
3417,-1000.0,-985.8677350169661,-1000.0
3418,-1000.0,-967.7449045542337,-1000.0
3419,-1000.0,-999.9999055803404,-1000.0
3420,-1000.0,-1000.0,-1000.0
3421,-1000.0,-1000.0,-1000.0
3422,-1000.0,-999.9999997504889,-670.5503977420212
3423,-1000.0,-1000.0,-238.38015795003497
3424,-1000.0,-1000.0,-61.21886733685477
3425,-1000.0,-1000.0,341.84458151548006
3426,-1000.0,-993.1311829438171,444.5095046574727
3427,-1000.0,-968.5733386278614,446.0744441840412
3428,-1000.0,-961.9951775021341,423.27855367284246
3429,-1000.0,-998.5775823414913,453.652025052769
3430,-1000.0,-1000.0,450.5066563613708
3431,-1000.0,-1000.000000643696,32.271841500006985
3432,-1000.0,-1000.0,-201.65167422778404
3433,-1000.0,-999.9999999793262,-332.0990940000015
3434,-1000.0,-999.9999959759875,-367.34430050000014
3435,-1000.0,-999.9999975111714,-127.73727199999996
3436,-1000.0,-1000.0,272.3339839608915
3437,-1000.0,-915.0619698767894,337.81765044999827
3438,-1000.0,-902.8259384911066,956.0223072619331
3439,-1000.0,-876.568888544067,281.9412811918919
3440,-1000.0,-903.5528548959176,-171.73950281938585
3441,-1000.0,-892.0057353467184,7.035584410614774
3442,-1000.0,-1000.0,-1000.0
3443,-1000.0,-1000.0,-1000.0
3444,-1000.0,-1000.0,-1000.0
3445,-1000.0,-1000.0,-1000.0
3446,-1000.0,-1000.0,-1000.0
3447,-1000.0,-1000.0,-1000.0
3448,-1000.0,-867.5669640044142,419.8741637829943
3449,-1000.0,-864.8020785897598,569.5210776132913
3450,-1000.0,-866.3757729320762,570.7947284409212
3451,-1000.0,-866.6536236251411,554.9120921297924
3452,-1000.0,-886.6451404569859,519.2804888895687
3453,-1000.0,-942.6217875538821,588.6702888181329
3454,-1000.0,-986.4683413330586,538.9267750299352
3455,-1000.0,-999.9999970723374,12.153708499997265
3456,-1000.0,-1000.0,-433.1528736586356
3457,-1000.0,-1000.0,-671.4654263616922
3458,-1000.0,-1000.0000005515569,-637.374347
3459,-1000.0,-999.9999936682602,-485.89110100000033
3460,-1000.0,-1000.0,-115.06317764836967
3461,-1000.0,-959.2795800983708,587.6452846110897
3462,-1000.0,-875.3290178316533,553.2890053083609
3463,-1000.0,-865.4142195057814,293.82560308123266
3464,-1000.0,-961.6018475157595,325.67045747120096
3465,-1000.0,-991.7896840223077,-867.9546897246671
3466,-1000.0,-972.4783419382629,-1000.0
3467,-1000.0,-1000.0,-657.6536176146253
3468,-1000.0,-1000.0,-832.9278414145574
3469,-1000.0,-1000.0,-935.3428105398807
3470,-1000.0,-1000.0,-875.2521831105631
3471,-1000.0,-1000.0,-1000.0
3472,-1000.0,-1000.0,-934.3909053740899
3473,-1000.0,-1000.0,-279.81526275754277
3474,-1000.0,-1000.0,429.8210579032004
3475,-1000.0,-1000.0,425.4048354048524
3476,-1000.0,-1000.0,360.25383646354317
3477,-1000.0,-1000.0,122.56929770437668
3478,-1000.0,-1000.0,-796.9856980920263
3479,-1000.0,-1000.0,-1000.0
3480,-1000.0,-1000.0,-1000.0
3481,-1000.0,-921.9003899080897,-1000.0
3482,-1000.0,-921.7088506649968,-1000.0
3483,-1000.0,-999.9999965671734,-1000.0
3484,-1000.0,-1000.0,-1000.0
3485,-1000.0,-980.9658675585831,256.03792652993184
3486,-1000.0,-948.8351067484729,406.27855598794395
3487,-1000.0,-971.7729083162242,492.09374239278077
3488,-1000.0,-1000.0,-1000.0
3489,-1000.0,-1000.0,-1000.0
3490,-1000.0,-1000.0,-1000.0
3491,-1000.0,-1000.0,-1000.0
3492,-1000.0,-999.999994698258,-1000.0
3493,-1000.0,-999.9999974405475,-1000.0
3494,-1000.0,-991.4181504260025,-1000.0
3495,-1000.0,-981.4531221283892,-1000.0
3496,-1000.0,-994.9803757063751,-1000.0
3497,-1000.0,-1000.0,-1000.0
3498,-1000.0,-1000.0,-1000.0
3499,-1000.0,-1000.0000004971303,-981.6431612641903
3500,-1000.0,-1000.0,-942.05534599573
3501,-1000.0,-1000.0,-1000.0
3502,-1000.0,-1000.0,-1000.0
3503,-1000.0,-999.9999997819905,-1000.0
3504,-1000.0,-1000.0,-1000.0
3505,-1000.0,-999.9999958642287,-1000.0
3506,-1000.0,-1000.0,-1000.0
3507,-1000.0,-1000.0,-957.9952025761704
3508,-1000.0,-1000.0,-899.9330604134393
3509,-1000.0,-1000.0,-1000.0
3510,-1000.0,-1000.0,-1000.0
3511,-1000.0,-1000.0,-1000.0
3512,-1000.0,-1000.0,-1000.0
3513,-1000.0,-962.4515151900258,-1000.0
3514,-1000.0,-1000.0,-1000.0
3515,-1000.0,-1000.0,-1000.0
3516,-1000.0,-999.1817972535084,-1000.0
3517,-1000.0,-996.7573231513238,-1000.0
3518,-1000.0,-994.3938369849822,-1000.0
3519,-1000.0,-1000.0,-824.0217057336504
3520,-1000.0,-989.5073204820419,-1000.0
3521,-1000.0,-1000.0,-1000.0
3522,-1000.0,-999.9999929168926,-1000.0
3523,-1000.0,-1000.0,-161.2514450287099
3524,-1000.0,-1000.0,-55.21578850183141
3525,-1000.0,-1000.0,-331.4303289999999
3526,-1000.0,-969.0450331152804,-1000.0
3527,-1000.0,-894.549477306454,-1000.0
3528,-1000.0,-886.0371456791906,-966.8070417092804
3529,-1000.0,-920.2618043657151,-718.4210137684504
3530,-1000.0,-1000.0,-618.0426736831905
3531,-1000.0,-1000.0,-619.0002369720396
3532,-1000.0,-1000.0,-575.546985
3533,-1000.0,-1000.0,-758.3141522721908
3534,-1000.0,-1000.0,-1000.0
3535,-1000.0,-1000.0,-1000.0
3536,-1000.0,-1000.0,-1000.0
3537,-1000.0,-1000.0,-1000.0
3538,-1000.0,-1000.0,-1000.0
3539,-1000.0,-1000.0,-1000.0
3540,-881.140249406234,-1000.0,-1000.0
3541,-600.4861603282343,-999.9999905719922,-1000.0
3542,-582.6510780352764,-978.2568261899498,-1000.0
3543,-803.4764386244351,-987.4550144473583,-1000.0
3544,-1000.0,-1000.0,-1000.0
3545,-1000.0,-1000.0,-1000.0
3546,-1000.0,-1000.0,-1000.0
3547,-1000.0,-999.9999970099473,-1000.0
3548,-1000.0,-1000.0,-1000.0
3549,-1000.0,-1000.0,-1000.0
3550,-1000.0,-1000.0,-1000.0
3551,-1000.0,-906.5548486920219,-1000.0
3552,-1000.0,-875.6537956064776,-909.4521267253695
3553,-1000.0,-884.9815489964735,-790.6066320540194
3554,-1000.0,-889.5236154022639,-772.8997938320399
3555,-1000.0,-895.0217969933869,-725.6817518615699
3556,-1000.0,-858.922853318172,-721.0761841168696
3557,-1000.0,-895.0730437090549,-844.4759535023004
3558,-1000.0,-894.9411425042549,-1000.0
3559,-1000.0,-903.8137275205313,-1000.0
3560,-1000.0,-920.4445290416946,-1000.0
3561,-1000.0,-1000.0,-1000.0
3562,-1000.0,-1000.0,-1000.0
3563,-1000.0,-1000.0,-1000.0
3564,-1000.0,-1000.0,-1000.0
3565,-1000.0,-1000.0,-1000.0
3566,-1000.0,-1000.0,-1000.0
3567,-1000.0,-1000.0,-1000.0
3568,-1000.0,-1000.0,-1000.0
3569,-1000.0,-1000.0,-1000.0
3570,-1000.0,-958.5809732618336,-1000.0
3571,-1000.0,-966.4313626676346,-1000.0
3572,-1000.0,-946.3166938925247,-1000.0
3573,-1000.0,-918.5099823317902,-1000.0
3574,-1000.0,-864.2995999999999,-1000.0
3575,-1000.0,-952.3778987239641,-1000.0
3576,-1000.0,-988.4889545875624,-872.3915943704496
3577,-1000.0,-978.7944653236527,-838.6104282799306
3578,-1000.0,-980.0049304402593,-771.0298750069865
3579,-1000.0,-899.4152385663708,-887.9833870639504
3580,-1000.0,-771.7232999999999,-1000.0
3581,-1000.0,-1000.0,-1000.0
3582,-1000.0,-993.4549420256724,-1000.0
3583,-1000.0,-977.9826911594895,-1000.0
3584,-1000.0,-911.6892919489078,-1000.0
3585,-1000.0,-882.3668515055776,-1000.0
3586,-1000.0,-962.6494263214277,-1000.0
3587,-1000.0,-1000.0,-1000.0
3588,-1000.0,-969.701703774502,-1000.0
3589,-1000.0,-953.3309088038138,-1000.0
3590,-1000.0,-897.5316238090829,-1000.0
3591,-1000.0,-873.9027136473524,-1000.0
3592,-1000.0,-878.2946582266909,-1000.0
3593,-1000.0,-1000.0,-1000.0
3594,-1000.0,-991.433185555933,-1000.0
3595,-1000.0,-961.6989863853527,-248.61301172941126
3596,-1000.0,-957.3789048534259,-237.4933990652812
3597,-1000.0,-972.2967308315276,-580.359704
3598,-1000.0,-999.9999994359063,-1000.0
3599,-1000.0,-1000.0,-1000.0
3600,-1000.0,-999.99999938377,-1000.0
3601,-1000.0,-1000.0,-1000.0
3602,-1000.0,-1000.0,-1000.0
3603,-1000.0,-1000.0,-1000.0
3604,-1000.0,-1000.0,-1000.0
3605,-1000.0,-1000.0,-144.73074064300351
3606,-1000.0,-1000.0,31.24737626284991
3607,-1000.0,-1000.0,185.71468293001362
3608,-1000.0,-1000.0,-603.4605196943671
3609,-1000.0,-998.6329260688253,-1000.0
3610,-1000.0,-1000.0,-1000.0
3611,-1000.0,-1000.0,-1000.0
3612,-1000.0,-1000.0,-1000.0
3613,-1000.0,-1000.0,-1000.0
3614,-1000.0,-967.6098019950293,-1000.0
3615,-1000.0,-943.784004118337,-1000.0
3616,-1000.0,-975.0538340520052,-1000.0
3617,-1000.0,-999.9659587974788,-1000.0
3618,-1000.0,-999.1426471478151,-1000.0
3619,-1000.0,-999.8239926306547,-1000.0
3620,-1000.0,-1000.0,-1000.0
3621,-1000.0,-1000.0,-1000.0
3622,-1000.0,-932.3718743489252,-1000.0
3623,-1000.0,-890.6234975599451,-1000.0
3624,-1000.0,-871.235939459855,-1000.0
3625,-1000.0,-859.1893839824751,-1000.0
3626,-1000.0,-904.0383604199152,-1000.0
3627,-1000.0,-958.0004994525306,-1000.0
3628,-1000.0,-1000.0,-1000.0
3629,-1000.0,-957.3705284995854,-820.8162172218221
3630,-1000.0,-929.1177114459023,-216.20109407149255
3631,-1000.0,-926.9198293400236,-719.1747816191529
3632,-1000.0,-939.4185260180964,-1000.0
3633,-1000.0,-919.8526250616341,-1000.0
3634,-1000.0,-837.0863767833059,-20.71140684712759
3635,-1000.0,-976.936248712115,-1000.0
3636,-1000.0,-1000.0,-1000.0
3637,-1000.0,-1000.0,-1000.0
3638,-1000.0,-1000.0,-1000.0
3639,-1000.0,-1000.0,-1000.0
3640,-1000.0,-1000.0,-1000.0
3641,-1000.0,-1000.0,-603.3652834735931
3642,-1000.0,-1000.0,353.1297740383052
3643,-1000.0,-1000.0,488.713340422099
3644,-1000.0,-1000.0,397.63917354632895
3645,-1000.0,-1000.0,194.798992
3646,-1000.0,-990.6833730019213,-1000.0
3647,-1000.0,-965.3207242423266,-1000.0
3648,-1000.0,-981.2045812057787,-1000.0
3649,-1000.0,-1000.0,-1000.0
3650,-1000.0,-1000.0,-1000.0
3651,-1000.0,-1000.0,-1000.0
3652,-1000.0,-1000.0,-1000.0
3653,-1000.0,-957.3150926474925,-1000.0
3654,-1000.0,-1000.0,-1000.0
3655,-1000.0,-986.4630609989122,-1000.0
3656,-1000.0,-1000.0,-1000.0
3657,-1000.0,-1000.0,-1000.0
3658,-1000.0,-1000.0,-1000.0
3659,-1000.0,-1000.0,-1000.0
3660,-1000.0,-1000.0,-1000.0
3661,-1000.0,-1000.0,-1000.0
3662,-1000.0,-1000.0,-1000.0
3663,-1000.0,-1000.0,-1000.0
3664,-1000.0,-1000.0,-1000.0
3665,-1000.0,-1000.0,-1000.0
3666,-1000.0,-1000.0,-1000.0
3667,-1000.0,-979.1764725461389,-1000.0
3668,-1000.0,-999.9999983253713,-1000.0
3669,-1000.0,-977.9945422273804,-1000.0
3670,-1000.0,-903.5697931148848,-1000.0
3671,-1000.0,-945.9251060718407,-1000.0
3672,-1000.0,-1000.0,-1000.0
3673,-1000.0,-1000.0,-1000.0
3674,-1000.0,-1000.0,-1000.0
3675,-1000.0,-937.2876164636976,-1000.0
3676,-1000.0,-909.6046362981432,-1000.0
3677,-1000.0,-845.676035874293,-1000.0
3678,-1000.0,-885.7059149977567,-1000.0
3679,-1000.0,-909.1435644278811,-1000.0
3680,-1000.0,-981.1668186059953,-1000.0
3681,-1000.0,-1000.0,-1000.0
3682,-1000.0,-957.6889261142787,-1000.0
3683,-1000.0,-990.4881764237139,-1000.0
3684,-1000.0,-964.5683114759115,-1000.0
3685,-1000.0,-995.6061031710652,-1000.0
3686,-1000.0,-997.181756497299,-1000.0
3687,-1000.0,-976.2916136832046,-975.5683477961695
3688,-1000.0,-942.2577799742418,-1000.0
3689,-1000.0,-852.8167342340216,-1000.0
3690,-1000.0,-1000.0,-1000.0
3691,-1000.0,-999.9999947701442,-1000.0
3692,-1000.0,-1000.0,-1000.0
3693,-1000.0,-999.9999994784719,-1000.0
3694,-1000.0,-1000.0,-1000.0
3695,-1000.0,-1000.0,-1000.0
3696,-1000.0,-1000.0,-1000.0
3697,-1000.0,-925.7168519110783,-865.0691295411698
3698,-1000.0,-905.1719384347424,-756.1123259925898
3699,-1000.0,-910.8948405243032,-758.3448257480995
3700,-1000.0,-910.836488816921,-755.4134802837098
3701,-1000.0,-894.5449997652669,-718.3812323009397
3702,-1000.0,-920.758710081747,-874.8586156550391
3703,-1000.0,-1000.0,-1000.0
3704,-1000.0,-999.9999866014521,-1000.0
3705,-1000.0,-975.5575526893049,-1000.0
3706,-1000.0,-1000.0,-1000.0
3707,-1000.0,-1000.0,-1000.0
3708,-1000.0,-1000.0,-1000.0
3709,-1000.0,-1000.0,-1000.0
3710,-1000.0,-1000.0,-1000.0
3711,-1000.0,-1000.0,-1000.0
3712,-1000.0,-1000.0,-1000.0
3713,-1000.0,-1000.0,-1000.0
3714,-1000.0,-1000.0,-917.4446506793756
3715,-1000.0,-999.99999431077,-591.2890072141613
3716,-1000.0,-999.9999913202253,-1000.0
3717,-1000.0,-1000.0,-1000.0
3718,-1000.0,-852.2424000000001,-813.7295754999982
3719,-1000.0,-896.1625823472984,-1000.0
3720,-1000.0,-853.9046996700603,-1000.0
3721,-1000.0,-867.0930088907119,-1000.0
3722,-1000.0,-868.8646746173162,-1000.0
3723,-1000.0,-854.083599257031,-1000.0
3724,-1000.0,-1000.0,-1000.0
3725,-1000.0,-1000.0,-783.5393866603386
3726,-1000.0,-968.1612945971813,203.90378930488203
3727,-1000.0,-932.8450991685547,-415.2053261619281
3728,-1000.0,-925.7016829753444,-1000.0
3729,-1000.0,-1000.0,-1000.0
3730,-1000.0,-1000.0,-1000.0
3731,-1000.0,-1000.0,-1000.0
3732,-1000.0,-1000.0,-1000.0
3733,-1000.0,-1000.0,-1000.0
3734,-1000.0,-1000.0,-1000.0
3735,-1000.0,-1000.0,-1000.0
3736,-1000.0,-1000.0000009009998,-1000.0
3737,-1000.0,-1000.0,-227.16373057188048
3738,-1000.0,-1000.0,309.3526696179082
3739,-1000.0,-1000.0,31.81135201655519
3740,-1000.0,-1000.0,-714.3957130143922
3741,-1000.0,-1000.0,-1000.0
3742,-1000.0,-1000.0,-1000.0
3743,-1000.0,-1000.0,-1000.0
3744,-1000.0,-908.2199518010325,-1000.0
3745,-1000.0,-864.5036630088852,-1000.0
3746,-1000.0,-904.1932986304398,-1000.0
3747,-1000.0,-999.9999957638188,-1000.0
3748,-1000.0,-1000.0,-1000.0
3749,-1000.0,-990.0946692537934,-475.9860672139873
3750,-1000.0,-976.0876909210174,34.72080932404444
3751,-1000.0,-985.7892566728015,-1000.0
3752,-1000.0,-980.2711607435292,-1000.0
3753,-1000.0,-892.4581307277064,-1000.0
3754,-1000.0,-963.4934408197987,-1000.0
3755,-1000.0,-1000.0,-1000.0
3756,-1000.0,-1000.0,-1000.0
3757,-1000.0,-1000.0,-1000.0
3758,-1000.0,-1000.0,-1000.0
3759,-1000.0,-1000.0,-1000.0
3760,-1000.0,-1000.0,-1000.0
3761,-1000.0,-1000.0,-1000.0
3762,-1000.0,-1000.0,-973.9461359916049
3763,-1000.0,-987.9967884366588,5.706898805154651
3764,-1000.0,-995.0666474798059,-13.23142775979565
3765,-1000.0,-1000.0,-170.87312900000006
3766,-1000.0,-1000.0,-972.5395784999998
3767,-1000.0,-1000.0,-1000.0
3768,-1000.0,-943.1607420496834,-1000.0
3769,-1000.0,-930.3841990371502,-1000.0
3770,-1000.0,-1000.0,-1000.0
3771,-1000.0,-1000.0,-1000.0
3772,-1000.0,-1000.0,-1000.0
3773,-1000.0,-979.5393652915836,165.0792444247556
3774,-1000.0,-956.3305368623355,328.99628487668986
3775,-1000.0,-969.2901701631793,-867.4772566503771
3776,-1000.0,-957.0329465700929,-1000.0
3777,-1000.0,-1000.0,-1000.0
3778,-1000.0,-1000.0,-1000.0
3779,-1000.0,-1000.0,-1000.0
3780,-1000.0,-1000.0,-1000.0
3781,-1000.0,-1000.0,-1000.0
3782,-1000.0,-1000.0,-1000.0
3783,-1000.0,-1000.0,-1000.0
3784,-1000.0,-1000.0,-1000.0
3785,-1000.0,-999.9999604979922,-1000.0
3786,-1000.0,-1000.0,-474.7004769368546
3787,-1000.0,-1000.0,108.93013422233176
3788,-1000.0,-1000.0,5.14151945171011
3789,-1000.0,-1000.0,-38.83388197197178
3790,-1000.0,-1000.0,-613.5006463880702
3791,-1000.0,-1000.0,-1000.0
3792,-1000.0,-1000.0,-1000.0
3793,-1000.0,-927.0317731315231,-1000.0
3794,-1000.0,-933.2790773041011,-1000.0
3795,-1000.0,-942.7501600704849,-1000.0
3796,-1000.0,-923.7766388402233,-1000.0
3797,-1000.0,-931.8271632380661,-1000.0
3798,-1000.0,-920.3220406385806,-1000.0
3799,-1000.0,-932.1780165507118,-1000.0
3800,-1000.0,-1000.0,-1000.0
3801,-1000.0,-1000.0,-1000.0
3802,-1000.0,-1000.0,-1000.0
3803,-1000.0,-1000.0,-1000.0
3804,-1000.0,-1000.0,-1000.0
3805,-1000.0,-1000.0,-1000.0
3806,-1000.0,-1000.0,-1000.0
3807,-1000.0,-1000.0,-1000.0
3808,-1000.0,-1000.0,-1000.0
3809,-1000.0,-1000.0,-1000.0
3810,-1000.0,-979.608669380108,-1000.0
3811,-1000.0,-960.0780840960426,-1000.0
3812,-1000.0,-970.7965256601333,-1000.0
3813,-1000.0,-975.5009729010792,-1000.0
3814,-1000.0,-997.2926411970939,-1000.0
3815,-1000.0,-1000.0,-1000.0
3816,-1000.0,-999.9999999999991,-1000.0
3817,-1000.0,-999.548905431031,-1000.0
3818,-1000.0,-988.165859014535,-1000.0
3819,-1000.0,-979.9655432185613,-1000.0
3820,-1000.0,-958.3841328025443,-1000.0
3821,-1000.0,-1000.0,-947.4174639802841
3822,-1000.0,-1000.0,-257.6578841128478
3823,-1000.0,-1000.0,-1000.0
3824,-1000.0,-1000.0,-1000.0
3825,-1000.0,-1000.0,-1000.0
3826,-1000.0,-1000.0,-1000.0
3827,-1000.0,-1000.0,-1000.0
3828,-1000.0,-1000.0,-1000.0
3829,-1000.0,-1000.0,-1000.0
3830,-1000.0,-1000.0,-1000.0
3831,-1000.0,-1000.0,-1000.0
3832,-1000.0,-1000.0,-1000.0
3833,-1000.0,-1000.0,-1000.0
3834,-1000.0,-1000.0,-999.9998967795705
3835,-1000.0,-1000.0,194.33777074497968
3836,-1000.0,-1000.0,35.00819120179901
3837,-1000.0,-1000.0,-219.54148300000043
3838,-1000.0,-1000.0,-1000.0
3839,-1000.0,-991.2083850150595,-1000.0
3840,-1000.0,-954.2373372185074,-1000.0
3841,-1000.0,-960.3692024447946,-1000.0
3842,-1000.0,-961.8711612794702,-1000.0
3843,-1000.0,-959.0164922208194,-1000.0
3844,-1000.0,-957.8904927800108,-1000.0
3845,-1000.0,-950.6526274675236,-1000.0
3846,-1000.0,-956.8309030194447,-1000.0
3847,-1000.0,-987.9192948179065,-1000.0
3848,-1000.0,-1000.0,-1000.0
3849,-1000.0,-1000.0,-1000.0
3850,-1000.0,-1000.0,-1000.0
3851,-1000.0,-1000.0,-1000.0
3852,-1000.0,-1000.0,-1000.0
3853,-1000.0,-1000.0,-1000.0
3854,-1000.0,-1000.0,-1000.0
3855,-1000.0,-1000.0,-1000.0
3856,-1000.0,-1000.0,-1000.0
3857,-1000.0,-1000.0,-1000.0
3858,-1000.0,-1000.0,-1000.0
3859,-1000.0,-1000.0,-54.68211068647645
3860,-1000.0,-885.1219613308222,-481.8509452691818
3861,-1000.0,-860.8069060592998,-563.2833824407021
3862,-1000.0,-889.1713559999996,-1000.0
3863,-1000.0,-982.1391368176542,-1000.0
3864,-1000.0,-945.0903740477361,-1000.0
3865,-1000.0,-935.744271381859,-1000.0
3866,-1000.0,-932.3303462303184,-1000.0
3867,-1000.0,-935.0726074819918,-1000.0
3868,-1000.0,-932.8716405632341,-1000.0
3869,-1000.0,-934.8083890402761,-1000.0
3870,-1000.0,-927.4041444797906,-1000.0
3871,-1000.0,-909.1513750573326,-1000.0
3872,-1000.0,-984.0203868323003,-1000.0
3873,-1000.0,-1000.0,-1000.0
3874,-1000.0,-1000.0,-1000.0
3875,-1000.0,-1000.0,-1000.0
3876,-1000.0,-1000.0,-1000.0
3877,-1000.0,-1000.0,-1000.0
3878,-1000.0,-1000.0,-1000.0
3879,-1000.0,-1000.0,-1000.0
3880,-1000.0,-967.9837428872124,-1000.0
3881,-1000.0,-999.999929195809,-1000.0
3882,-1000.0,-1000.0,-432.9037322288368
3883,-1000.0,-1000.0,590.717190389512
3884,-1000.0,-1000.0,497.917265299816
3885,-1000.0,-1000.0,463.2638968920488
3886,-1000.0,-1000.0,377.6912079331451
3887,-1000.0,-624.4020459999967,-648.9448779999998
3888,-1000.0,-936.9911000000004,-1000.0
3889,-1000.0,-974.4914237047874,-1000.0
3890,-1000.0,-967.3084270933315,-1000.0
3891,-1000.0,-973.7110796803036,-1000.0
3892,-1000.0,-1000.0,-333.6351082629203
3893,-1000.0,-1000.0,558.2698472923969
3894,-1000.0,-943.9779319183924,403.9453947891966
3895,-1000.0,-918.2360654566014,380.5100731886049
3896,-1000.0,-966.9020459377425,-467.1434239415553
3897,-1000.0,-956.8724493143608,-1000.0
3898,-1000.0,-1000.0,-954.9890577502192
3899,-1000.0,-1000.0,-1000.0
3900,-1000.0,-1000.0,-1000.0
3901,-1000.0,-1000.0,-1000.0
3902,-1000.0,-1000.0,-1000.0
3903,-1000.0,-1000.0,-553.1017353053576
3904,-1000.0,-979.3636752576392,-1000.0
3905,-1000.0,-956.901820540286,54.12192912211361
3906,-1000.0,-918.2574892611352,253.78802327708672
3907,-1000.0,-908.7894997095525,310.4773291035083
3908,-1000.0,-970.4537576431112,450.81677353759903
3909,-1000.0,-1000.0,560.8888563462467
3910,-1000.0,-1000.0,497.7624744060091
3911,-1000.0,-1000.0,465.7739913402508
3912,-1000.0,-1000.0,290.5656729999997
3913,-1000.0,-999.9999950370159,130.88550999999998
3914,-1000.0,-1000.0,38.2018529003542
3915,-1000.0,-1000.0,231.11884310585395
3916,-1000.0,-1000.0,392.4026108925992
3917,-1000.0,-1000.0,474.85346052691636
3918,-1000.0,-952.0983537995303,537.7097141540352
3919,-1000.0,-941.8733689889732,485.499239813689
3920,-1000.0,-1000.0,717.250285471545
3921,-1000.0,-1000.0,315.74840904398843
3922,-1000.0,-1000.0,-1000.0
3923,-1000.0,-1000.0,-1000.0
3924,-1000.0,-1000.0,-1000.0
3925,-1000.0,-1000.0,-1000.0
3926,-1000.0,-1000.0,-1000.0
3927,-1000.0,-1000.0,-1000.0
3928,-1000.0,-1000.0,-1000.0
3929,-1000.0,-974.7074149897619,-1000.0
3930,-1000.0,-992.6152735817482,-1000.0
3931,-1000.0,-998.6079434181956,69.48819808566253
3932,-1000.0,-983.61787164832,24.380647662106945
3933,-1000.0,-994.2489774239639,-715.3423394999996
3934,-1000.0,-1000.0,-1000.0
3935,-1000.0,-1000.0,-1000.0
3936,-1000.0,-1000.0,-1000.0
3937,-1000.0,-1000.0,-1000.0
3938,-1000.0,-999.9999980362686,-1000.0
3939,-1000.0,-1000.0,-1000.0
3940,-1000.0,-999.999997850708,-1000.0
3941,-1000.0,-951.6839392998406,276.72142688013514
3942,-1000.0,-927.3064867896771,424.4672664143951
3943,-1000.0,-924.6351129558145,-251.37325134300676
3944,-1000.0,-909.9694131921223,-1000.0
3945,-1000.0,-865.2974917060478,-768.8865772349404
3946,-1000.0,-1000.0,-1000.0
3947,-1000.0,-1000.0,-1000.0
3948,-1000.0,-1000.0,-1000.0
3949,-1000.0,-1000.0,-1000.0
3950,-1000.0,-1000.0,-1000.0
3951,-1000.0,-1000.0,-1000.0
3952,-1000.0,-942.3857742706623,-1000.0
3953,-1000.0,-949.1552489925531,-1000.0
3954,-1000.0,-970.6722906088838,-922.6111268799764
3955,-1000.0,-981.1211673085795,137.7148968528428
3956,-1000.0,-999.9952777362053,-387.7059929459663
3957,-1000.0,-1000.0,-764.9461449999935
3958,-1000.0,-1000.0,-1000.0
3959,-1000.0,-1000.0,-1000.0
3960,-1000.0,-999.9999912690791,-1000.0
3961,-1000.0,-939.0282097077297,-833.446774
3962,-1000.0,-937.6009694225654,-643.6625955774334
3963,-1000.0,-1000.0,-987.9963014999998
3964,-1000.0,-1000.0,-397.927041
3965,-1000.0,-1000.0,229.71632987208392
3966,-1000.0,-1000.0,337.1533565733921
3967,-1000.0,-982.7453081049293,514.3266260301999
3968,-1000.0,-996.8572929286703,-130.56684371044696
3969,-1000.0,-981.6898563781646,-567.019511086942
3970,-1000.0,-964.5119694950299,-1000.0
3971,-1000.0,-967.7819940625175,-1000.0
3972,-1000.0,-1000.0,-1000.0
3973,-1000.0,-1000.0,-1000.0
3974,-1000.0,-1000.0,-1000.0
3975,-1000.0,-999.9999900003513,-1000.0
3976,-1000.0,-999.999993168118,-1000.0
3977,-1000.0,-1000.0,-1000.0
3978,-1000.0,-1000.0,-788.0016541504932
3979,-1000.0,-1000.0,111.60870852740806
3980,-1000.0,-1000.0,119.6898475512218
3981,-1000.0,-1000.0,159.874867308126
3982,-1000.0,-1000.0,-458.18474557489026
3983,-1000.0,-1000.0,-784.9718215100002
3984,-1000.0,-999.9999918779115,-910.0574420000003
3985,-1000.0,-999.9999992602613,-1000.0
3986,-1000.0,-1000.0,-1000.0
3987,-1000.0,-1000.0,-916.091371593564
3988,-1000.0,-999.9999970061644,-520.1822469999998
3989,-1000.0,-1000.0,369.2437656197352
3990,-1000.0,-980.4364110162769,540.0963943042964
3991,-1000.0,-1000.0,-638.1972253220608
3992,-1000.0,-972.2024768109849,-1000.0
3993,-1000.0,-875.6493201367708,-934.4806769964694
3994,-1000.0,-998.5141043479382,-1000.0
3995,-1000.0,-908.9528707239433,-385.5118341491507
3996,-1000.0,-999.0397932957749,-1000.0
3997,-1000.0,-1000.0,-1000.0
3998,-1000.0,-1000.0,-1000.0
3999,-1000.0,-1000.0,-1000.0
4000,-1000.0,-1000.0,-1000.0
4001,-1000.0,-999.99998904679,-1000.0
4002,-1000.0,-1000.0,-751.1586570199074
4003,-1000.0,-1000.0,410.35567170557243
4004,-1000.0,-1000.0,484.7784805977475
4005,-1000.0,-999.9999989642431,403.27095150000383
4006,-1000.0,-1000.0,-158.50007415696336
4007,-1000.0,-1000.0,-783.2960129280855
4008,-1000.0,-999.9999938786316,-1000.0
4009,-1000.0,-1000.0,-1000.0
4010,-1000.0,-1000.0,-1000.0
4011,-1000.0,-999.9999942825045,-1000.0
4012,-1000.0,-969.2703940937699,-1000.0
4013,-1000.0,-1000.0,-1000.0
4014,-1000.0,-1000.0,-1000.0
4015,-1000.0,-1000.0,-1000.0
4016,-1000.0,-999.9999731902692,-1000.0
4017,-1000.0,-999.9999830651966,-1000.0
4018,-1000.0,-1000.0,-1000.0
4019,-1000.0,-1000.0,-1000.0
4020,-1000.0,-1000.0,-1000.0
4021,-1000.0,-1000.0,-1000.0
4022,-1000.0,-1000.0,-1000.0
4023,-1000.0,-1000.0,-1000.0
4024,-1000.0,-1000.0,-1000.0
4025,-1000.0,-1000.0,-1000.0
4026,-1000.0,-1000.0,-1000.0
4027,-1000.0,-1000.0,-1000.0
4028,-1000.0,-1000.0,-1000.0
4029,-1000.0,-959.1362950041121,-1000.0
4030,-1000.0,-895.7922818460369,-1000.0
4031,-1000.0,-920.1513562692064,-1000.0
4032,-1000.0,-900.4212773654999,-760.2890714841596
4033,-1000.0,-903.1187999999999,-454.9666734470602
4034,-1000.0,-961.1951434726926,-147.59083299999998
4035,-1000.0,-984.3261937158651,-4.2885304999936125
4036,-1000.0,-1000.0,208.3828405000122
4037,-1000.0,-982.3500031822211,94.01853457504328
4038,-1000.0,-943.1828674092235,-118.36209436192661
4039,-1000.0,-943.805494759748,-346.49928129060027
4040,-824.6404448208777,-1000.0,-500.6798734940603
4041,-370.847831348231,-1000.0,-617.5672286415793
4042,-271.61310757852243,-1000.0,-871.1602674249607
4043,-284.7764206313468,-1000.0,-1000.0
4044,-22.318464137614683,-1000.0,-966.7054188114498
4045,353.1649716092161,-1000.0,-1000.0
4046,382.88761298929967,-1000.0,-1000.0
4047,21.472493022604795,-1000.0,-1000.0
4048,-964.913072330989,-1000.0,-1000.0
4049,-1000.0,-1000.0,-1000.0
4050,-1000.0,-922.4507038012498,-1000.0
4051,-1000.0,-1000.0,-1000.0
4052,-1000.0,-1000.0,-1000.0
4053,-1000.0,-1000.0,-1000.0
4054,-1000.0,-999.9999966994601,-1000.0
4055,-1000.0,-832.7969065550496,-1000.0
4056,-1000.0,-777.5853928030454,-1000.0
4057,-1000.0,-788.3102806990745,-1000.0
4058,-1000.0,-800.0221497479642,-941.64579720857
4059,-1000.0,-805.6323642056209,-916.3543388882399
4060,-1000.0,-853.3796402807565,-1000.0
4061,-1000.0,-999.9999940497619,-1000.0
4062,-1000.0,-1000.0,-1000.0
4063,-1000.0,-1000.0,-1000.0
4064,-1000.0,-1000.0,-1000.0
4065,-1000.0,-1000.0,-1000.0
4066,-1000.0,-1000.0,-1000.0
4067,-1000.0,-1000.0,-1000.0
4068,-1000.0,-948.2402860580129,-1000.0
4069,-1000.0,-951.6442315937325,-1000.0
4070,-1000.0,-999.9999903069381,-1000.0
4071,-1000.0,-1000.0,-1000.0
4072,-1000.0,-1000.0,-1000.0
4073,-1000.0,-999.999997050676,-1000.0
4074,-1000.0,-1000.0,-808.1994953625413
4075,-1000.0,-998.6468612752162,-111.88689554096823
4076,-1000.0,-977.6752809157979,-107.89951612899193
4077,-1000.0,-984.4920618029616,-583.7476674999998
4078,-1000.0,-1000.0,-1000.0
4079,-1000.0,-1000.0,-1000.0
4080,-1000.0,-1000.0,-1000.0
4081,-1000.0,-999.9999963872071,-1000.0
4082,-1000.0,-1000.0,-1000.0
4083,-1000.0,-1000.0,-1000.0
4084,-1000.0,-1000.0,-1000.0
4085,-1000.0,-966.8491888638214,162.60680486528685
4086,-1000.0,-940.2034345218905,291.56843889495747
4087,-1000.0,-953.3403325720292,-430.2782675929474
4088,-1000.0,-986.0290498067,-1000.0
4089,-1000.0,-1000.0,-1000.0
4090,-1000.0,-1000.0,-1000.0
4091,-1000.0,-997.8764081374509,-1000.0
4092,-1000.0,-999.2440988322478,-1000.0
4093,-1000.0,-999.999984963262,-1000.0
4094,-1000.0,-1000.0,-1000.0
4095,-1000.0,-1000.0,-1000.0
4096,-1000.0,-1000.0,-1000.0
4097,-1000.0,-983.3835779460901,283.7948085937899
4098,-1000.0,-956.8686688989337,539.520141190787
4099,-1000.0,-938.1143198194221,559.5653221605425
4100,-1000.0,-955.7882969385755,538.0905401563573
4101,-1000.0,-972.575663647609,508.63444801790695
4102,-1000.0,-1000.0,-139.61432750000012
4103,-1000.0,-1000.0,-633.3785834171904
4104,-1000.0,-1000.0,-893.3884174999996
4105,-1000.0,-1000.0,-938.6139242441523
4106,-1000.0,-1000.0,-776.228529499992
4107,-1000.0,-1000.0,-582.3553259999967
4108,-1000.0,-1000.0,-105.18435149999937
4109,-1000.0,-999.7947768721845,574.9024196887968
4110,-1000.0,-946.8530760251558,539.5536950521289
4111,-1000.0,-901.5882651722484,544.6191141835654
4112,-1000.0,-959.0144805049639,687.805204265999
4113,-1000.0,-989.1959489280897,571.4691997411495
4114,-1000.0,-985.8874909171534,385.7347806443993
4115,-1000.0,-1000.0,673.0287265220143
4116,-1000.0,-992.386056822658,-88.08505675850199
4117,-1000.0,-1000.0,-1000.0
4118,-1000.0,-1000.0,-1000.0
4119,-1000.0,-1000.0,-1000.0
4120,-1000.0,-999.9999532453162,-429.5226995112989
4121,-1000.0,-1000.0,151.6984840239329
4122,-1000.0,-1000.0,111.5827983361819
4123,-1000.0,-1000.0,320.76805401615877
4124,-1000.0,-1000.0,190.60124038397782
4125,-1000.0,-1000.0,71.85435934387573
4126,-1000.0,-1000.0,-418.66562499999975
4127,-1000.0,-1000.0,-1000.0
4128,-1000.0,-1000.0,-1000.0
4129,-1000.0,-1000.0,-1000.0
4130,-1000.0,-1000.0,-1000.0
4131,-1000.0,-1000.0,-1000.0
4132,-1000.0,-1000.0,-577.6816225000001
4133,-1000.0,-1000.0,231.4026084887663
4134,-1000.0,-982.3592330176507,402.2532683613813
4135,-1000.0,-967.4056712038857,487.044049920544
4136,-1000.0,-1000.0,516.6102584472123
4137,-1000.0,-999.9999321117881,190.2508757162899
4138,-1000.0,-1000.0,244.81067467825926
4139,-1000.0,-1000.0,134.51950263458946
4140,-1000.0,-1000.0,-286.0289715932245
4141,-1000.0,-1000.0,-659.5530611470763
4142,-1000.0,-1000.0,-460.4174232005813
4143,-1000.0,-1000.0,-211.80783397245227
4144,-1000.0,-1000.0,136.57306772974914
4145,-1000.0,-1000.0,425.82713299473676
4146,-1000.0,-1000.0,447.78849418781283
4147,-1000.0,-1000.0,431.4631206477666
4148,-1000.0,-1000.0,381.0845917915847
4149,-1000.0,-1000.0,283.7348627500702
4150,-1000.0,-1000.0,-514.8580859042513
4151,-1000.0,-1000.0000004288884,-1000.0
4152,-1000.0,-1000.0,-1000.0
4153,-1000.0,-933.6526816026862,-1000.0
4154,-1000.0,-944.5793965346511,-1000.0
4155,-1000.0,-1000.0,-1000.0
4156,-1000.0,-1000.0,-1000.0
4157,-1000.0,-1000.0,-29.307922097038556
4158,-1000.0,-1000.0,-100.2863457598541
4159,-1000.0,-1000.0,-1000.0
4160,-1000.0,-999.9999939910324,-1000.0
4161,-1000.0,-1000.0,-1000.0
4162,-1000.0,-1000.0,-1000.0
4163,-1000.0,-999.9999831771446,-1000.0
4164,-1000.0,-1000.0,-1000.0
4165,-1000.0,-1000.0,-1000.0
4166,-1000.0,-1000.0,-1000.0
4167,-1000.0,-998.428495952101,-1000.0
4168,-1000.0,-999.9999521153995,-1000.0
4169,-1000.0,-1000.0,-1000.0
4170,-1000.0,-1000.0,-1000.0
4171,-1000.0,-999.9999980998616,-1000.0
4172,-1000.0,-1000.0,-1000.0
4173,-1000.0,-1000.0000005311381,-1000.0
4174,-1000.0,-1000.0,-1000.0
4175,-1000.0,-1000.0,-1000.0
4176,-1000.0,-999.9999995573999,-1000.0
4177,-1000.0,-998.0423941646932,-1000.0
4178,-1000.0,-986.3392654879133,-1000.0
4179,-1000.0,-972.7248957090371,-1000.0
4180,-1000.0,-968.2527614519952,-1000.0
4181,-1000.0,-996.5689624948284,-1000.0
4182,-1000.0,-1000.0,-1000.0
4183,-1000.0,-987.1389897383467,-1000.0
4184,-1000.0,-905.4668862794067,-1000.0
4185,-1000.0,-828.6589027637594,-1000.0
4186,-1000.0,-930.0486326799623,-1000.0
4187,-1000.0,-1000.0,-1000.0
4188,-1000.0,-1000.0,-1000.0
4189,-1000.0,-1000.0,-1000.0
4190,-1000.0,-1000.0,-1000.0
4191,-1000.0,-1000.0,-1000.0
4192,-1000.0,-944.0873867747329,-1000.0
4193,-1000.0,-1000.0,-1000.0
4194,-1000.0,-1000.0,-1000.0
4195,-1000.0,-1000.0,-804.862016941149
4196,-1000.0,-1000.0000000271982,-739.8913444335585
4197,-1000.0,-1000.0,-836.0177822209307
4198,-1000.0,-999.9999961886656,-1000.0
4199,-1000.0,-1000.0,-1000.0
4200,-1000.0,-891.8267054696387,-1000.0
4201,-1000.0,-863.5479726182316,-1000.0
4202,-1000.0,-862.2695860680237,-941.4632992320603
4203,-1000.0,-859.9113212496263,-859.5609413442908
4204,-1000.0,-861.0971290224979,-818.4361857945096
4205,-1000.0,-866.9279082945748,-837.7028314689105
4206,-1000.0,-870.8740785739622,-951.8792861974598
4207,-1000.0,-874.6923361730519,-1000.0
4208,-1000.0,-900.2888033281051,-1000.0
4209,-1000.0,-1000.0,-1000.0
4210,-1000.0,-1000.0,-1000.0
4211,-1000.0,-1000.0,-1000.0
4212,-1000.0,-1000.0,-1000.0
4213,-1000.0,-1000.0,-1000.0
4214,-1000.0,-1000.0,-1000.0
4215,-1000.0,-1000.0,-1000.0
4216,-1000.0,-1000.0,-1000.0
4217,-1000.0,-999.9999678041772,-1000.0
4218,-1000.0,-1000.0,-1000.0
4219,-1000.0,-1000.0,-771.6816690005226
4220,-1000.0,-1000.0,-490.362008226988
4221,-1000.0,-999.9999978650615,48.94866150000013
4222,-1000.0,-1000.0,-286.85249482777454
4223,-1000.0,-1000.0,-937.3803072201563
4224,-1000.0,-985.4379078941101,-1000.0
4225,-1000.0,-916.4657362628695,-491.38186087758277
4226,-1000.0,-915.3323147495203,-509.3653394999997
4227,-1000.0,-1000.0,-1000.0
4228,-1000.0,-999.9999916124216,-784.0411199999998
4229,-1000.0,-999.0653168292292,539.9880035393497
4230,-1000.0,-966.3719605345448,318.65066525966864
4231,-1000.0,-958.175159983022,311.7567631971831
4232,-1000.0,-953.8994023230082,-884.938737441324
4233,-1000.0,-924.4794593546319,-1000.0
4234,-1000.0,-967.3961863518768,-568.5271961214875
4235,-1000.0,-999.9999928871213,-1000.0
4236,-1000.0,-999.9999986141893,-1000.0
4237,-1000.0,-999.9999931802599,-1000.0
4238,-1000.0,-1000.0,-1000.0
4239,-1000.0,-999.9999880740343,-1000.0
4240,-1000.0,-1000.0,-845.2010588392623
4241,-1000.0,-1000.0,251.93155664710775
4242,-1000.0,-996.2730762377626,343.39545676018315
4243,-1000.0,-952.9275242553313,296.37123705574254
4244,-1000.0,-950.555401358678,302.247689462328
4245,-1000.0,-962.7582178373211,346.2186285687323
4246,-1000.0,-1000.0,608.4158434758889
4247,-1000.0,-1000.0,564.8085313717417
4248,-1000.0,-999.9999977105363,183.37562621053928
4249,-1000.0,-1000.0,-342.41170549999924
4250,-1000.0,-1000.0,-392.8613496404964
4251,-1000.0,-1000.0,-491.9260277137091
4252,-1000.0,-1000.0,-361.9923930824373
4253,-1000.0,-974.8263254261612,375.4155730993049
4254,-1000.0,-942.1240784586739,472.6787312010597
4255,-1000.0,-961.4487545763468,477.39433237486963
4256,-1000.0,-993.5007228995903,-858.4107347290767
4257,-1000.0,-989.9722540931002,-1000.0
4258,-1000.0,-975.2537852170215,-1000.0
4259,-1000.0,-1000.0,-1000.0
4260,-1000.0,-1000.0,-1000.0
4261,-1000.0,-1000.0,-1000.0
4262,-1000.0,-1000.0,-1000.0
4263,-1000.0,-981.635488173323,-1000.0
4264,-1000.0,-878.8348079275133,-1000.0
4265,-1000.0,-994.2430987728061,-1000.0
4266,-1000.0,-971.3906616752874,-1000.0
4267,-1000.0,-939.2877297145419,-188.79194174392896
4268,-1000.0,-939.6426535688142,-83.92751726359018
4269,-1000.0,-952.3746213983868,-29.588692540651977
4270,-1000.0,-993.7654354785817,-1000.0
4271,-1000.0,-999.9999974617451,-1000.0
4272,-1000.0,-1000.0,-1000.0
4273,-1000.0,-1000.0,-1000.0
4274,-1000.0,-1000.0,-1000.0
4275,-1000.0,-1000.0,-1000.0
4276,-1000.0,-1000.0,-849.8126651588182
4277,-1000.0,-977.6050969590037,492.7295595182586
4278,-1000.0,-949.1275524165076,649.716693842352
4279,-1000.0,-931.7287683263708,425.8681772160184
4280,-1000.0,-926.6895794555596,-767.6851063713295
4281,-1000.0,-848.2624418571814,813.95758438843
4282,-1000.0,-879.2353686871302,372.85077715287144
4283,-1000.0,-977.0637100682541,-959.1749104590472
4284,-1000.0,-1000.0,-1000.0
4285,-1000.0,-1000.0,-1000.0
4286,-1000.0,-1000.0,-1000.0
4287,-1000.0,-996.1917752803763,-1000.0
4288,-1000.0,-1000.0,-1000.0
4289,-1000.0,-982.9737008130122,-1000.0
4290,-1000.0,-940.3264076445873,537.0985222681527
4291,-1000.0,-913.6368617195891,558.0249404560698
4292,-1000.0,-923.2476569765824,587.8213982628431
4293,-1000.0,-967.9507122557488,570.0321770096684
4294,-1000.0,-1000.0,484.8994925518774
4295,-1000.0,-1000.0,25.488200000004326
4296,-1000.0,-999.999996128058,-410.9792809999998
4297,-1000.0,-1000.0,-700.9099309386866
4298,-1000.0,-1000.0,-714.3450929999999
4299,-1000.0,-1000.0000002835036,-453.6240299999945
4300,-1000.0,-999.9999954194888,-88.37139399999501
4301,-1000.0,-971.2566005818949,514.270089452214
4302,-1000.0,-885.7938324271395,267.13030937769463
4303,-1000.0,-889.148990720668,301.20873762334975
4304,-1000.0,-926.6413818526494,-355.3508862288448
4305,-1000.0,-866.7196662850988,305.9996280457326
4306,-1000.0,-1000.0,-1000.0
4307,-1000.0,-1000.0,-1000.0
4308,-1000.0,-1000.0,-1000.0
4309,-1000.0,-1000.0,-1000.0
4310,-1000.0,-1000.0,-1000.0
4311,-1000.0,-1000.0,-1000.0
4312,-1000.0,-968.1575155238413,-1000.0
4313,-1000.0,-946.3079090638448,-1000.0
4314,-1000.0,-953.3209992810879,-285.3675625676149
4315,-1000.0,-972.1925435337828,608.471915824736
4316,-1000.0,-990.7592472869558,359.4977932425615
4317,-1000.0,-997.8862045193298,296.8867895000001
4318,-1000.0,-1000.0,262.48960200000306
4319,-1000.0,-1000.0,-99.60137200000008
4320,-1000.0,-1000.0,-455.58147473024064
