,1,2,3
1,37.28,37.06,0.0
2,37.28,37.06,0.0
3,37.28,37.06,8.93
4,37.28,37.06,0.0
5,37.28,37.06,8.93
6,37.28,37.06,8.93
7,47.42,37.43,8.93
8,47.42,37.06,8.93
9,47.42,20.332732141376376,0.0
10,37.28,15.984906246952999,0.0
11,37.28,8.85,0.0
12,36.05,8.85,0.0
13,36.05,0.0,0.0
14,36.05,0.0,0.0
15,36.05,8.85,0.0
16,36.05,15.457507247925305,0.0
17,37.28,20.627327489527293,8.93
18,47.42,37.43,8.93
19,47.42,37.43,8.93
20,47.42,37.43,8.93
21,47.42,37.43,8.93
22,37.28,37.28,37.28
23,37.28,37.06,35.9999999
24,36.473992990964575,37.06,35.9999999
25,36.473992990964575,37.06,35.9999999
26,36.473992990964575,37.06,35.9999999
27,37.28,37.06,36.9054655223612
28,37.28,37.06,36.9054655223612
29,37.28,37.28,37.28
30,37.28,37.28,37.28
31,37.43,37.43,37.43
32,37.43,37.43,37.43
33,37.28,37.28,37.28
34,36.05,37.06,8.93
35,36.05,37.06,8.93
36,36.05,8.85,8.93
37,36.05,8.85,0.0
38,36.05,8.85,0.0
39,36.05,14.874379400263098,0.0
40,36.05,20.119824392098064,8.93
41,37.28,37.43,8.93
42,48.19,50.00738999935439,46.72
43,48.53,50.76773870668805,46.72
44,60.443440178640216,77.41,46.72
45,48.53,50.76773870668805,46.72
46,48.53,50.76773870668805,46.72
47,48.53,50.76773870668805,46.72
48,48.53,50.76773870668805,46.72
49,48.53,50.76773870668805,46.72
50,48.53,50.76773870668805,46.72
51,48.53,50.76773870668805,46.72
52,48.53,50.12485244841303,47.24
53,61.040503812084744,77.41,47.799999899999996
54,61.068145704809545,77.41,47.85
55,61.068145704809545,77.41,47.85
56,61.068145704809545,77.41,47.85
57,48.53,49.37069741466733,47.85
58,48.53,49.43251327740796,47.8000001
59,48.53,49.43251327740796,47.8000001
60,48.53,49.43251327740796,47.8000001
61,48.53,49.43251327740796,47.8000001
62,48.53,49.43251327740796,47.8000001
63,61.068145704809545,77.41,47.85
64,61.068145704809545,77.41,47.85
65,61.16212795210935,77.41,48.02
66,61.16212795210935,77.41,48.02
67,61.16212795210935,77.41,48.02
68,61.16212795210935,77.41,48.02
69,48.53,49.1605230610005,48.02
70,48.53,49.37069741466733,47.85
71,48.53,49.43251327740796,47.8000001
72,48.53,49.43251327740796,47.8000001
73,48.53,49.43251327740796,47.8000001
74,48.53,49.43251327740796,47.8000001
75,61.04050392265209,77.41,47.8000001
76,61.068145704809545,77.41,47.85
77,61.16212795210935,77.41,48.02
78,65.64,77.41,56.119808953418705
79,66.57,77.41,57.80204155098205
80,65.64,77.41,56.119808953418705
81,61.16212795210935,77.41,48.02
82,48.53,49.1605230610005,48.02
83,48.53,49.37069741466733,47.85
84,48.53,49.37069741466733,47.85
85,48.53,49.43251327740796,47.8000001
86,48.53,49.43251327740796,47.8000001
87,48.19,48.672164570074294,47.8000001
88,48.19,48.672164817338235,47.799999899999996
89,48.53,49.43251327740796,47.8000001
90,48.53,49.37069741466733,47.85
91,61.16212795210935,77.41,48.02
92,48.53,49.1605230610005,48.02
93,48.53,49.37069741466733,47.85
94,48.19,48.61034870733366,47.85
95,48.19,48.61034870733366,47.85
96,48.53,49.43251327740796,47.8000001
97,48.19,48.672164570074294,47.8000001
98,48.53,49.43251327740796,47.8000001
99,48.53,49.43251327740796,47.8000001
100,48.53,49.37069741466733,47.85
101,61.068145704809545,77.41,47.85
102,61.16212795210935,77.41,48.02
103,65.64,77.41,56.119808953418705
104,48.53,49.1605230610005,48.02
105,48.53,49.43251352467191,47.799999899999996
106,48.53,48.09585323746409,47.799999899999996
107,48.19,37.43,47.24
108,48.19,47.62501456450607,47.24
109,48.19,47.958058551219814,47.799999899999996
110,48.19,47.958058551219814,47.799999899999996
111,48.53,49.43251352467191,47.799999899999996
112,48.53,49.43251352467191,47.799999899999996
113,48.53,49.37069741466733,47.85
114,61.16212795210935,77.41,48.02
115,61.16212795210935,77.41,48.02
116,48.53,49.1605230610005,48.02
117,48.53,49.37069741466733,47.85
118,48.53,49.37069741466733,47.85
119,48.53,49.43251327740796,47.8000001
120,48.53,49.43251352467191,47.799999899999996
121,48.53,49.43251352467191,47.799999899999996
122,48.53,49.43251352467191,47.799999899999996
123,48.53,49.43251327740796,47.8000001
124,61.04050392265209,77.41,47.8000001
125,61.068145704809545,77.41,47.85
126,61.16212795210935,77.41,48.02
127,61.16212795210935,77.41,48.02
128,61.16212795210935,77.41,48.02
129,61.068145704809545,77.41,47.85
130,61.068145704809545,77.41,47.85
131,48.53,49.37069741466733,47.85
132,48.53,49.37069741466733,47.85
133,48.53,49.43251327740796,47.8000001
134,48.53,49.43251327740796,47.8000001
135,48.53,49.43251327740796,47.8000001
136,48.53,49.43251327740796,47.8000001
137,48.53,49.37069741466733,47.85
138,61.16212795210935,77.41,48.02
139,61.16212795210935,77.41,48.02
140,61.16212795210935,77.41,48.02
141,48.53,49.37069741466733,47.85
142,48.53,49.37069741466733,47.85
143,48.53,49.43251327740796,47.8000001
144,48.53,49.43251327740796,47.8000001
145,48.53,49.43251327740796,47.8000001
146,48.53,49.43251352467191,47.799999899999996
147,48.53,49.43251352467191,47.799999899999996
148,48.53,49.43251352467191,47.799999899999996
149,48.19,49.36450374107935,47.24
150,48.53,50.12485244841303,47.24
151,48.53,50.12485244841303,47.24
152,47.42,47.642537550941356,47.24
153,46.72,46.72,46.72
154,37.28,37.43,8.93
155,37.28,37.06,8.93
156,36.05,37.06,8.93
157,36.05,37.06,8.93
158,36.05,37.06,8.93
159,36.473992990964575,37.06,35.9999999
160,37.43,37.43,37.43
161,47.42,48.28542380921638,46.72
162,48.53,50.12485244841303,47.24
163,60.73091528802787,77.41,47.24
164,48.53,49.43251352467191,47.799999899999996
165,48.53,49.43251352467191,47.799999899999996
166,48.53,50.12485244841303,47.24
167,48.19,49.36450374107935,47.24
168,48.19,49.36450374107935,47.24
169,48.19,49.36450374107935,47.24
170,48.19,49.36450374107935,47.24
171,48.19,49.36450374107935,47.24
172,48.53,50.12485244841303,47.24
173,48.53,50.12485244841303,47.24
174,48.53,50.12485244841303,47.24
175,48.53,50.12485244841303,47.24
176,48.53,50.12485244841303,47.24
177,47.42,47.642537550941356,47.24
178,47.42,37.43,47.24
179,47.42,37.43,46.72
180,43.27110953037136,37.43,46.72
181,43.27110953037136,37.43,46.72
182,43.27110953037136,37.43,46.72
183,47.24,47.24,47.24
184,47.42,47.31295012801168,47.24
185,48.19,48.672164817338235,47.799999899999996
186,48.53,49.43251327740796,47.8000001
187,61.04050392265209,77.41,47.8000001
188,48.53,49.43251327740796,47.8000001
189,48.53,49.43251327740796,47.8000001
190,48.53,49.43251327740796,47.8000001
191,48.19,48.672164817338235,47.799999899999996
192,48.19,48.672164817338235,47.799999899999996
193,48.19,48.672164817338235,47.799999899999996
194,48.19,49.36450374107935,47.24
195,48.19,49.36450374107935,47.24
196,48.19,49.36450374107935,47.24
197,48.19,49.36450374107935,47.24
198,48.19,49.36450374107935,47.24
199,48.19,49.36450374107935,47.24
200,47.24,47.24,47.24
201,43.27110953037136,37.43,46.72
202,37.28,37.28,37.28
203,37.28,37.06,37.183866729645466
204,37.06,37.06,37.06
205,36.05,8.85,24.164432028893987
206,36.05,8.85,24.164432028893987
207,37.28,37.06,37.40989927673383
208,43.13374790779197,37.06,46.72
209,47.24,47.24,47.24
210,48.19,48.672164817338235,47.799999899999996
211,48.53,49.43251352467191,47.799999899999996
212,48.53,49.43251327740796,47.8000001
213,48.53,49.43251352467191,47.799999899999996
214,48.53,49.43251352467191,47.799999899999996
215,48.19,49.36450374107935,47.24
216,47.42,47.642537550941356,47.24
217,47.42,47.642537550941356,47.24
218,47.24,47.24,47.24
219,47.24,47.24,47.24
220,47.24,47.24,47.24
221,47.24,47.24,47.24
222,47.24,47.24,47.24
223,47.42,47.42,47.42
224,47.24,47.24,47.24
225,43.27110953037136,37.43,46.72
226,47.42,37.43,46.72
227,40.54088344505039,37.06,46.72
228,37.28,37.06,37.183866729645466
229,37.28,37.06,37.183866729645466
230,37.28,37.06,37.183866729645466
231,37.28,37.28,37.28
232,46.72,46.72,46.72
233,47.42,47.42,47.42
234,48.19,48.672164817338235,47.799999899999996
235,48.53,49.43251352467191,47.799999899999996
236,48.53,49.43251352467191,47.799999899999996
237,48.19,48.672164817338235,47.799999899999996
238,48.19,49.36450374107935,47.24
239,47.42,47.642537550941356,47.24
240,46.72,46.72,46.72
241,46.72,46.72,46.72
242,46.72,46.72,46.72
243,46.72,46.72,46.72
244,47.24,47.24,47.24
245,48.19,49.36450374107935,47.24
246,48.19,48.672164817338235,47.799999899999996
247,48.53,49.43251327740796,47.8000001
248,48.53,49.43251327740796,47.8000001
249,48.19,48.672164817338235,47.799999899999996
250,48.19,47.631973937038836,47.24
251,47.42,47.02014577180437,46.72
252,47.42,37.43,29.93112653839755
253,47.42,37.43,8.93
254,47.42,37.43,8.93
255,47.42,37.43,29.93112653839755
256,47.42,48.28542380921638,46.72
257,48.19,50.00738999935439,46.72
258,48.53,50.76773870668805,46.72
259,60.73091528802787,77.41,47.24
260,48.53,50.12485244841303,47.24
261,48.53,50.76773870668805,46.72
262,48.53,50.76773870668805,46.72
263,48.53,50.76773870668805,46.72
264,48.19,50.00738999935439,46.72
265,48.19,50.00738999935439,46.72
266,48.19,50.00738999935439,46.72
267,48.53,50.12485244841303,47.24
268,48.53,50.12485244841303,47.24
269,61.040503812084744,77.41,47.799999899999996
270,61.04050392265209,77.41,47.8000001
271,61.04050392265209,77.41,47.8000001
272,48.53,49.43251352467191,47.799999899999996
273,48.19,50.00738999935439,46.72
274,48.19,37.43,46.72
275,47.42,37.43,43.054675587082755
276,47.42,37.06,42.89299690512286
277,47.42,37.06,42.89299690512286
278,47.42,37.06,42.89299690512286
279,47.42,37.06,42.89299690512286
280,47.42,37.43,43.054675587082755
281,48.53,50.12485244841303,47.24
282,48.53,49.43251352467191,47.799999899999996
283,48.53,49.43251352467191,47.799999899999996
284,48.53,50.12485244841303,47.24
285,48.53,50.76773870668805,46.72
286,47.42,77.41,23.16252085922065
287,47.42,37.43,8.93
288,37.28,37.43,8.93
289,47.42,37.43,8.93
290,47.42,37.43,8.93
291,47.42,37.43,8.93
292,48.19,77.41,24.555337095912876
293,60.443440178640216,77.41,46.72
294,60.73091528802787,77.41,47.24
295,60.73091528802787,77.41,47.24
296,48.53,50.12485244841303,47.24
297,48.53,50.76773870668805,46.72
298,48.53,50.76773870668805,46.72
299,48.19,50.00738999935439,46.72
300,48.19,50.00738999935439,46.72
301,48.19,50.00738999935439,46.72
302,47.42,48.28542380921638,46.72
303,47.42,48.28542380921638,46.72
304,48.19,50.00738999935439,46.72
305,48.53,50.12485244841303,47.24
306,61.04050392265209,77.41,47.8000001
307,61.068145704809545,77.41,47.85
308,61.068145704809545,77.41,47.85
309,48.53,49.37069741466733,47.85
310,48.53,49.37069741466733,47.85
311,48.53,49.43251327740796,47.8000001
312,48.53,49.43251352467191,47.799999899999996
313,48.53,49.43251352467191,47.799999899999996
314,48.53,49.43251352467191,47.799999899999996
315,48.53,49.43251352467191,47.799999899999996
316,61.040503812084744,77.41,47.799999899999996
317,61.04050392265209,77.41,47.8000001
318,61.068145704809545,77.41,47.85
319,61.068145704809545,77.41,47.85
320,48.53,49.43251327740796,47.8000001
321,48.19,49.36450374107935,47.24
322,48.19,37.43,46.72
323,47.42,37.06,42.89299690512286
324,47.42,24.811133512236523,8.93
325,47.42,24.811133512236523,8.93
326,47.42,24.811133512236523,8.93
327,47.42,24.811133512236523,8.93
328,47.42,37.43,43.054675587082755
329,48.53,50.76773870668805,46.72
330,48.53,50.12485244841303,47.24
331,61.040503812084744,77.41,47.799999899999996
332,61.040503812084744,77.41,47.799999899999996
333,48.53,49.43251352467191,47.799999899999996
334,48.53,50.12485244841303,47.24
335,48.53,50.12485244841303,47.24
336,48.53,50.12485244841303,47.24
337,48.53,50.12485244841303,47.24
338,48.53,50.12485244841303,47.24
339,48.53,50.12485244841303,47.24
340,48.53,50.12485244841303,47.24
341,48.53,50.12485244841303,47.24
342,48.53,50.12485244841303,47.24
343,48.53,50.12485244841303,47.24
344,48.53,50.76773870668805,46.72
345,37.43,37.43,37.43
346,37.28,37.06,8.93
347,37.28,20.627327489527293,8.93
348,37.28,8.85,0.0
349,37.28,8.85,0.0
350,36.05,8.85,0.0
351,37.28,37.06,0.0
352,37.28,37.43,8.93
353,47.42,48.28542380921638,46.72
354,48.53,50.76773870668805,46.72
355,48.53,50.76773870668805,46.72
356,48.53,50.76773870668805,46.72
357,48.53,50.12485244841303,47.24
358,48.53,50.76773870668805,46.72
359,48.19,50.00738999935439,46.72
360,47.42,48.28542380921638,46.72
361,47.42,48.28542380921638,46.72
362,47.42,48.28542380921638,46.72
363,47.42,48.28542380921638,46.72
364,47.42,47.799999899999996,47.11263622381634
365,47.42,47.799999899999996,47.11263622381634
366,47.42,47.642537550941356,47.24
367,47.42,47.642537550941356,47.24
368,47.42,47.642537550941356,47.24
369,46.72,46.72,46.72
370,37.43,37.43,37.43
371,37.28,37.06,37.183866729645466
372,37.28,37.06,37.183866729645466
373,37.28,37.06,37.183866729645466
374,37.28,37.06,37.183866729645466
375,37.43,37.43,37.43
376,47.42,48.28542380921638,46.72
377,48.19,49.36450374107935,47.24
378,48.53,50.12485244841303,47.24
379,48.53,49.43251352467191,47.799999899999996
380,48.19,48.672164817338235,47.799999899999996
381,48.19,48.672164817338235,47.799999899999996
382,47.799999899999996,47.799999899999996,47.799999899999996
383,47.490411375943125,47.799999899999996,47.24
384,47.42,47.642537550941356,47.24
385,47.42,47.642537550941356,47.24
386,47.42,47.642537550941356,47.24
387,47.42,47.642537550941356,47.24
388,48.19,48.672164817338235,47.799999899999996
389,48.53,49.43251327740796,47.8000001
390,48.53,49.37069741466733,47.85
391,48.53,49.37069741466733,47.85
392,48.53,49.37069741466733,47.85
393,48.19,48.672164570074294,47.8000001
394,48.19,37.43,47.799999899999996
395,48.19,37.43,47.24
396,48.19,37.43,46.72
397,48.19,37.43,46.72
398,48.19,37.43,43.48820914084188
399,48.19,37.43,43.48820914084188
400,48.19,50.00738999935439,46.72
401,48.53,50.12485244841303,47.24
402,48.53,49.43251327740796,47.8000001
403,61.068145704809545,77.41,47.85
404,48.53,49.37069741466733,47.85
405,48.53,49.37069741466733,47.85
406,48.19,48.672164570074294,47.8000001
407,48.19,48.672164570074294,47.8000001
408,48.19,48.672164570074294,47.8000001
409,48.19,48.672164570074294,47.8000001
410,48.53,49.43251327740796,47.8000001
411,48.53,49.43251327740796,47.8000001
412,48.53,49.37069741466733,47.85
413,61.16212795210935,77.41,48.02
414,61.16212795210935,77.41,48.02
415,48.53,49.1605230610005,48.02
416,48.19,48.672164570074294,47.8000001
417,48.19,37.43,47.24
418,47.42,37.43,46.72
419,47.42,37.06,46.72
420,47.42,37.06,46.72
421,47.42,37.06,46.72
422,47.42,37.06,46.72
423,47.42,37.06,46.72
424,43.59806076350303,37.43,47.24
425,48.19,49.36450374107935,47.24
426,48.53,49.43251327740796,47.8000001
427,48.53,49.37069741466733,47.85
428,48.53,49.37069741466733,47.85
429,48.19,48.61034870733366,47.85
430,47.85,47.85,47.85
431,47.8000001,47.8000001,47.8000001
432,48.19,48.672164817338235,47.799999899999996
433,48.19,48.672164817338235,47.799999899999996
434,48.19,48.672164817338235,47.799999899999996
435,48.19,48.672164570074294,47.8000001
436,48.53,49.43251327740796,47.8000001
437,61.068145704809545,77.41,47.85
438,61.16212795210935,77.41,48.02
439,61.16212795210935,77.41,48.02
440,48.19,48.61034870733366,47.85
441,48.19,37.43,47.24
442,48.19,37.43,47.24
443,48.19,37.43,46.72
444,48.19,37.06,46.72
445,47.42,37.06,46.72
446,47.42,37.43,46.72
447,47.42,37.43,47.24
448,48.19,37.43,47.24
449,48.53,49.43251352467191,47.799999899999996
450,61.068145704809545,77.41,47.85
451,61.068145704809545,77.41,47.85
452,48.53,49.37069741466733,47.85
453,48.53,49.37069741466733,47.85
454,48.19,48.61034870733366,47.85
455,48.19,48.672164817338235,47.799999899999996
456,48.19,48.672164817338235,47.799999899999996
457,48.19,49.36450374107935,47.24
458,48.19,48.672164817338235,47.799999899999996
459,48.53,49.43251352467191,47.799999899999996
460,48.53,49.43251352467191,47.799999899999996
461,61.068145704809545,77.41,47.85
462,61.068145704809545,77.41,47.85
463,61.16212795210935,77.41,48.02
464,48.53,49.43251327740796,47.8000001
465,48.19,49.36450374107935,47.24
466,48.19,37.43,46.72
467,48.19,37.43,46.72
468,47.42,37.06,46.72
469,47.42,37.06,42.89299690512286
470,47.42,37.06,42.89299690512286
471,47.42,37.43,43.054675587082755
472,48.19,37.43,46.72
473,48.53,50.12485244841303,47.24
474,61.04050392265209,77.41,47.8000001
475,61.068145704809545,77.41,47.85
476,61.068145704809545,77.41,47.85
477,48.53,49.37069741466733,47.85
478,48.19,48.61034870733366,47.85
479,48.53,49.43251327740796,47.8000001
480,48.53,49.43251352467191,47.799999899999996
481,48.53,49.43251352467191,47.799999899999996
482,48.53,49.43251352467191,47.799999899999996
483,48.53,49.43251352467191,47.799999899999996
484,48.53,49.43251352467191,47.799999899999996
485,61.04050392265209,77.41,47.8000001
486,61.068145704809545,77.41,47.85
487,48.53,49.37069741466733,47.85
488,48.19,48.672164817338235,47.799999899999996
489,48.19,37.43,46.72
490,48.19,37.43,8.93
491,47.42,37.06,8.93
492,47.42,24.811133512236523,8.93
493,37.28,20.627327489527293,8.93
494,37.28,20.627327489527293,8.93
495,37.28,37.06,8.93
496,47.42,37.43,8.93
497,48.19,77.41,24.555337095912876
498,48.53,50.12485244841303,47.24
499,48.53,49.43251352467191,47.799999899999996
500,48.53,49.43251352467191,47.799999899999996
501,48.53,49.43251352467191,47.799999899999996
502,47.799999899999996,47.799999899999996,47.799999899999996
503,47.42,47.642537550941356,47.24
504,48.19,49.36450374107935,47.24
505,48.19,50.00738999935439,46.72
506,48.19,50.00738999935439,46.72
507,48.19,50.00738999935439,46.72
508,48.19,50.00738999935439,46.72
509,48.19,49.36450374107935,47.24
510,48.19,49.36450374107935,47.24
511,48.19,49.36450374107935,47.24
512,48.19,37.43,46.72
513,43.27110953037136,37.43,46.72
514,43.27110953037136,37.43,46.72
515,43.27110953037136,37.43,46.72
516,37.43,37.43,37.43
517,37.28,37.28,37.28
518,37.28,37.28,37.28
519,37.28,37.28,37.28
520,43.27110953037136,37.43,46.72
521,47.42,47.642537550941356,47.24
522,48.19,48.672164570074294,47.8000001
523,48.53,49.43251327740796,47.8000001
524,48.53,49.43251327740796,47.8000001
525,48.53,49.43251327740796,47.8000001
526,48.19,48.672164817338235,47.799999899999996
527,48.19,49.36450374107935,47.24
528,48.19,49.36450374107935,47.24
529,48.19,49.36450374107935,47.24
530,48.19,49.36450374107935,47.24
531,47.490411375943125,47.799999899999996,47.24
532,47.490411375943125,47.799999899999996,47.24
533,47.42,47.642537550941356,47.24
534,47.42,47.642537550941356,47.24
535,47.42,47.42,47.42
536,47.24,47.24,47.24
537,46.72,46.72,46.72
538,37.43,37.43,37.43
539,37.28,37.06,37.183866729645466
540,37.28,37.06,37.183866729645466
541,36.05,8.85,24.164432028893987
542,36.05,35.93557528564843,35.9999999
543,37.06,37.06,37.06
544,43.27110953037136,37.43,46.72
545,47.42,47.42,47.42
546,48.53,49.43251352467191,47.799999899999996
547,48.53,49.43251327740796,47.8000001
548,48.53,49.43251327740796,47.8000001
549,48.53,49.43251327740796,47.8000001
550,48.53,49.43251352467191,47.799999899999996
551,48.53,49.43251352467191,47.799999899999996
552,48.53,50.12485244841303,47.24
553,48.53,50.12485244841303,47.24
554,48.53,49.43251352467191,47.799999899999996
555,48.53,49.43251352467191,47.799999899999996
556,48.53,49.43251327740796,47.8000001
557,61.068145704809545,77.41,47.85
558,61.16212795210935,77.41,48.02
559,61.16212795210935,77.41,48.02
560,48.53,49.37069741466733,47.85
561,48.19,37.43,47.799999899999996
562,48.19,37.43,47.24
563,48.19,37.43,46.72
564,48.19,37.06,46.72
565,48.19,37.06,46.72
566,48.19,37.43,46.72
567,47.42,37.43,47.24
568,48.53,50.12485244841303,47.24
569,48.53,49.43251327740796,47.8000001
570,48.53,49.1605230610005,48.02
571,61.16212795210935,77.41,48.02
572,61.16212795210935,77.41,48.02
573,48.53,49.37069741466733,47.85
574,48.53,49.43251327740796,47.8000001
575,48.19,48.672164817338235,47.799999899999996
576,48.19,49.36450374107935,47.24
577,48.19,49.36450374107935,47.24
578,48.19,49.36450374107935,47.24
579,48.53,50.12485244841303,47.24
580,48.53,50.12485244841303,47.24
581,61.040503812084744,77.41,47.799999899999996
582,61.068145704809545,77.41,47.85
583,61.068145704809545,77.41,47.85
584,48.53,49.37069741466733,47.85
585,48.53,49.43251327740796,47.8000001
586,48.53,49.43251327740796,47.8000001
587,48.53,49.43251352467191,47.799999899999996
588,48.53,49.43251352467191,47.799999899999996
589,48.19,48.672164817338235,47.799999899999996
590,48.53,50.12485244841303,47.24
591,48.53,49.43251352467191,47.799999899999996
592,48.53,49.43251352467191,47.799999899999996
593,48.53,49.43251352467191,47.799999899999996
594,61.068145704809545,77.41,47.85
595,61.068145704809545,77.41,47.85
596,61.068145704809545,77.41,47.85
597,48.53,49.37069741466733,47.85
598,48.19,48.672164570074294,47.8000001
599,48.19,48.672164817338235,47.799999899999996
600,48.19,49.36450374107935,47.24
601,48.19,49.36450374107935,47.24
602,48.19,48.672164817338235,47.799999899999996
603,48.53,49.43251352467191,47.799999899999996
604,48.53,49.43251327740796,47.8000001
605,61.068145704809545,77.41,47.85
606,61.16212795210935,77.41,48.02
607,48.53,49.1605230610005,48.02
608,48.53,49.37069741466733,47.85
609,48.53,49.43251327740796,47.8000001
610,48.53,49.43251352467191,47.799999899999996
611,48.53,50.12485244841303,47.24
612,48.53,50.12485244841303,47.24
613,48.53,50.12485244841303,47.24
614,48.53,49.43251352467191,47.799999899999996
615,48.53,49.43251352467191,47.799999899999996
616,48.53,49.43251327740796,47.8000001
617,61.068145704809545,77.41,47.85
618,61.068145704809545,77.41,47.85
619,61.068145704809545,77.41,47.85
620,48.53,49.37069741466733,47.85
621,48.53,49.37069741466733,47.85
622,48.19,48.672164570074294,47.8000001
623,48.19,48.672164817338235,47.799999899999996
624,47.799999899999996,47.799999899999996,47.799999899999996
625,47.799999899999996,47.799999899999996,47.799999899999996
626,47.42,47.642537550941356,47.24
627,47.42,47.642537550941356,47.24
628,48.19,48.672164817338235,47.799999899999996
629,48.53,49.37069741466733,47.85
630,48.53,49.37069741466733,47.85
631,48.53,49.37069741466733,47.85
632,48.19,48.61034870733366,47.85
633,48.19,48.672164817338235,47.799999899999996
634,48.19,37.43,47.24
635,47.42,37.43,47.24
636,47.42,45.81805720296358,46.72
637,47.42,48.28542380921638,46.72
638,48.19,37.43,46.72
639,48.19,50.00738999935439,46.72
640,48.19,50.00738999935439,46.72
641,48.53,50.12485244841303,47.24
642,48.53,49.43251352467191,47.799999899999996
643,48.53,49.43251327740796,47.8000001
644,61.04050392265209,77.41,47.8000001
645,48.53,49.43251327740796,47.8000001
646,48.53,49.43251352467191,47.799999899999996
647,48.53,50.12485244841303,47.24
648,48.19,49.36450374107935,47.24
649,48.19,49.36450374107935,47.24
650,48.19,49.36450374107935,47.24
651,48.53,49.43251352467191,47.799999899999996
652,48.53,49.43251352467191,47.799999899999996
653,61.068145704809545,77.41,47.85
654,61.068145704809545,77.41,47.85
655,48.53,49.37069741466733,47.85
656,48.19,48.672164570074294,47.8000001
657,48.19,37.43,47.24
658,47.42,37.43,47.24
659,48.19,37.43,47.24
660,47.42,37.43,46.72
661,47.42,37.43,46.72
662,47.42,37.43,43.054675587082755
663,47.42,37.43,46.72
664,48.19,50.00738999935439,46.72
665,48.53,50.12485244841303,47.24
666,48.53,49.43251327740796,47.8000001
667,61.068145704809545,77.41,47.85
668,61.068145704809545,77.41,47.85
669,48.53,49.43251327740796,47.8000001
670,48.19,48.672164817338235,47.799999899999996
671,48.19,49.36450374107935,47.24
672,48.19,49.36450374107935,47.24
673,48.19,49.36450374107935,47.24
674,48.19,49.36450374107935,47.24
675,48.19,49.36450374107935,47.24
676,48.19,49.36450374107935,47.24
677,47.490411375943125,47.799999899999996,47.24
678,48.19,49.36450374107935,47.24
679,48.19,49.36450374107935,47.24
680,48.19,37.43,46.72
681,46.72,46.72,46.72
682,37.28,37.06,37.183866729645466
683,37.28,37.43,37.158672161683334
684,46.72,46.72,46.72
685,37.43,37.43,37.43
686,37.43,37.43,37.43
687,37.43,37.43,37.43
688,47.42,47.799999899999996,46.72
689,48.19,49.36450374107935,47.24
690,48.19,48.672164817338235,47.799999899999996
691,48.19,48.672164817338235,47.799999899999996
692,48.19,48.672164817338235,47.799999899999996
693,48.19,49.36450374107935,47.24
694,47.42,47.642537550941356,47.24
695,46.72,46.72,46.72
696,46.72,46.72,46.72
697,46.72,46.72,46.72
698,37.43,37.43,37.43
699,46.72,46.72,46.72
700,46.72,46.72,46.72
701,47.24,47.24,47.24
702,47.24,47.24,47.24
703,47.42,47.642537550941356,47.24
704,47.42,47.642537550941356,47.24
705,47.42,37.43,46.72
706,47.42,37.43,46.72
707,37.28,47.799999899999996,28.77087435360951
708,37.28,37.28,37.28
709,37.06,37.06,37.06
710,37.28,37.28,37.28
711,37.28,37.28,37.28
712,46.72,46.72,46.72
713,47.24,47.24,47.24
714,48.19,49.36450374107935,47.24
715,48.53,49.43251352467191,47.799999899999996
716,48.53,49.43251352467191,47.799999899999996
717,48.53,49.43251352467191,47.799999899999996
718,48.19,49.36450374107935,47.24
719,48.19,49.36450374107935,47.24
720,47.42,47.642537550941356,47.24
721,47.42,47.642537550941356,47.24
722,47.42,47.642537550941356,47.24
723,47.42,47.642537550941356,47.24
724,48.19,49.36450374107935,47.24
725,48.53,49.43251352467191,47.799999899999996
726,48.53,49.43251327740796,47.8000001
727,61.04050392265209,77.41,47.8000001
728,48.53,49.43251327740796,47.8000001
729,48.19,48.672164817338235,47.799999899999996
730,47.42,47.31295012801168,47.24
731,47.42,37.43,47.24
732,47.42,37.43,46.72
733,47.24,47.24,47.24
734,47.42,47.31295012801168,47.24
735,47.42,47.31295012801168,47.24
736,47.42,47.31295012801168,47.24
737,48.19,49.36450374107935,47.24
738,48.19,48.672164817338235,47.799999899999996
739,48.19,48.672164817338235,47.799999899999996
740,48.19,48.672164817338235,47.799999899999996
741,48.19,48.672164817338235,47.799999899999996
742,47.490411375943125,47.799999899999996,47.24
743,47.42,47.642537550941356,47.24
744,47.42,47.642537550941356,47.24
745,47.24,47.24,47.24
746,47.24,47.24,47.24
747,47.24,47.24,47.24
748,47.42,47.642537550941356,47.24
749,47.24,47.24,47.24
750,47.42,47.42,47.42
751,47.42,47.42,47.42
752,47.24,47.24,47.24
753,43.27110953037136,37.43,46.72
754,46.72,46.72,46.72
755,43.27110953037136,37.43,46.72
756,37.28,37.28,37.28
757,37.43,37.43,37.43
758,46.72,46.72,46.72
759,47.24,47.24,47.24
760,47.42,47.42,47.42
761,48.19,48.672164817338235,47.799999899999996
762,48.19,48.672164817338235,47.799999899999996
763,48.53,49.43251327740796,47.8000001
764,48.53,49.43251327740796,47.8000001
765,48.19,48.672164570074294,47.8000001
766,47.799999899999996,47.799999899999996,47.799999899999996
767,47.42,47.642537550941356,47.24
768,47.42,47.642537550941356,47.24
769,47.42,47.642537550941356,47.24
770,47.42,47.642537550941356,47.24
771,47.42,47.642537550941356,47.24
772,47.42,47.642537550941356,47.24
773,48.53,49.43251352467191,47.799999899999996
774,61.04050392265209,77.41,47.8000001
775,61.068145704809545,77.41,47.85
776,48.53,49.43251327740796,47.8000001
777,48.53,49.43251352467191,47.799999899999996
778,48.53,50.12485244841303,47.24
779,48.53,50.12485244841303,47.24
780,48.53,50.12485244841303,47.24
781,48.19,49.36450374107935,47.24
782,48.19,49.36450374107935,47.24
783,48.19,49.36450374107935,47.24
784,48.19,49.36450374107935,47.24
785,48.19,49.36450374107935,47.24
786,48.53,50.12485244841303,47.24
787,48.53,50.12485244841303,47.24
788,48.53,50.12485244841303,47.24
789,48.19,49.36450374107935,47.24
790,47.20293626655547,47.799999899999996,46.72
791,37.43,37.43,37.43
792,37.43,37.43,37.43
793,37.43,37.43,37.43
794,37.43,37.43,37.43
795,46.72,46.72,46.72
796,47.42,47.642537550941356,47.24
797,48.53,50.12485244841303,47.24
798,61.040503812084744,77.41,47.799999899999996
799,48.53,49.43251352467191,47.799999899999996
800,48.53,50.12485244841303,47.24
801,48.19,50.00738999935439,46.72
802,48.19,50.00738999935439,46.72
803,48.19,50.00738999935439,46.72
804,47.42,37.43,46.72
805,47.42,37.43,8.93
806,48.19,37.43,8.93
807,48.19,37.43,46.72
808,48.53,50.12485244841303,47.24
809,48.53,49.37069741466733,47.85
810,61.16212795210935,77.41,48.02
811,48.53,49.1605230610005,48.02
812,48.53,49.37069741466733,47.85
813,48.19,48.61034870733366,47.85
814,47.42,47.42,47.42
815,47.24,47.24,47.24
816,37.43,37.43,37.43
817,37.28,37.28,37.28
818,37.28,37.28,37.28
819,37.28,37.43,37.158672161683334
820,37.28,37.28,37.28
821,47.42,47.02014577180437,46.72
822,47.42,47.02014577180437,46.72
823,47.42,47.008822900975986,46.72
824,37.43,37.43,37.43
825,37.28,37.06,37.183866729645466
826,37.28,8.85,24.856959653730005
827,37.28,21.085903758077187,8.93
828,37.28,21.085903758077187,8.93
829,36.05,20.558504759049494,8.93
830,36.05,8.85,8.93
831,36.05,8.85,8.93
832,37.28,8.85,24.856959653730005
833,37.28,37.28,37.28
834,48.19,50.00738999935439,46.72
835,48.53,50.12485244841303,47.24
836,48.19,49.36450374107935,47.24
837,47.42,47.642537550941356,47.24
838,47.42,47.642537550941356,47.24
839,47.24,47.24,47.24
840,47.24,47.24,47.24
841,47.24,47.24,47.24
842,47.24,47.24,47.24
843,47.24,47.24,47.24
844,47.24,47.24,47.24
845,47.24,47.24,47.24
846,47.42,47.642537550941356,47.24
847,47.42,47.642537550941356,47.24
848,46.72,46.72,46.72
849,37.28,37.06,37.183866729645466
850,37.28,37.06,37.183866729645466
851,37.06,37.06,37.06
852,36.05,8.85,8.93
853,36.05,8.85,8.93
854,36.05,8.85,8.93
855,36.05,8.85,8.93
856,36.05,8.85,24.164432028893987
857,37.28,37.28,37.28
858,46.72,46.72,46.72
859,47.24,47.24,47.24
860,47.24,47.24,47.24
861,46.72,46.72,46.72
862,37.43,37.43,37.43
863,37.28,37.28,37.28
864,36.05,37.06,35.23305922200109
865,37.06,37.06,37.06
866,37.06,37.06,37.06
867,37.06,37.06,37.06
868,37.06,37.06,37.06
869,37.06,37.06,37.06
870,37.28,37.28,37.28
871,37.28,37.28,37.28
872,36.05,37.06,8.93
873,37.28,37.06,8.93
874,36.05,37.43,8.93
875,37.28,37.43,8.93
876,37.28,37.43,8.93
877,36.05,37.43,8.93
878,37.28,37.28,37.28
879,37.28,37.28,37.28
880,47.42,48.28542380921638,46.72
881,48.19,50.00738999935439,46.72
882,48.53,50.12485244841303,47.24
883,48.53,49.43251352467191,47.799999899999996
884,48.53,49.43251327740796,47.8000001
885,48.53,49.43251352467191,47.799999899999996
886,48.53,49.43251352467191,47.799999899999996
887,48.19,49.36450374107935,47.24
888,48.19,49.36450374107935,47.24
889,48.19,49.36450374107935,47.24
890,48.19,49.36450374107935,47.24
891,48.19,49.36450374107935,47.24
892,48.53,49.43251352467191,47.799999899999996
893,61.068145704809545,77.41,47.85
894,61.16212795210935,77.41,48.02
895,61.16212795210935,77.41,48.02
896,48.53,49.37069741466733,47.85
897,48.53,49.43251327740796,47.8000001
898,48.19,37.43,47.24
899,48.19,37.43,47.24
900,48.19,37.43,47.24
901,48.19,37.43,47.24
902,48.19,37.43,47.24
903,48.19,47.958058551219814,47.799999899999996
904,48.53,49.43251352467191,47.799999899999996
905,61.04050392265209,77.41,47.8000001
906,48.53,49.37069741466733,47.85
907,61.068145704809545,77.41,47.85
908,61.068145704809545,77.41,47.85
909,48.53,49.43251327740796,47.8000001
910,47.799999899999996,47.799999899999996,47.799999899999996
911,47.42,47.642537550941356,47.24
912,47.42,47.642537550941356,47.24
913,47.42,47.642537550941356,47.24
914,47.42,47.642537550941356,47.24
915,47.42,47.642537550941356,47.24
916,47.42,47.42,47.42
917,48.19,48.672164570074294,47.8000001
918,48.19,48.672164570074294,47.8000001
919,48.19,48.672164570074294,47.8000001
920,48.19,49.36450374107935,47.24
921,37.43,37.43,37.43
922,37.28,37.06,37.183866729645466
923,37.28,37.06,37.183866729645466
924,37.28,37.06,37.183866729645466
925,37.28,37.06,37.183866729645466
926,37.28,37.28,37.28
927,37.28,37.28,37.28
928,37.43,37.43,37.43
929,47.42,47.31426874596525,47.24
930,48.19,49.36450374107935,47.24
931,48.19,48.672164817338235,47.799999899999996
932,48.53,50.12485244841303,47.24
933,48.19,49.36450374107935,47.24
934,47.42,48.28542380921638,46.72
935,47.20293626655547,47.799999899999996,46.72
936,46.72,46.72,46.72
937,46.72,46.72,46.72
938,46.72,46.72,46.72
939,47.42,48.28542380921638,46.72
940,47.42,48.28542380921638,46.72
941,48.53,50.76773870668805,46.72
942,60.443440178640216,77.41,46.72
943,48.53,50.76773870668805,46.72
944,48.53,50.76773870668805,46.72
945,48.19,77.41,24.555337095912876
946,47.42,77.41,8.93
947,47.42,37.43,8.93
948,47.42,37.06,8.93
949,47.42,37.06,8.93
950,47.42,37.43,8.93
951,47.42,37.43,46.72
952,47.42,47.642537550941356,47.24
953,48.53,50.12485244841303,47.24
954,48.53,49.37069741466733,47.85
955,61.068145704809545,77.41,47.85
956,61.068145704809545,77.41,47.85
957,48.53,49.37069741466733,47.85
958,48.19,48.672164817338235,47.799999899999996
959,48.19,49.36450374107935,47.24
960,47.490411375943125,47.799999899999996,47.24
961,47.42,47.642537550941356,47.24
962,47.42,47.642537550941356,47.24
963,47.490411375943125,47.799999899999996,47.24
964,48.19,49.36450374107935,47.24
965,48.53,50.12485244841303,47.24
966,61.040503812084744,77.41,47.799999899999996
967,48.53,49.43251352467191,47.799999899999996
968,48.53,50.12485244841303,47.24
969,48.53,37.43,46.72
970,47.42,37.43,46.72
971,47.42,37.43,8.93
972,47.42,37.06,8.93
973,47.42,37.06,8.93
974,47.42,37.06,8.93
975,47.42,37.43,8.93
976,48.19,50.00738999935439,46.72
977,48.53,50.12485244841303,47.24
978,48.53,49.43251352467191,47.799999899999996
979,48.53,49.43251327740796,47.8000001
980,48.53,49.43251327740796,47.8000001
981,48.53,49.43251352467191,47.799999899999996
982,48.19,49.36450374107935,47.24
983,48.53,50.12485244841303,47.24
984,48.19,49.36450374107935,47.24
985,48.19,49.36450374107935,47.24
986,48.19,49.36450374107935,47.24
987,48.53,50.12485244841303,47.24
988,48.53,50.12485244841303,47.24
989,61.04050392265209,77.41,47.8000001
990,61.068145704809545,77.41,47.85
991,61.068145704809545,77.41,47.85
992,48.53,49.43251327740796,47.8000001
993,48.19,49.36450374107935,47.24
994,47.42,45.81805720296358,46.72
995,48.19,37.43,8.93
996,47.42,37.43,8.93
997,47.42,37.06,8.93
998,47.42,24.811133512236523,8.93
999,37.28,37.06,8.93
1000,37.28,37.06,36.9054655223612
1001,37.43,37.43,37.43
1002,48.19,50.00738999935439,46.72
1003,48.53,50.76773870668805,46.72
1004,48.53,50.76773870668805,46.72
1005,48.53,50.76773870668805,46.72
1006,48.19,50.00738999935439,46.72
1007,47.490411375943125,47.799999899999996,47.24
1008,47.42,47.799999899999996,47.11263622381634
1009,47.42,47.799999899999996,47.11263622381634
1010,47.42,47.799999899999996,47.11263622381634
1011,47.42,48.28542380921638,46.72
1012,48.19,50.00738999935439,46.72
1013,48.19,50.00738999935439,46.72
1014,48.53,50.76773870668805,46.72
1015,48.53,50.76773870668805,46.72
1016,47.42,48.28542380921638,46.72
1017,37.28,37.43,8.93
1018,37.28,37.06,8.93
1019,37.28,20.627327489527293,8.93
1020,37.28,20.627327489527293,8.93
1021,37.28,20.627327489527293,8.93
1022,37.28,37.06,8.93
1023,37.28,37.43,8.93
1024,47.42,48.28542380921638,46.72
1025,48.19,50.00738999935439,46.72
1026,48.53,50.12485244841303,47.24
1027,48.53,50.12485244841303,47.24
1028,48.53,49.43251352467191,47.799999899999996
1029,48.53,49.43251352467191,47.799999899999996
1030,48.19,48.672164817338235,47.799999899999996
1031,48.19,49.36450374107935,47.24
1032,48.19,49.36450374107935,47.24
1033,47.490411375943125,47.799999899999996,47.24
1034,47.490411375943125,47.799999899999996,47.24
1035,47.490411375943125,47.799999899999996,47.24
1036,47.42,47.642537550941356,47.24
1037,47.42,47.642537550941356,47.24
1038,47.42,47.642537550941356,47.24
1039,47.24,47.24,47.24
1040,46.72,46.72,46.72
1041,43.27110953037136,37.43,46.72
1042,37.43,37.43,37.43
1043,37.43,37.43,37.43
1044,37.28,37.28,37.28
1045,37.43,37.43,37.43
1046,46.72,46.72,46.72
1047,47.24,47.24,47.24
1048,47.42,47.642537550941356,47.24
1049,48.19,48.672164817338235,47.799999899999996
1050,48.53,49.43251327740796,47.8000001
1051,48.53,49.43251327740796,47.8000001
1052,48.53,49.43251327740796,47.8000001
1053,48.53,49.43251327740796,47.8000001
1054,48.19,48.672164570074294,47.8000001
1055,48.19,48.672164817338235,47.799999899999996
1056,47.490411375943125,47.799999899999996,47.24
1057,47.42,47.642537550941356,47.24
1058,47.42,47.642537550941356,47.24
1059,47.799999899999996,47.799999899999996,47.799999899999996
1060,48.19,48.672164817338235,47.799999899999996
1061,48.53,49.43251327740796,47.8000001
1062,61.068145704809545,77.41,47.85
1063,48.53,49.37069741466733,47.85
1064,48.19,48.61034870733366,47.85
1065,48.19,47.958058551219814,47.799999899999996
1066,47.42,37.43,47.24
1067,47.42,37.43,46.72
1068,47.42,37.43,46.72
1069,47.42,37.06,46.72
1070,47.42,37.06,42.89299690512286
1071,47.42,37.43,43.054675587082755
1072,47.42,37.43,47.24
1073,48.19,49.36450374107935,47.24
1074,48.53,49.43251327740796,47.8000001
1075,48.53,49.37069741466733,47.85
1076,61.068145704809545,77.41,47.85
1077,48.53,49.37069741466733,47.85
1078,48.19,48.672164570074294,47.8000001
1079,48.53,49.43251352467191,47.799999899999996
1080,48.19,48.672164817338235,47.799999899999996
1081,48.19,48.672164817338235,47.799999899999996
1082,48.19,48.672164817338235,47.799999899999996
1083,48.19,48.672164817338235,47.799999899999996
1084,48.19,48.672164817338235,47.799999899999996
1085,48.53,49.43251327740796,47.8000001
1086,61.068145704809545,77.41,47.85
1087,61.068145704809545,77.41,47.85
1088,48.53,49.43251327740796,47.8000001
1089,48.53,49.43251352467191,47.799999899999996
1090,48.53,50.12485244841303,47.24
1091,48.53,50.12485244841303,47.24
1092,48.53,50.12485244841303,47.24
1093,48.53,50.76773870668805,46.72
1094,48.53,50.76773870668805,46.72
1095,48.53,50.76773870668805,46.72
1096,48.53,50.76773870668805,46.72
1097,48.53,50.76773870668805,46.72
1098,48.53,50.12485244841303,47.24
1099,48.53,50.12485244841303,47.24
1100,48.53,50.12485244841303,47.24
1101,48.53,50.12485244841303,47.24
1102,48.19,50.00738999935439,46.72
1103,48.19,50.00738999935439,46.72
1104,48.19,50.00738999935439,46.72
1105,48.19,50.00738999935439,46.72
1106,48.19,50.00738999935439,46.72
1107,48.19,50.00738999935439,46.72
1108,48.53,50.76773870668805,46.72
1109,60.73091528802787,77.41,47.24
1110,61.040503812084744,77.41,47.799999899999996
1111,48.53,49.43251352467191,47.799999899999996
1112,48.53,50.76773870668805,46.72
1113,47.42,48.28542380921638,46.72
1114,47.42,37.43,43.054675587082755
1115,37.28,37.43,8.93
1116,37.28,37.06,8.93
1117,37.28,37.06,8.93
1118,37.28,37.06,8.93
1119,37.28,37.06,8.93
1120,37.28,37.43,37.158672161683334
1121,48.19,50.00738999935439,46.72
1122,48.53,50.12485244841303,47.24
1123,48.53,49.43251352467191,47.799999899999996
1124,61.04050392265209,77.41,47.8000001
1125,61.04050392265209,77.41,47.8000001
1126,48.53,49.43251327740796,47.8000001
1127,48.53,49.43251352467191,47.799999899999996
1128,48.53,49.43251352467191,47.799999899999996
1129,48.53,49.43251352467191,47.799999899999996
1130,48.53,49.43251352467191,47.799999899999996
1131,48.53,49.43251352467191,47.799999899999996
1132,48.19,48.672164817338235,47.799999899999996
1133,47.799999899999996,47.799999899999996,47.799999899999996
1134,47.490411375943125,47.799999899999996,47.24
1135,47.42,47.642537550941356,47.24
1136,47.24,47.24,47.24
1137,37.43,37.43,37.43
1138,37.28,37.28,37.28
1139,37.06,37.06,37.06
1140,36.05,8.85,24.164432028893987
1141,35.46,8.85,23.83224398120842
1142,35.46,8.85,23.83224398120842
1143,37.06,37.06,37.06
1144,37.28,37.28,37.28
1145,46.72,46.72,46.72
1146,47.42,47.642537550941356,47.24
1147,47.42,47.642537550941356,47.24
1148,47.42,47.642537550941356,47.24
1149,47.42,47.642537550941356,47.24
1150,47.20293626655547,47.799999899999996,46.72
1151,46.72,46.72,46.72
1152,37.43,37.43,37.43
1153,37.43,37.43,37.43
1154,37.43,37.43,37.43
1155,46.72,46.72,46.72
1156,46.72,46.72,46.72
1157,47.42,47.642537550941356,47.24
1158,48.19,49.36450374107935,47.24
1159,47.42,47.642537550941356,47.24
1160,37.43,37.43,37.43
1161,37.28,37.28,37.28
1162,37.28,37.06,36.89485964348824
1163,37.28,37.06,36.89485964348824
1164,37.06,37.06,37.06
1165,37.06,37.06,37.06
1166,37.28,37.06,37.183866729645466
1167,37.43,37.43,37.43
1168,47.42,48.28542380921638,46.72
1169,48.19,50.00738999935439,46.72
1170,48.53,49.43251352467191,47.799999899999996
1171,48.53,49.43251327740796,47.8000001
1172,48.53,49.43251327740796,47.8000001
1173,48.19,48.672164570074294,47.8000001
1174,48.19,48.672164570074294,47.8000001
1175,48.19,49.36450374107935,47.24
1176,47.490411375943125,47.799999899999996,47.24
1177,47.490411375943125,47.799999899999996,47.24
1178,47.42,47.642537550941356,47.24
1179,47.490411375943125,47.799999899999996,47.24
1180,48.19,49.36450374107935,47.24
1181,48.19,49.36450374107935,47.24
1182,48.19,48.672164817338235,47.799999899999996
1183,48.19,49.36450374107935,47.24
1184,48.19,37.43,47.24
1185,47.24,47.24,47.24
1186,43.27110953037136,37.43,46.72
1187,43.59806076350303,37.43,47.24
1188,43.27110953037136,37.43,46.72
1189,43.27110953037136,37.43,46.72
1190,43.27110953037136,37.43,46.72
1191,43.27110953037136,37.43,46.72
1192,47.24,47.24,47.24
1193,48.19,49.36450374107935,47.24
1194,48.53,49.43251352467191,47.799999899999996
1195,48.53,49.43251327740796,47.8000001
1196,48.53,49.43251352467191,47.799999899999996
1197,48.53,49.43251352467191,47.799999899999996
1198,48.53,50.12485244841303,47.24
1199,48.19,49.36450374107935,47.24
1200,47.490411375943125,47.799999899999996,47.24
1201,47.42,47.642537550941356,47.24
1202,47.42,47.642537550941356,47.24
1203,47.42,47.642537550941356,47.24
1204,47.42,47.642537550941356,47.24
1205,47.42,47.642537550941356,47.24
1206,47.42,47.642537550941356,47.24
1207,47.42,47.42,47.42
1208,46.72,46.72,46.72
1209,37.43,37.43,37.43
1210,37.43,37.43,37.43
1211,37.43,37.43,37.43
1212,37.28,37.28,37.28
1213,37.28,37.06,37.183866729645466
1214,37.28,37.06,37.183866729645466
1215,37.28,37.28,37.28
1216,46.72,46.72,46.72
1217,47.42,47.642537550941356,47.24
1218,48.53,49.43251352467191,47.799999899999996
1219,48.53,49.43251327740796,47.8000001
1220,48.53,49.43251327740796,47.8000001
1221,48.53,49.43251327740796,47.8000001
1222,48.53,49.43251352467191,47.799999899999996
1223,48.19,48.672164817338235,47.799999899999996
1224,48.19,48.672164817338235,47.799999899999996
1225,47.799999899999996,47.799999899999996,47.799999899999996
1226,47.799999899999996,47.799999899999996,47.799999899999996
1227,47.799999899999996,47.799999899999996,47.799999899999996
1228,48.53,49.43251352467191,47.799999899999996
1229,61.04050392265209,77.41,47.8000001
1230,61.068145704809545,77.41,47.85
1231,61.068145704809545,77.41,47.85
1232,48.53,49.43251327740796,47.8000001
1233,48.53,49.43251352467191,47.799999899999996
1234,48.19,37.43,47.24
1235,48.19,37.43,47.24
1236,48.19,37.43,46.72
1237,48.19,37.43,46.72
1238,48.19,37.43,47.24
1239,48.19,37.43,47.24
1240,48.53,50.12485244841303,47.24
1241,48.53,49.43251327740796,47.8000001
1242,48.53,49.37069741466733,47.85
1243,48.53,49.1605230610005,48.02
1244,61.068145704809545,77.41,47.85
1245,48.53,49.37069741466733,47.85
1246,48.53,49.43251327740796,47.8000001
1247,48.53,49.43251352467191,47.799999899999996
1248,48.53,49.43251352467191,47.799999899999996
1249,48.53,49.43251352467191,47.799999899999996
1250,48.53,49.43251352467191,47.799999899999996
1251,48.53,49.43251352467191,47.799999899999996
1252,48.53,49.43251352467191,47.799999899999996
1253,61.068145704809545,77.41,47.85
1254,61.068145704809545,77.41,47.85
1255,61.16212795210935,77.41,48.02
1256,48.53,49.37069741466733,47.85
1257,48.53,49.43251327740796,47.8000001
1258,48.53,49.43251352467191,47.799999899999996
1259,48.19,37.43,47.24
1260,48.53,37.43,47.24
1261,48.53,50.12485244841303,47.24
1262,48.53,49.43251352467191,47.799999899999996
1263,48.53,49.43251352467191,47.799999899999996
1264,48.53,49.43251352467191,47.799999899999996
1265,48.53,49.43251327740796,47.8000001
1266,48.53,49.37069741466733,47.85
1267,48.53,49.37069741466733,47.85
1268,61.068145704809545,77.41,47.85
1269,48.53,49.37069741466733,47.85
1270,48.53,49.37069741466733,47.85
1271,48.53,49.43251327740796,47.8000001
1272,48.53,49.43251352467191,47.799999899999996
1273,48.53,49.43251352467191,47.799999899999996
1274,48.53,49.43251352467191,47.799999899999996
1275,48.53,49.43251352467191,47.799999899999996
1276,48.53,49.43251327740796,47.8000001
1277,61.068145704809545,77.41,47.85
1278,61.16212795210935,77.41,48.02
1279,48.53,49.1605230610005,48.02
1280,48.53,49.37069741466733,47.85
1281,48.19,37.43,47.799999899999996
1282,48.19,37.43,47.24
1283,48.19,37.43,47.24
1284,48.19,37.43,47.24
1285,48.19,37.43,47.24
1286,48.19,37.43,47.24
1287,48.19,37.43,47.799999899999996
1288,48.53,49.43251352467191,47.799999899999996
1289,48.53,49.37069741466733,47.85
1290,48.53,49.1605230610005,48.02
1291,61.16212795210935,77.41,48.02
1292,61.16212795210935,77.41,48.02
1293,48.53,49.1605230610005,48.02
1294,48.53,49.37069741466733,47.85
1295,48.53,49.43251327740796,47.8000001
1296,48.53,49.43251352467191,47.799999899999996
1297,48.53,49.43251352467191,47.799999899999996
1298,48.53,49.43251352467191,47.799999899999996
1299,48.53,49.43251352467191,47.799999899999996
1300,48.53,49.43251352467191,47.799999899999996
1301,61.068145704809545,77.41,47.85
1302,61.16212795210935,77.41,48.02
1303,61.16212795210935,77.41,48.02
1304,48.53,49.37069741466733,47.85
1305,48.53,49.37069741466733,47.85
1306,48.53,49.43251327740796,47.8000001
1307,48.19,48.672164817338235,47.799999899999996
1308,48.53,37.43,47.799999899999996
1309,48.19,37.43,47.799999899999996
1310,48.53,37.43,47.799999899999996
1311,48.19,37.43,47.24
1312,48.53,49.43251352467191,47.799999899999996
1313,48.53,49.43251352467191,47.799999899999996
1314,48.53,49.43251327740796,47.8000001
1315,48.53,49.37069741466733,47.85
1316,48.53,49.37069741466733,47.85
1317,48.53,49.43251327740796,47.8000001
1318,48.53,49.43251352467191,47.799999899999996
1319,48.53,50.12485244841303,47.24
1320,48.19,49.36450374107935,47.24
1321,48.19,49.36450374107935,47.24
1322,48.19,49.36450374107935,47.24
1323,48.19,49.36450374107935,47.24
1324,48.53,50.12485244841303,47.24
1325,61.04050392265209,77.41,47.8000001
1326,61.068145704809545,77.41,47.85
1327,48.53,49.43251327740796,47.8000001
1328,48.19,48.672164817338235,47.799999899999996
1329,48.19,37.43,47.24
1330,48.19,37.43,46.72
1331,48.19,37.43,46.72
1332,48.19,37.43,46.72
1333,48.19,37.43,8.93
1334,47.42,37.43,46.72
1335,47.42,37.43,46.72
1336,48.19,37.43,46.72
1337,48.53,50.76773870668805,46.72
1338,48.53,50.12485244841303,47.24
1339,48.53,49.43251352467191,47.799999899999996
1340,48.53,49.43251352467191,47.799999899999996
1341,48.53,49.43251352467191,47.799999899999996
1342,48.53,50.12485244841303,47.24
1343,48.53,50.12485244841303,47.24
1344,48.53,50.76773870668805,46.72
1345,48.19,50.00738999935439,46.72
1346,48.19,50.00738999935439,46.72
1347,48.19,50.00738999935439,46.72
1348,48.19,49.36450374107935,47.24
1349,48.19,49.36450374107935,47.24
1350,48.53,50.12485244841303,47.24
1351,48.53,50.12485244841303,47.24
1352,48.19,37.43,46.72
1353,43.27110953037136,37.43,46.72
1354,37.28,37.28,37.28
1355,37.28,37.06,37.183866729645466
1356,37.28,37.06,37.183866729645466
1357,37.06,37.06,37.06
1358,36.473992990964575,37.06,35.9999999
1359,37.28,37.28,37.28
1360,37.43,37.43,37.43
1361,47.42,47.31295012801168,47.24
1362,48.19,48.672164817338235,47.799999899999996
1363,48.53,49.43251352467191,47.799999899999996
1364,48.53,49.43251352467191,47.799999899999996
1365,48.19,48.672164817338235,47.799999899999996
1366,48.19,49.36450374107935,47.24
1367,47.42,47.642537550941356,47.24
1368,46.72,46.72,46.72
1369,37.43,37.43,37.43
1370,37.43,37.43,37.43
1371,37.43,37.43,37.43
1372,37.28,37.28,37.28
1373,37.28,37.28,37.28
1374,37.43,37.43,37.43
1375,37.28,37.28,37.28
1376,37.06,37.06,37.06
1377,36.05,37.06,8.93
1378,36.05,37.06,8.93
1379,36.05,37.06,0.0
1380,36.05,37.06,0.0
1381,35.46,37.06,8.93
1382,35.46,8.85,8.93
1383,35.46,19.876387946989738,8.93
1384,36.05,36.05,36.05
1385,37.28,37.28,37.28
1386,47.42,48.28542380921638,46.72
1387,48.19,49.36450374107935,47.24
1388,48.19,49.36450374107935,47.24
1389,48.53,50.12485244841303,47.24
1390,48.19,49.36450374107935,47.24
1391,47.490411375943125,47.799999899999996,47.24
1392,47.42,47.642537550941356,47.24
1393,47.24,47.24,47.24
1394,47.24,47.24,47.24
1395,47.24,47.24,47.24
1396,47.24,47.24,47.24
1397,47.24,47.24,47.24
1398,47.24,47.24,47.24
1399,47.24,47.24,47.24
1400,46.72,46.72,46.72
1401,37.43,37.43,37.43
1402,37.28,37.28,37.28
1403,37.06,37.06,37.06
1404,37.06,37.06,37.06
1405,36.05,36.05,36.05
1406,36.05,36.05,36.05
1407,37.06,37.06,37.06
1408,37.28,37.28,37.28
1409,46.72,46.72,46.72
1410,47.24,47.24,47.24
1411,47.42,47.642537550941356,47.24
1412,47.42,47.642537550941356,47.24
1413,47.42,47.642537550941356,47.24
1414,46.72,46.72,46.72
1415,37.43,37.43,37.43
1416,37.28,37.43,37.158672161683334
1417,37.28,37.43,37.158672161683334
1418,37.28,37.43,37.158672161683334
1419,37.43,37.43,37.43
1420,47.20293626655547,47.799999899999996,46.72
1421,48.53,50.76773870668805,46.72
1422,60.73091528802787,77.41,47.24
1423,48.53,50.76773870668805,46.72
1424,48.19,50.00738999935439,46.72
1425,47.42,45.81805720296358,46.72
1426,47.42,37.43,43.054675587082755
1427,37.43,37.43,37.43
1428,37.28,37.43,37.158672161683334
1429,37.28,72.32966427326313,8.93
1430,39.55173944064133,77.41,8.93
1431,39.55173944064133,77.41,8.93
1432,47.42,77.41,23.16252085922065
1433,48.53,50.76773870668805,46.72
1434,48.53,50.12485244841303,47.24
1435,48.53,49.43251327740796,47.8000001
1436,48.53,49.43251327740796,47.8000001
1437,48.53,49.43251352467191,47.799999899999996
1438,48.53,49.43251352467191,47.799999899999996
1439,48.53,50.12485244841303,47.24
1440,48.53,50.12485244841303,47.24
1441,48.19,49.36450374107935,47.24
1442,48.19,49.36450374107935,47.24
1443,48.19,49.36450374107935,47.24
1444,48.19,49.36450374107935,47.24
1445,48.53,49.43251327740796,47.8000001
1446,48.53,49.43251327740796,47.8000001
1447,48.53,49.43251327740796,47.8000001
1448,48.19,48.672164817338235,47.799999899999996
1449,47.42,47.642537550941356,47.24
1450,47.42,48.28542380921638,46.72
1451,46.72,46.72,46.72
1452,46.72,46.72,46.72
1453,46.72,46.72,46.72
1454,47.42,48.28542380921638,46.72
1455,47.42,48.28542380921638,46.72
1456,47.42,48.28542380921638,46.72
1457,48.19,50.00738999935439,46.72
1458,48.19,49.36450374107935,47.24
1459,48.19,49.36450374107935,47.24
1460,48.19,50.00738999935439,46.72
1461,48.19,50.00738999935439,46.72
1462,47.42,48.28542380921638,46.72
1463,47.42,48.28542380921638,46.72
1464,47.42,48.28542380921638,46.72
1465,47.42,48.28542380921638,46.72
1466,48.19,50.00738999935439,46.72
1467,48.19,50.00738999935439,46.72
1468,48.53,50.76773870668805,46.72
1469,60.73091528802787,77.41,47.24
1470,61.04050392265209,77.41,47.8000001
1471,48.53,49.43251327740796,47.8000001
1472,48.53,49.43251327740796,47.8000001
1473,48.53,49.43251352467191,47.799999899999996
1474,48.53,50.12485244841303,47.24
1475,48.19,37.43,47.24
1476,48.19,37.43,47.24
1477,48.19,37.43,47.24
1478,48.19,37.43,47.24
1479,48.19,37.43,47.24
1480,48.19,48.672164817338235,47.799999899999996
1481,48.19,48.672164817338235,47.799999899999996
1482,48.53,49.43251327740796,47.8000001
1483,48.53,49.37069741466733,47.85
1484,48.53,49.43251327740796,47.8000001
1485,48.19,48.672164570074294,47.8000001
1486,47.42,47.42,47.42
1487,47.42,47.642537550941356,47.24
1488,46.72,46.72,46.72
1489,37.43,37.43,37.43
1490,37.43,37.43,37.43
1491,37.43,37.43,37.43
1492,37.43,37.43,37.43
1493,47.42,47.31718034132113,47.24
1494,47.42,47.008822900975986,46.72
1495,47.42,47.02014577180437,46.72
1496,47.42,37.43,8.93
1497,47.42,37.06,8.93
1498,47.42,37.06,8.93
1499,47.42,37.06,8.93
1500,47.42,37.06,8.93
1501,47.42,37.06,8.93
1502,47.42,37.06,8.93
1503,47.42,37.06,8.93
1504,47.42,37.06,8.93
1505,47.42,37.06,8.93
1506,47.42,47.02014577180437,46.72
1507,47.42,47.02014577180437,46.72
1508,47.42,37.43,29.93112653839755
1509,47.42,47.02014577180437,46.72
1510,47.42,37.43,8.93
1511,37.28,37.43,8.93
1512,37.28,37.43,37.158672161683334
1513,37.28,37.43,37.158672161683334
1514,37.43,37.43,37.43
1515,37.43,37.43,37.43
1516,37.43,37.43,37.43
1517,46.72,46.72,46.72
1518,47.42,48.28542380921638,46.72
1519,47.42,48.28542380921638,46.72
1520,37.28,37.43,37.158672161683334
1521,37.28,37.43,8.93
1522,37.28,37.43,8.93
1523,37.28,37.43,8.93
1524,36.05,37.43,0.0
1525,37.28,37.06,0.0
1526,36.05,37.43,8.93
1527,36.05,37.43,8.93
1528,37.28,37.43,37.158672161683334
1529,47.42,48.28542380921638,46.72
1530,48.53,50.76773870668805,46.72
1531,48.53,50.12485244841303,47.24
1532,48.53,50.12485244841303,47.24
1533,48.53,50.12485244841303,47.24
1534,48.53,50.12485244841303,47.24
1535,48.53,50.12485244841303,47.24
1536,48.19,49.36450374107935,47.24
1537,48.19,49.36450374107935,47.24
1538,47.490411375943125,47.799999899999996,47.24
1539,47.490411375943125,47.799999899999996,47.24
1540,47.42,47.642537550941356,47.24
1541,47.42,47.642537550941356,47.24
1542,47.42,47.642537550941356,47.24
1543,47.42,47.42,47.42
1544,47.42,47.31295012801168,47.24
1545,47.42,37.43,46.72
1546,47.42,37.43,46.72
1547,47.42,37.06,46.72
1548,47.42,37.06,46.72
1549,37.28,37.06,37.183866729645466
1550,37.28,37.06,37.183866729645466
1551,37.28,37.28,37.28
1552,46.72,46.72,46.72
1553,47.42,47.31295012801168,47.24
1554,48.53,49.43251352467191,47.799999899999996
1555,48.53,49.43251352467191,47.799999899999996
1556,48.53,50.12485244841303,47.24
1557,48.53,50.12485244841303,47.24
1558,48.19,49.36450374107935,47.24
1559,47.490411375943125,47.799999899999996,47.24
1560,47.490411375943125,47.799999899999996,47.24
1561,47.42,47.799999899999996,47.11263622381634
1562,47.42,47.799999899999996,47.11263622381634
1563,47.490411375943125,47.799999899999996,47.24
1564,48.19,49.36450374107935,47.24
1565,48.53,49.43251352467191,47.799999899999996
1566,61.04050392265209,77.41,47.8000001
1567,61.04050392265209,77.41,47.8000001
1568,48.53,49.43251352467191,47.799999899999996
1569,48.19,37.43,47.24
1570,48.19,37.43,46.72
1571,48.19,37.43,46.72
1572,48.19,37.06,46.72
1573,48.19,37.06,46.72
1574,48.19,37.43,46.72
1575,47.42,37.43,47.24
1576,48.53,50.12485244841303,47.24
1577,48.53,49.43251352467191,47.799999899999996
1578,48.53,49.43251327740796,47.8000001
1579,48.53,49.43251327740796,47.8000001
1580,48.53,49.43251352467191,47.799999899999996
1581,48.53,50.12485244841303,47.24
1582,48.19,49.36450374107935,47.24
1583,48.19,49.36450374107935,47.24
1584,47.490411375943125,47.799999899999996,47.24
1585,47.490411375943125,47.799999899999996,47.24
1586,47.490411375943125,47.799999899999996,47.24
1587,48.19,49.36450374107935,47.24
1588,48.53,50.12485244841303,47.24
1589,61.040503812084744,77.41,47.799999899999996
1590,61.04050392265209,77.41,47.8000001
1591,48.53,49.43251352467191,47.799999899999996
1592,48.53,50.12485244841303,47.24
1593,48.19,50.00738999935439,46.72
1594,48.19,37.43,8.93
1595,47.42,37.06,42.89299690512286
1596,47.42,37.06,42.89299690512286
1597,47.42,37.06,42.89299690512286
1598,47.42,37.06,42.89299690512286
1599,47.42,37.06,42.89299690512286
1600,47.42,37.43,46.72
1601,48.53,37.43,46.72
1602,48.53,49.43251352467191,47.799999899999996
1603,48.53,49.43251327740796,47.8000001
1604,48.53,49.43251327740796,47.8000001
1605,48.53,49.43251327740796,47.8000001
1606,48.19,48.672164817338235,47.799999899999996
1607,48.19,49.36450374107935,47.24
1608,48.19,49.36450374107935,47.24
1609,48.19,49.36450374107935,47.24
1610,48.19,49.36450374107935,47.24
1611,48.53,50.12485244841303,47.24
1612,48.53,50.12485244841303,47.24
1613,61.04050392265209,77.41,47.8000001
1614,61.068145704809545,77.41,47.85
1615,61.04050392265209,77.41,47.8000001
1616,48.53,49.43251352467191,47.799999899999996
1617,48.19,47.62501456450607,47.24
1618,48.19,37.43,47.24
1619,48.19,37.43,47.24
1620,48.19,37.43,46.72
1621,48.19,37.43,46.72
1622,47.42,37.43,46.72
1623,47.42,37.43,46.72
1624,47.42,37.43,46.72
1625,48.53,37.43,47.24
1626,48.53,49.43251352467191,47.799999899999996
1627,48.53,49.43251327740796,47.8000001
1628,48.53,49.43251327740796,47.8000001
1629,48.19,48.672164570074294,47.8000001
1630,47.8000001,47.8000001,47.8000001
1631,48.19,49.36450374107935,47.24
1632,47.42,47.642537550941356,47.24
1633,47.42,47.642537550941356,47.24
1634,47.42,47.642537550941356,47.24
1635,47.42,47.642537550941356,47.24
1636,47.42,47.642537550941356,47.24
1637,47.42,47.642537550941356,47.24
1638,47.42,47.642537550941356,47.24
1639,46.72,46.72,46.72
1640,37.43,37.43,37.43
1641,37.28,37.28,37.28
1642,37.28,37.06,37.183866729645466
1643,37.28,37.06,37.183866729645466
1644,36.05,8.85,24.164432028893987
1645,36.05,8.85,24.164432028893987
1646,36.05,8.85,24.164432028893987
1647,36.05,36.05,36.05
1648,37.06,37.06,37.06
1649,37.43,37.43,37.43
1650,46.72,46.72,46.72
1651,47.42,47.642537550941356,47.24
1652,47.42,47.642537550941356,47.24
1653,47.42,47.642537550941356,47.24
1654,47.24,47.24,47.24
1655,46.72,46.72,46.72
1656,46.72,46.72,46.72
1657,46.72,46.72,46.72
1658,46.72,46.72,46.72
1659,47.24,47.24,47.24
1660,47.42,47.642537550941356,47.24
1661,47.799999899999996,47.799999899999996,47.799999899999996
1662,47.799999899999996,47.799999899999996,47.799999899999996
1663,47.42,47.642537550941356,47.24
1664,43.27110953037136,37.43,46.72
1665,43.27110953037136,37.43,46.72
1666,43.27110953037136,37.43,46.72
1667,37.28,37.28,37.28
1668,37.28,37.28,37.28
1669,37.28,37.06,37.183866729645466
1670,37.28,37.06,37.183866729645466
1671,37.28,37.28,37.28
1672,37.43,37.43,37.43
1673,43.59806076350303,37.43,47.24
1674,47.42,47.42,47.42
1675,47.8000001,47.8000001,47.8000001
1676,47.8000001,47.8000001,47.8000001
1677,47.799999899999996,47.799999899999996,47.799999899999996
1678,47.42,47.42,47.42
1679,47.42,47.642537550941356,47.24
1680,47.42,47.642537550941356,47.24
1681,47.42,47.642537550941356,47.24
1682,47.42,47.642537550941356,47.24
1683,47.42,47.642537550941356,47.24
1684,47.42,47.642537550941356,47.24
1685,47.42,47.642537550941356,47.24
1686,47.42,47.642537550941356,47.24
1687,47.24,47.24,47.24
1688,43.27110953037136,37.43,46.72
1689,37.28,37.28,37.28
1690,37.28,37.06,37.183866729645466
1691,37.28,37.06,37.183866729645466
1692,36.05,8.85,24.164432028893987
1693,36.05,8.85,24.164432028893987
1694,37.06,37.06,37.06
1695,37.28,37.06,37.183866729645466
1696,37.43,37.43,37.43
1697,43.59806076350303,37.43,47.24
1698,47.42,47.42,47.42
1699,48.19,48.672164817338235,47.799999899999996
1700,47.799999899999996,47.799999899999996,47.799999899999996
1701,47.799999899999996,47.799999899999996,47.799999899999996
1702,47.799999899999996,47.799999899999996,47.799999899999996
1703,47.42,47.642537550941356,47.24
1704,47.42,47.642537550941356,47.24
1705,47.42,47.642537550941356,47.24
1706,47.42,47.642537550941356,47.24
1707,47.42,47.642537550941356,47.24
1708,47.42,47.642537550941356,47.24
1709,47.42,47.642537550941356,47.24
1710,47.42,47.642537550941356,47.24
1711,47.24,47.24,47.24
1712,46.72,46.72,46.72
1713,43.27110953037136,37.43,46.72
1714,40.54088344505039,37.06,46.72
1715,37.28,37.06,37.670534662693726
1716,37.28,37.06,37.183866729645466
1717,37.28,37.06,37.183866729645466
1718,37.28,37.06,37.670534662693726
1719,40.54088344505039,37.06,46.72
1720,43.27110953037136,37.43,46.72
1721,47.42,47.42,47.42
1722,48.53,49.43251352467191,47.799999899999996
1723,48.53,49.43251327740796,47.8000001
1724,48.53,49.43251327740796,47.8000001
1725,48.53,49.43251327740796,47.8000001
1726,48.19,48.672164570074294,47.8000001
1727,47.799999899999996,47.799999899999996,47.799999899999996
1728,47.799999899999996,47.799999899999996,47.799999899999996
1729,47.42,47.642537550941356,47.24
1730,47.42,47.642537550941356,47.24
1731,47.490411375943125,47.799999899999996,47.24
1732,48.19,48.672164817338235,47.799999899999996
1733,61.068145704809545,77.41,47.85
1734,61.068145704809545,77.41,47.85
1735,61.068145704809545,77.41,47.85
1736,48.53,49.37069741466733,47.85
1737,48.53,49.43251327740796,47.8000001
1738,48.53,37.43,47.799999899999996
1739,48.19,37.43,47.24
1740,48.19,37.43,47.24
1741,48.19,37.43,47.24
1742,48.19,37.43,47.24
1743,48.53,49.43251352467191,47.799999899999996
1744,48.53,49.43251327740796,47.8000001
1745,48.53,49.37069741466733,47.85
1746,48.53,49.1605230610005,48.02
1747,61.16212795210935,77.41,48.02
1748,48.53,49.1605230610005,48.02
1749,48.53,49.37069741466733,47.85
1750,48.19,48.61034870733366,47.85
1751,48.19,48.672164570074294,47.8000001
1752,48.19,48.672164570074294,47.8000001
1753,48.19,48.672164570074294,47.8000001
1754,48.19,48.672164570074294,47.8000001
1755,48.19,48.672164570074294,47.8000001
1756,48.53,49.43251327740796,47.8000001
1757,61.068145704809545,77.41,47.85
1758,61.16212795210935,77.41,48.02
1759,61.16212795210935,77.41,48.02
1760,48.53,49.37069741466733,47.85
1761,48.53,49.43251327740796,47.8000001
1762,48.19,37.43,47.799999899999996
1763,48.19,37.43,47.24
1764,48.19,37.06,46.72
1765,47.42,37.06,46.72
1766,47.42,37.43,43.054675587082755
1767,47.42,37.43,46.72
1768,47.42,37.43,47.24
1769,48.19,49.36450374107935,47.24
1770,48.53,49.43251352467191,47.799999899999996
1771,48.53,49.37069741466733,47.85
1772,48.53,49.43251327740796,47.8000001
1773,48.53,49.43251327740796,47.8000001
1774,48.53,50.12485244841303,47.24
1775,48.53,50.12485244841303,47.24
1776,48.53,50.12485244841303,47.24
1777,48.53,50.12485244841303,47.24
1778,48.53,50.12485244841303,47.24
1779,48.53,50.12485244841303,47.24
1780,48.53,50.12485244841303,47.24
1781,61.04050392265209,77.41,47.8000001
1782,61.068145704809545,77.41,47.85
1783,48.53,49.37069741466733,47.85
1784,48.53,49.43251327740796,47.8000001
1785,48.53,37.43,47.24
1786,48.19,37.43,47.24
1787,48.19,37.43,47.24
1788,48.19,37.43,47.24
1789,48.19,37.43,47.24
1790,48.19,37.43,47.24
1791,48.19,37.43,47.24
1792,48.53,37.43,47.24
1793,48.53,49.43251327740796,47.8000001
1794,48.53,49.37069741466733,47.85
1795,48.53,49.37069741466733,47.85
1796,48.53,49.43251327740796,47.8000001
1797,48.53,49.43251352467191,47.799999899999996
1798,48.53,49.43251352467191,47.799999899999996
1799,48.19,49.36450374107935,47.24
1800,48.19,49.36450374107935,47.24
1801,48.19,49.36450374107935,47.24
1802,48.19,49.36450374107935,47.24
1803,48.19,48.672164817338235,47.799999899999996
1804,48.53,49.43251352467191,47.799999899999996
1805,61.04050392265209,77.41,47.8000001
1806,61.068145704809545,77.41,47.85
1807,61.068145704809545,77.41,47.85
1808,48.53,49.37069741466733,47.85
1809,48.53,49.43251327740796,47.8000001
1810,48.53,49.43251327740796,47.8000001
1811,48.19,48.672164817338235,47.799999899999996
1812,48.19,37.43,47.24
1813,48.19,37.43,46.72
1814,48.19,37.43,46.72
1815,48.19,37.43,46.72
1816,48.19,37.43,46.72
1817,48.53,37.43,47.24
1818,48.53,49.43251352467191,47.799999899999996
1819,48.53,49.43251327740796,47.8000001
1820,48.53,49.43251327740796,47.8000001
1821,48.53,49.43251327740796,47.8000001
1822,48.19,48.672164570074294,47.8000001
1823,48.19,48.672164817338235,47.799999899999996
1824,48.19,48.672164817338235,47.799999899999996
1825,48.19,49.36450374107935,47.24
1826,48.19,49.36450374107935,47.24
1827,48.19,48.672164817338235,47.799999899999996
1828,48.53,49.43251352467191,47.799999899999996
1829,48.53,49.43251327740796,47.8000001
1830,61.068145704809545,77.41,47.85
1831,48.53,49.43251327740796,47.8000001
1832,48.53,49.43251352467191,47.799999899999996
1833,48.53,37.43,47.799999899999996
1834,48.19,37.43,47.799999899999996
1835,48.19,37.43,47.799999899999996
1836,48.19,37.43,47.24
1837,48.19,37.43,46.72
1838,47.42,37.43,46.72
1839,47.42,37.43,43.054675587082755
1840,47.42,37.43,46.72
1841,48.19,37.43,47.24
1842,48.53,49.43251352467191,47.799999899999996
1843,48.53,49.43251327740796,47.8000001
1844,48.53,49.37069741466733,47.85
1845,48.53,49.43251327740796,47.8000001
1846,48.53,49.43251352467191,47.799999899999996
1847,48.53,49.43251352467191,47.799999899999996
1848,48.19,49.36450374107935,47.24
1849,48.19,49.36450374107935,47.24
1850,48.19,49.36450374107935,47.24
1851,48.19,49.36450374107935,47.24
1852,48.19,49.36450374107935,47.24
1853,48.19,49.36450374107935,47.24
1854,48.53,50.12485244841303,47.24
1855,48.53,50.12485244841303,47.24
1856,47.42,47.642537550941356,47.24
1857,48.19,37.43,46.72
1858,47.42,37.43,46.72
1859,47.42,37.43,8.93
1860,37.28,37.06,8.93
1861,37.28,37.06,37.183866729645466
1862,37.06,37.06,37.06
1863,37.28,37.28,37.28
1864,37.43,37.43,37.43
1865,47.42,37.43,46.72
1866,48.19,49.36450374107935,47.24
1867,48.19,49.36450374107935,47.24
1868,48.19,49.36450374107935,47.24
1869,48.19,49.36450374107935,47.24
1870,47.42,47.642537550941356,47.24
1871,47.42,47.642537550941356,47.24
1872,46.72,46.72,46.72
1873,46.72,46.72,46.72
1874,37.43,37.43,37.43
1875,37.43,37.43,37.43
1876,37.43,37.43,37.43
1877,37.43,37.43,37.43
1878,37.43,37.43,37.43
1879,37.43,37.43,37.43
1880,37.43,37.43,37.43
1881,37.28,37.28,37.28
1882,37.06,37.06,37.06
1883,37.06,37.06,37.06
1884,36.05,36.05,36.05
1885,35.46,8.85,23.83224398120842
1886,8.992088194710355,8.85,8.93
1887,35.46,8.85,23.83224398120842
1888,36.05,36.05,36.05
1889,37.28,37.28,37.28
1890,47.42,48.28542380921638,46.72
1891,48.19,50.00738999935439,46.72
1892,48.53,50.76773870668805,46.72
1893,48.53,50.76773870668805,46.72
1894,48.53,50.76773870668805,46.72
1895,47.42,48.28542380921638,46.72
1896,47.20293626655547,47.799999899999996,46.72
1897,47.20293626655547,47.799999899999996,46.72
1898,47.20293626655547,47.799999899999996,46.72
1899,46.72,46.72,46.72
1900,47.42,47.642537550941356,47.24
1901,48.53,50.12485244841303,47.24
1902,48.53,50.12485244841303,47.24
1903,48.53,50.12485244841303,47.24
1904,48.53,50.12485244841303,47.24
1905,48.53,50.76773870668805,46.72
1906,48.53,50.76773870668805,46.72
1907,48.19,50.00738999935439,46.72
1908,48.19,77.41,8.93
1909,47.42,77.41,23.16252085922065
1910,48.19,77.41,24.555337095912876
1911,48.19,77.41,24.555337095912876
1912,48.19,50.00738999935439,46.72
1913,48.53,50.12485244841303,47.24
1914,48.53,49.43251352467191,47.799999899999996
1915,48.53,49.43251327740796,47.8000001
1916,48.53,49.43251327740796,47.8000001
1917,48.53,49.43251327740796,47.8000001
1918,48.53,49.43251352467191,47.799999899999996
1919,48.53,50.12485244841303,47.24
1920,48.53,50.12485244841303,47.24
1921,48.53,50.12485244841303,47.24
1922,48.53,50.12485244841303,47.24
1923,48.53,50.12485244841303,47.24
1924,48.53,50.12485244841303,47.24
1925,61.04050392265209,77.41,47.8000001
1926,61.068145704809545,77.41,47.85
1927,48.53,49.43251327740796,47.8000001
1928,48.53,49.43251352467191,47.799999899999996
1929,48.53,50.12485244841303,47.24
1930,48.53,50.12485244841303,47.24
1931,48.53,49.43251352467191,47.799999899999996
1932,48.53,50.12485244841303,47.24
1933,48.53,50.12485244841303,47.24
1934,48.53,50.12485244841303,47.24
1935,48.53,50.12485244841303,47.24
1936,48.53,49.43251352467191,47.799999899999996
1937,48.53,49.43251327740796,47.8000001
1938,48.53,49.37069741466733,47.85
1939,61.068145704809545,77.41,47.85
1940,48.53,49.37069741466733,47.85
1941,48.53,49.37069741466733,47.85
1942,48.53,49.43251327740796,47.8000001
1943,48.53,49.43251352467191,47.799999899999996
1944,48.53,49.43251352467191,47.799999899999996
1945,48.53,49.43251352467191,47.799999899999996
1946,48.53,49.43251352467191,47.799999899999996
1947,48.53,49.43251352467191,47.799999899999996
1948,48.53,49.43251352467191,47.799999899999996
1949,61.068145704809545,77.41,47.85
1950,61.068145704809545,77.41,47.85
1951,61.16212795210935,77.41,48.02
1952,61.16212795210935,77.41,48.02
1953,48.53,49.37069741466733,47.85
1954,48.53,49.37069741466733,47.85
1955,48.53,49.37069741466733,47.85
1956,48.19,37.43,47.799999899999996
1957,48.19,37.43,47.24
1958,48.19,37.43,47.24
1959,48.19,47.62501456450607,47.24
1960,48.19,48.672164817338235,47.799999899999996
1961,48.53,49.43251327740796,47.8000001
1962,48.53,49.37069741466733,47.85
1963,48.53,49.37069741466733,47.85
1964,48.53,49.37069741466733,47.85
1965,48.53,49.43251327740796,47.8000001
1966,48.19,48.672164570074294,47.8000001
1967,48.19,48.672164817338235,47.799999899999996
1968,48.19,49.36450374107935,47.24
1969,48.19,49.36450374107935,47.24
1970,48.19,49.36450374107935,47.24
1971,48.19,49.36450374107935,47.24
1972,48.53,49.43251352467191,47.799999899999996
1973,61.04050392265209,77.41,47.8000001
1974,61.068145704809545,77.41,47.85
1975,61.068145704809545,77.41,47.85
1976,48.53,49.37069741466733,47.85
1977,48.53,49.37069741466733,47.85
1978,48.53,49.43251327740796,47.8000001
1979,48.53,49.43251327740796,47.8000001
1980,48.53,49.43251352467191,47.799999899999996
1981,48.19,48.672164817338235,47.799999899999996
1982,48.19,48.672164817338235,47.799999899999996
1983,48.19,48.672164817338235,47.799999899999996
1984,48.53,49.43251327740796,47.8000001
1985,48.53,49.43251327740796,47.8000001
1986,48.53,49.37069741466733,47.85
1987,48.53,49.37069741466733,47.85
1988,48.53,49.37069741466733,47.85
1989,48.53,49.43251327740796,47.8000001
1990,48.19,48.672164817338235,47.799999899999996
1991,48.19,49.36450374107935,47.24
1992,48.19,49.36450374107935,47.24
1993,47.42,47.642537550941356,47.24
1994,47.42,47.642537550941356,47.24
1995,48.19,49.36450374107935,47.24
1996,48.19,49.36450374107935,47.24
1997,48.53,49.43251352467191,47.799999899999996
1998,48.53,49.43251352467191,47.799999899999996
1999,48.53,49.43251352467191,47.799999899999996
2000,48.19,49.36450374107935,47.24
2001,48.19,50.00738999935439,46.72
2002,48.19,50.00738999935439,46.72
2003,48.19,50.00738999935439,46.72
2004,48.19,50.00738999935439,46.72
2005,47.42,48.28542380921638,46.72
2006,47.42,48.28542380921638,46.72
2007,48.19,50.00738999935439,46.72
2008,48.19,50.00738999935439,46.72
2009,48.53,50.76773870668805,46.72
2010,48.53,50.12485244841303,47.24
2011,48.53,50.12485244841303,47.24
2012,48.53,50.12485244841303,47.24
2013,48.53,50.76773870668805,46.72
2014,48.53,50.76773870668805,46.72
2015,48.53,50.76773870668805,46.72
2016,48.19,50.00738999935439,46.72
2017,48.19,50.00738999935439,46.72
2018,48.19,50.00738999935439,46.72
2019,48.19,50.00738999935439,46.72
2020,48.19,50.00738999935439,46.72
2021,48.19,50.00738999935439,46.72
2022,48.53,50.76773870668805,46.72
2023,48.53,50.76773870668805,46.72
2024,48.19,77.41,24.555337095912876
2025,47.42,77.41,23.16252085922065
2026,37.28,72.32966427326313,8.93
2027,37.28,37.43,8.93
2028,37.28,37.43,8.93
2029,37.28,37.06,8.93
2030,37.28,37.06,37.183866729645466
2031,37.28,37.28,37.28
2032,37.43,37.43,37.43
2033,47.42,47.642537550941356,47.24
2034,48.53,50.12485244841303,47.24
2035,48.53,49.43251352467191,47.799999899999996
2036,48.53,49.43251352467191,47.799999899999996
2037,48.53,49.43251352467191,47.799999899999996
2038,48.53,50.12485244841303,47.24
2039,48.19,49.36450374107935,47.24
2040,48.19,49.36450374107935,47.24
2041,47.42,47.642537550941356,47.24
2042,47.42,47.642537550941356,47.24
2043,47.42,47.642537550941356,47.24
2044,47.42,47.642537550941356,47.24
2045,47.42,47.642537550941356,47.24
2046,47.42,47.42,47.42
2047,47.24,47.24,47.24
2048,46.72,46.72,46.72
2049,43.13374790779197,37.06,46.72
2050,37.28,37.06,37.40989927673383
2051,37.28,37.06,37.183866729645466
2052,37.28,37.06,37.183866729645466
2053,37.28,37.06,37.183866729645466
2054,37.28,37.06,37.183866729645466
2055,43.13374790779197,37.06,46.72
2056,43.27110953037136,37.43,46.72
2057,47.24,47.24,47.24
2058,47.42,47.42,47.42
2059,48.53,49.43251352467191,47.799999899999996
2060,48.53,49.43251352467191,47.799999899999996
2061,48.53,49.43251327740796,47.8000001
2062,48.53,49.43251352467191,47.799999899999996
2063,48.53,49.43251352467191,47.799999899999996
2064,48.19,49.36450374107935,47.24
2065,48.19,49.36450374107935,47.24
2066,48.19,49.36450374107935,47.24
2067,48.19,49.36450374107935,47.24
2068,48.53,49.43251352467191,47.799999899999996
2069,61.04050392265209,77.41,47.8000001
2070,61.068145704809545,77.41,47.85
2071,61.068145704809545,77.41,47.85
2072,48.53,49.43251327740796,47.8000001
2073,48.53,49.43251352467191,47.799999899999996
2074,48.19,37.43,47.799999899999996
2075,48.19,37.43,47.799999899999996
2076,48.19,37.43,47.24
2077,48.19,37.43,47.24
2078,48.53,37.43,47.24
2079,48.19,37.43,47.24
2080,48.53,49.43251352467191,47.799999899999996
2081,48.53,49.43251327740796,47.8000001
2082,61.068145704809545,77.41,47.85
2083,61.068145704809545,77.41,47.85
2084,61.068145704809545,77.41,47.85
2085,61.068145704809545,77.41,47.85
2086,48.53,49.37069741466733,47.85
2087,48.53,49.43251327740796,47.8000001
2088,48.53,49.43251327740796,47.8000001
2089,48.19,48.672164817338235,47.799999899999996
2090,48.53,49.43251352467191,47.799999899999996
2091,48.53,49.43251352467191,47.799999899999996
2092,48.53,49.43251352467191,47.799999899999996
2093,61.068145704809545,77.41,47.85
2094,61.068145704809545,77.41,47.85
2095,48.53,49.37069741466733,47.85
2096,48.53,49.37069741466733,47.85
2097,48.53,49.43251352467191,47.799999899999996
2098,48.53,50.12485244841303,47.24
2099,48.19,46.01593477545059,47.24
2100,48.19,37.43,46.72
2101,47.42,37.43,8.93
2102,47.42,37.43,8.93
2103,47.42,37.43,8.93
2104,48.19,77.41,8.93
2105,48.53,50.76773870668805,46.72
2106,48.53,50.12485244841303,47.24
2107,48.53,49.43251327740796,47.8000001
2108,48.53,49.43251327740796,47.8000001
2109,48.53,49.43251327740796,47.8000001
2110,48.53,49.43251352467191,47.799999899999996
2111,48.53,50.12485244841303,47.24
2112,48.53,50.12485244841303,47.24
2113,48.53,50.12485244841303,47.24
2114,48.53,50.12485244841303,47.24
2115,48.53,50.12485244841303,47.24
2116,48.53,49.43251352467191,47.799999899999996
2117,61.04050392265209,77.41,47.8000001
2118,61.068145704809545,77.41,47.85
2119,61.068145704809545,77.41,47.85
2120,48.53,49.43251327740796,47.8000001
2121,48.53,49.43251352467191,47.799999899999996
2122,48.53,49.43251352467191,47.799999899999996
2123,48.19,47.958058551219814,47.799999899999996
2124,48.19,37.43,47.24
2125,48.19,37.43,47.24
2126,48.19,37.43,47.24
2127,48.19,37.43,47.24
2128,48.53,37.43,47.24
2129,48.53,49.43251327740796,47.8000001
2130,48.53,49.37069741466733,47.85
2131,61.16212795210935,77.41,48.02
2132,61.16212795210935,77.41,48.02
2133,48.53,49.37069741466733,47.85
2134,48.53,49.37069741466733,47.85
2135,48.53,49.43251327740796,47.8000001
2136,48.53,49.43251352467191,47.799999899999996
2137,48.53,49.43251352467191,47.799999899999996
2138,48.53,49.43251352467191,47.799999899999996
2139,48.53,49.43251352467191,47.799999899999996
2140,48.53,49.43251352467191,47.799999899999996
2141,61.068145704809545,77.41,47.85
2142,61.068145704809545,77.41,47.85
2143,48.53,49.37069741466733,47.85
2144,48.53,49.37069741466733,47.85
2145,48.53,37.43,47.799999899999996
2146,48.19,37.43,47.24
2147,48.19,37.43,47.24
2148,48.19,37.43,47.24
2149,48.19,37.43,46.72
2150,48.19,37.43,46.72
2151,48.19,37.43,47.24
2152,48.19,37.43,47.24
2153,48.53,49.43251352467191,47.799999899999996
2154,48.53,49.37069741466733,47.85
2155,48.53,49.37069741466733,47.85
2156,48.53,49.37069741466733,47.85
2157,48.53,49.43251327740796,47.8000001
2158,48.53,49.43251327740796,47.8000001
2159,48.53,49.43251352467191,47.799999899999996
2160,48.53,49.43251352467191,47.799999899999996
