,Objective Value
1,654922.3889606975
2,660018.7002243588
3,644096.9420320233
4,634618.4258129277
5,689106.7153768493
6,811244.7855198322
7,932279.3561718059
8,928195.121085342
9,751600.7208044387
10,631121.663251303
11,530217.7215974472
12,461608.25716692145
13,405675.98990047385
14,409083.03325866075
15,430775.22951382917
16,543145.3689369775
17,804499.7349037179
18,1022285.6054150866
19,1107872.2511141857
20,1135010.3403774176
21,1053089.9534326605
22,934812.3972345802
23,795600.0733129231
24,706450.2949770987
25,687746.2295891927
26,703351.1912873539
27,764010.7809487422
28,802160.207953335
29,816781.966168773
30,852632.7191576627
31,901475.3371339497
32,879034.1794369115
33,777315.2843914458
34,707608.683886885
35,659696.3589428448
36,592331.8995102054
37,500981.524903145
38,495372.5735895747
39,532729.8157551821
40,676276.2359841417
41,970252.9409000564
42,1281805.1404746708
43,1487739.9327021085
44,1530826.6145939704
45,1502003.8062138478
46,1344715.6462948106
47,1251487.8925925433
48,1190635.8141908692
49,1178060.3021785624
50,1210966.4591430724
51,1312827.0544711559
52,1531664.9767213557
53,1893578.7767850375
54,2155779.394912245
55,2224740.3864075867
56,2088112.497587729
57,1935675.0947739226
58,1893949.815499217
59,1852176.2574633914
60,1806316.0181007124
61,1769805.375110073
62,1815463.459582894
63,1886327.3376373185
64,1991038.6701057293
65,2184324.6350028683
66,2284867.176741957
67,2369102.824734127
68,2293978.173714075
69,2110180.496425245
70,1903114.6273801418
71,1779234.7141964773
72,1706929.5186316904
73,1698450.457781208
74,1740513.0020782654
75,1808721.7464970206
76,1979401.8140006976
77,2311324.375277711
78,2479072.8319368144
79,2518994.73541016
80,2384472.121012324
81,2248357.8017354426
82,2086890.6006320654
83,1926238.7754334884
84,1810656.432057801
85,1728002.3188023877
86,1701542.0017744768
87,1656271.1499921358
88,1678873.3604101285
89,1820263.0470099738
90,2010704.5071085833
91,2077232.637509073
92,1995899.234036654
93,1785600.7009469154
94,1570446.046857016
95,1450049.003524771
96,1421552.2303847438
97,1401106.6423916942
98,1455740.1956177542
99,1593693.6686223277
100,1751834.8868883762
101,2067407.0706141898
102,2265839.060425329
103,2319301.4898854704
104,2102485.984864896
105,1899362.0523784012
106,1813220.1756469288
107,1726885.4533160848
108,1705473.5646969916
109,1714864.7672541211
110,1754967.2026417875
111,1791875.8242989704
112,1854077.4625695995
113,2049764.6278539854
114,2234106.8698006123
115,2285168.763604515
116,2140096.510813848
117,1968416.2872755604
118,1772098.0187302034
119,1614022.5185084506
120,1560128.1693609112
121,1542382.1760533457
122,1519438.015213542
123,1554810.9917314344
124,1639073.8223425942
125,1909225.8064356658
126,2092725.7461009102
127,2148193.8598920605
128,2044076.8131394167
129,1964019.345082267
130,1954275.9118224848
131,1871797.9819599732
132,1779385.491363572
133,1718657.2466889832
134,1669416.1434048414
135,1613090.5045721363
136,1627559.8602766949
137,1824071.2596976217
138,1998762.2463600878
139,2046216.072993253
140,1977125.8897968286
141,1854997.0044557021
142,1657107.2544289255
143,1510518.0964881175
144,1475254.387784764
145,1429433.7279640075
146,1411549.054226367
147,1380274.2014628209
148,1269478.806080994
149,1127612.4793151873
150,1154340.3329585686
151,1156837.2210621156
152,1026949.4740705002
153,878565.5078714917
154,793875.8844848289
155,693242.6697100376
156,555740.7522056773
157,500317.50530200667
158,451682.0783387721
159,507965.1517587005
160,672190.3821251864
161,973481.0620360282
162,1228019.471370134
163,1364011.3664829866
164,1360825.9394878738
165,1299466.66764623
166,1186483.3606741207
167,1047368.2414108682
168,1000441.878647176
169,987306.8598951993
170,988182.5739172887
171,1039308.0783832693
172,1073158.3899548897
173,1078070.8144993566
174,1156771.8192489878
175,1308782.8413185808
176,1236158.6928717594
177,1097929.4162911368
178,1026035.3005177402
179,977634.4123483759
180,907797.5048172171
181,887570.9927217999
182,889642.8429914012
183,903610.9211223226
184,996825.7983972195
185,1257779.2271276475
186,1507483.567073396
187,1579669.5903614932
188,1563679.8396521101
189,1497562.0307390324
190,1351796.14699978
191,1194847.803755945
192,1130356.0791643332
193,1111481.3109823563
194,1099988.8234345692
195,1113568.2893723284
196,1112496.7440032049
197,1060280.0822585325
198,1051160.5546511516
199,1074776.5634261726
200,917576.901957284
201,768447.8005641976
202,708138.9438209039
203,644475.6570000187
204,510364.1457643083
205,439622.491843879
206,410859.9766256938
207,482812.904794893
208,721045.998971875
209,1103798.3550827093
210,1414326.7555375993
211,1534395.3895719163
212,1559447.160460259
213,1493541.3598838183
214,1366359.5928430466
215,1183040.5342377864
216,1089047.7836068724
217,1015609.4600701011
218,988399.9914773273
219,1003918.9450861161
220,1018203.9567030943
221,1010530.015910117
222,1018313.5600617587
223,1063269.6341526823
224,1055332.0912589687
225,1010248.6917715006
226,1018649.2605864273
227,964373.8770290873
228,848899.3465416207
229,793838.3973770167
230,804530.9045249048
231,867835.3374197208
232,1047990.4171623895
233,1324577.093505738
234,1513601.8984160086
235,1568408.9569976795
236,1596228.1191760704
237,1498522.383243708
238,1293075.6222578317
239,1065485.6331744906
240,963926.401426152
241,922128.9686311086
242,924816.2536752453
243,946556.8137416141
244,1057413.1613588016
245,1406823.4325480722
246,1649476.9645708431
247,1839363.3405617643
248,1828754.1151542063
249,1669785.6378739406
250,1499717.42722654
251,1317045.5884406385
252,1286833.083829089
253,1278436.7162459309
254,1309685.339521511
255,1333342.6344312762
256,1424825.0495430767
257,1606164.0581082057
258,1784636.2537223937
259,1880481.8626810522
260,1825544.4555289927
261,1670629.947948421
262,1487497.7812006497
263,1374719.7975070423
264,1302702.8923364799
265,1280486.2589608948
266,1264787.7571037884
267,1346089.1496160706
268,1488247.4968754202
269,1794204.252609829
270,1977480.1792321296
271,2000455.0186977414
272,1802278.6829452023
273,1579959.8389088104
274,1445642.7378577571
275,1281182.4690278138
276,1235186.5673588992
277,1131772.8721701475
278,1100228.6348181772
279,1137473.7765845277
280,1305583.4245075816
281,1651343.1110411717
282,1870428.8479414997
283,1907037.8020696025
284,1826887.5364709601
285,1637896.7350450794
286,1345102.623790101
287,1158081.429557228
288,1093030.3196254552
289,1091790.7176241295
290,1163168.6055708304
291,1265306.9498293686
292,1381924.6091908528
293,1687160.5475942963
294,1949132.7289235373
295,1987782.8652392093
296,1798162.2114474413
297,1679769.4658931466
298,1611847.086971185
299,1479701.582122889
300,1419169.4222087855
301,1357355.6965658409
302,1342513.5530715794
303,1381601.9026686598
304,1538478.6469625412
305,1788103.8133672068
306,2055880.0896746055
307,2197201.1963452194
308,2160684.007526809
309,2022017.0294574513
310,1799369.5182958394
311,1646997.2629347437
312,1585612.1124087423
313,1564883.277388086
314,1609328.773281512
315,1623643.4835609673
316,1722369.9163859119
317,1964650.2973139063
318,2164534.802693794
319,2163670.08357329
320,1948319.910868552
321,1681083.2880718925
322,1491387.9966176203
323,1360419.5907465664
324,1239104.1397799028
325,1140515.9287084688
326,1096148.1560436434
327,1110698.956710505
328,1321007.0434892967
329,1648919.0778606096
330,1892443.580325881
331,1987647.3007129582
332,1978954.7009268214
333,1801411.463963654
334,1576322.2957304048
335,1435279.1546834016
336,1351711.6759123052
337,1347683.5070989728
338,1361487.9770520302
339,1368337.5099914046
340,1369297.4094061996
341,1407019.984040889
342,1463156.7019471547
343,1509247.027568873
344,1387305.2027703577
345,1157306.1079272048
346,969353.7280351805
347,858791.9487758342
348,779640.6956138794
349,717580.7370265018
350,700844.5617041775
351,788948.1674633727
352,971182.2187997894
353,1295321.6359023117
354,1481485.4271615373
355,1561697.632788499
356,1586408.6749658845
357,1502685.2795932363
358,1339228.2511408846
359,1173315.9998355643
360,1078583.9817461383
361,1054849.3533922213
362,1057521.7833010643
363,1078018.1834737686
364,1088177.1647503986
365,1059819.9308727265
366,1112882.0310370168
367,1197755.3547211555
368,1145077.601533846
369,1003673.8942150602
370,950647.9841538679
371,911641.8091485387
372,788133.1850839054
373,714099.0180299935
374,779770.6865186339
375,921339.8837916771
376,1134473.7148638426
377,1393728.105811299
378,1524966.2782622934
379,1539331.2692071833
380,1510028.7299434738
381,1494264.9268255285
382,1285078.6451102481
383,1181339.5216433299
384,1123335.0980641393
385,1109559.6697854465
386,1129858.9342229334
387,1182060.802288553
388,1407432.0509985338
389,1798608.425754192
390,2034386.1704879873
391,2088132.5202214792
392,1998043.335455034
393,1858931.9739198368
394,1737325.8024966158
395,1607686.8485684977
396,1533095.918787146
397,1395279.0503012824
398,1318217.390542325
399,1323043.149795643
400,1415059.749102852
401,1655764.9236791104
402,1926216.4588086773
403,2023834.8003469515
404,2039851.9197943746
405,1898937.9095187155
406,1665281.7034726602
407,1566885.9342643525
408,1599389.3163167888
409,1595023.099024959
410,1654823.0422528603
411,1711763.7047386337
412,1838501.2087859986
413,2190441.2524031997
414,2320914.911761354
415,2125218.5744180377
416,1779550.9771915677
417,1476685.4542954112
418,1341440.8093098972
419,1241277.4024112227
420,1142408.296138118
421,1059706.6659583722
422,1081405.253452779
423,1157015.8682743153
424,1360997.6848627154
425,1656210.751750488
426,1943670.155275457
427,2080849.0798828541
428,2055573.3177899474
429,1890206.5940916063
430,1639691.5205311272
431,1470429.3035708568
432,1400376.6383444709
433,1367017.2829701276
434,1414479.975266498
435,1486232.0392593953
436,1654137.8143042165
437,2070012.198755869
438,2238152.1797830653
439,2171055.540136192
440,1873749.8123669813
441,1633622.843427031
442,1498459.8495206952
443,1407962.7919433871
444,1390758.1985513878
445,1321500.6473267775
446,1354038.9718789898
447,1422955.419446299
448,1511884.51151426
449,1768090.745782543
450,2010679.5193704218
451,2054611.9836655268
452,1997908.9952000072
453,1796677.6697661802
454,1548366.5885852687
455,1410180.5223260045
456,1334999.6422366742
457,1284249.1576256226
458,1360903.8674039377
459,1422143.4222732391
460,1524598.4058384767
461,1920911.256473661
462,2178184.8152285246
463,2172628.6328813178
464,1851762.5807851567
465,1582416.9788501533
466,1473453.103351766
467,1326559.6902554373
468,1227888.3156771965
469,1131436.6378537484
470,1141369.9351161453
471,1189331.4592171146
472,1376449.8836231595
473,1729022.120339045
474,2028072.468906086
475,2109486.678329148
476,2144124.7781956154
477,1957383.3198998075
478,1708409.323618513
479,1609779.5767178545
480,1528045.3811120472
481,1515147.3141832775
482,1541674.8408830508
483,1591169.9551126657
484,1688320.6340438337
485,1986031.364573311
486,2110724.598222984
487,2024981.449671771
488,1627323.7593630564
489,1327071.494268449
490,1183993.8077738604
491,1054275.920094497
492,1001752.1669321317
493,919719.2348971269
494,915167.0717458295
495,952094.3750094998
496,1132573.3602633239
497,1435991.6717875716
498,1737405.4635407166
499,1858412.3293541372
500,1879370.198439833
501,1763324.6731734092
502,1476522.8631962317
503,1297261.6101376077
504,1250631.845914154
505,1239528.3627190443
506,1248355.1191942787
507,1257546.2894731185
508,1240670.7204590226
509,1282966.6158084134
510,1387673.8204228105
511,1441952.1990104967
512,1313088.8502233196
513,1151171.7688169794
514,1074100.2936428855
515,1030639.3377874646
516,944289.3999763516
517,854149.8769381503
518,855932.8794926998
519,923312.7109278897
520,1139862.6611095
521,1454099.7114319399
522,1691947.8767804753
523,1713978.3493796503
524,1729825.914080732
525,1641477.5688689107
526,1452620.9451318406
527,1272422.5904615154
528,1159245.9213036967
529,1127508.4674975486
530,1107980.469837568
531,1100858.9676522329
532,1095143.8275831263
533,1041263.8211169468
534,1075820.4161818423
535,1113759.8390476296
536,1072499.0994729334
537,969070.5098243798
538,815194.2817512777
539,680442.6108875254
540,595537.4419761051
541,527963.3508580156
542,540326.2734922231
543,632099.0182836538
544,872139.4273256611
545,1275994.8003033507
546,1543353.9296579438
547,1606595.1560087882
548,1661344.952862803
549,1630030.5727582006
550,1456524.7000152909
551,1322753.236965605
552,1266183.2961093718
553,1259132.491811019
554,1294542.749532361
555,1383005.8097748463
556,1596833.3188904324
557,1999654.1770283724
558,2247345.0457118074
559,2197714.469075303
560,1926867.425823735
561,1718006.7791845677
562,1572638.6985867159
563,1459163.8866919535
564,1367932.6519804937
565,1302791.8777565663
566,1341871.6047525336
567,1445076.0354926283
568,1671466.172479384
569,1974059.2533955753
570,2173732.482828635
571,2241266.8285456174
572,2172461.524161229
573,1963136.251421607
574,1668432.7839328852
575,1461877.0838997571
576,1361347.7181482222
577,1318674.270133184
578,1334558.611103506
579,1405305.944056089
580,1581020.254332145
581,1975015.6138765377
582,2187627.026234458
583,2221491.7585056964
584,2039706.5359630687
585,1962442.6206065658
586,1901776.0732641073
587,1827769.5358904575
588,1754377.407103086
589,1710561.8438060144
590,1747928.5789104302
591,1787989.389514491
592,1838311.6007993773
593,1958351.4397155873
594,2131392.741193179
595,2172422.340827584
596,2184378.8881458207
597,1944311.8091781295
598,1636147.2948925972
599,1401663.766218343
600,1318253.3938841908
601,1337272.2489961823
602,1408385.4954947233
603,1539030.743384486
604,1725269.2170897233
605,2070193.0166635287
606,2269189.2717029112
607,2143477.5154288504
608,1933498.8170092609
609,1749531.3904048665
610,1651355.9091631826
611,1610562.5818354236
612,1609319.1137285756
613,1627993.8846356906
614,1705859.7494474372
615,1740932.2541490954
616,1816456.9460653428
617,1944613.9023128562
618,2022065.0950244642
619,2025861.7010635117
620,1969385.7181329534
621,1786983.5678885614
622,1537510.1229735974
623,1350596.287881032
624,1222565.0977770935
625,1159872.8793042554
626,1153467.8550978298
627,1154127.1302392134
628,1303909.9971526465
629,1714772.6540320383
630,1907044.8916552127
631,1923597.183091195
632,1737504.9788167027
633,1591742.294674132
634,1465422.4565274555
635,1274311.2125681601
636,1250845.5202961992
637,1242881.9450174836
638,1274344.4698460437
639,1294979.0021126887
640,1318834.1067989483
641,1516238.0586481923
642,1714806.2373904386
643,1808908.333897049
644,1810843.0505702295
645,1615956.2913461286
646,1396218.8827354407
647,1233542.4703054854
648,1084598.5081652184
649,1069253.6965352888
650,1139627.035197517
651,1234558.2176819248
652,1407380.9643183923
653,1775673.5405731257
654,1958740.0242763322
655,1888802.152054657
656,1552260.5017345375
657,1383316.464376176
658,1262615.061489519
659,1237569.5531973233
660,1173068.8226198596
661,1135176.8013928777
662,1148258.2241529166
663,1178681.5764022584
664,1332018.8895963149
665,1525281.2412753205
666,1734959.5292263713
667,1799604.3149100435
668,1763151.2911475834
669,1576127.4109767198
670,1336696.8243837287
671,1197065.213280706
672,1113243.7474015318
673,1120173.0387531803
674,1125691.536652193
675,1151651.2252000445
676,1167375.1460687865
677,1164014.218123457
678,1241398.86913526
679,1276061.8707168356
680,1187930.6107357321
681,1039418.7369491011
682,935431.1433709067
683,949634.4681061512
684,955460.8679234983
685,898179.831128902
686,906917.2908646411
687,978057.587100535
688,1159130.2081667618
689,1404002.9700455267
690,1533870.20634864
691,1510415.9154862852
692,1509736.3173990182
693,1414318.8412093946
694,1202198.9303373434
695,987664.727808202
696,934882.4281102984
697,866971.6748759095
698,846264.9859026712
699,869307.8571416964
700,942758.8105169211
701,954848.8848698629
702,1013605.8764589297
703,1083389.3962573153
704,1100635.9016592114
705,1009492.0741432332
706,923996.5288038116
707,827580.0118360906
708,623136.6893286579
709,550218.780800042
710,556484.9403203025
711,658546.5094236917
712,861689.0220826198
713,1156099.9594828123
714,1399523.5132977774
715,1528440.7531751138
716,1616101.0504558603
717,1543328.0786522767
718,1311285.0557408289
719,1205464.3196132104
720,1107328.689023493
721,1088701.7162564218
722,1077897.8677081582
723,1146505.943455752
724,1261156.3049887486
725,1517861.5621878118
726,1743276.1640655163
727,1847298.7257003118
728,1751709.600590629
729,1551402.3151258498
730,1434889.4879242897
731,1340752.8323860394
732,1208668.4168633798
733,1190896.108153095
734,1197726.1106982292
735,1234348.610986248
736,1208353.497670384
737,1346543.8870567954
738,1447413.7479954062
739,1457354.105155701
740,1428626.1380238864
741,1272473.2218292388
742,1115851.8490307115
743,975994.7266527455
744,900241.5005462456
745,845299.5028109655
746,850216.5301446803
747,851843.2900636091
748,864939.5564681055
749,845713.9612909596
750,926738.3154973931
751,956784.9373851122
752,857024.1642090572
753,776385.145946405
754,744161.4898740264
755,704075.4245022503
756,618847.6513362755
757,632091.1582649305
758,745922.4190075196
759,865057.3682224347
760,1097138.1497772986
761,1375501.4831268594
762,1479109.8706241401
763,1607484.5219764197
764,1739983.3025217627
765,1468121.3959487274
766,1267652.3190042588
767,1214825.6347039058
768,1124828.308263868
769,1093153.7425600085
770,1111079.459008396
771,1121555.468944888
772,1224331.7277575613
773,1646922.3609763752
774,1999986.1619321508
775,2141722.0297146123
776,2040211.6957728034
777,1888412.50168499
778,1724537.3195733463
779,1673660.0471706449
780,1630753.417427963
781,1532751.7077318502
782,1468134.8431966614
783,1489680.4082138708
784,1565181.5137880128
785,1716556.8738987148
786,1794182.6252513954
787,1761794.2655275261
788,1648122.8420744312
789,1401068.3774784454
790,1146297.6389713306
791,981106.815554311
792,934323.0463508556
793,911169.3578750319
794,941981.1489446925
795,1013848.8215945895
796,1170670.0085125195
797,1527478.1344595626
798,1802968.8146001375
799,1804518.463881922
800,1622106.1178644917
801,1497908.3754981435
802,1421267.4808365768
803,1402052.54753837
804,1313872.3605940144
805,1306148.0696756025
806,1338974.9516581348
807,1455568.537407229
808,1744174.2143397576
809,2022200.0895638277
810,2188849.0761944167
811,2140355.1381654902
812,2032373.9651826872
813,1739247.2414669641
814,1372680.0195358142
815,1195841.4805372993
816,1054366.40245564
817,963705.2087420948
818,923525.9399666736
819,945104.6865571756
820,1049809.5082951447
821,1331144.3909766346
822,1542927.1448433439
823,1538917.9894496175
824,1301945.8380486206
825,1071789.5628669497
826,918709.0604823702
827,906720.7836850295
828,801518.7646246282
829,760387.7421938041
830,764096.7079408324
831,827824.748262395
832,965360.6243661785
833,1176883.45529547
834,1489519.428676906
835,1616198.283173258
836,1504013.317295878
837,1333429.051046371
838,1199316.188085492
839,1101211.7240729185
840,995154.4569953772
841,939777.2905223005
842,943356.8958464824
843,970086.3842938434
844,989546.7603196024
845,1060760.307598834
846,1231111.0313619964
847,1315571.0161109006
848,1196273.1424196041
849,1081267.4117457955
850,1016824.9566414723
851,947088.6973065635
852,854706.8953230759
853,787727.9314471914
854,796905.0416958372
855,822467.6919391066
856,914560.7596471391
857,1117708.2125568227
858,1277048.1841133663
859,1246119.0713193244
860,1233358.419609584
861,1149757.1666840387
862,1008981.1706831245
863,839674.1502454943
864,720003.9888722678
865,672223.7604381855
866,684894.0949312024
867,696016.5060799614
868,705266.4593290858
869,702266.3831887179
870,767105.5840661708
871,812564.445949657
872,760736.2043783838
873,714248.0028835952
874,763131.4049615643
875,827774.9733173554
876,758425.7754657518
877,677347.1680740159
878,717483.2561215269
879,814163.2813953909
880,1088117.2123412883
881,1318590.5648658755
882,1563772.097250865
883,1628061.252043434
884,1676643.0644784067
885,1618237.269809969
886,1408630.7914472413
887,1294535.2655973127
888,1220978.731925489
889,1221635.3953902696
890,1293011.777957447
891,1345313.3976911572
892,1509681.4921938207
893,1962457.9384012043
894,2247103.376848472
895,2212188.7166344
896,1984164.2808148798
897,1843371.9917161753
898,1720136.634187831
899,1590350.344015393
900,1488806.9050439915
901,1470956.8732311216
902,1515252.852939677
903,1607568.747924638
904,1774561.093407049
905,1975135.961858869
906,2088123.6532113208
907,2075253.0282032539
908,2019971.7167732792
909,1751773.5516223866
910,1388527.8876002743
911,1277158.2587211647
912,1227019.9550086274
913,1170804.7849864403
914,1190724.9228001616
915,1208348.3317308659
916,1298572.7900076641
917,1562716.018780258
918,1713456.302117385
919,1677505.850316134
920,1493892.2537422662
921,1099092.0085296782
922,978281.6858741936
923,889805.3740991775
924,892897.1165666053
925,881561.8031161125
926,1018307.7588179655
927,1034833.5496803754
928,1141571.9434966045
929,1377203.5436411933
930,1558276.449582369
931,1591673.8613654324
932,1612282.1099833993
933,1404030.6341143362
934,1156109.4551534343
935,1011668.1694477475
936,942844.8934718603
937,911261.1585440815
938,935137.6534346519
939,998799.5143100558
940,1144619.9871982238
941,1523649.1296143741
942,1795223.6085632583
943,1739481.9632858671
944,1547631.230347834
945,1392747.3293414868
946,1300173.1929644558
947,1110914.6752887066
948,1050819.3545351827
949,997533.8548737763
950,1011540.7357225614
951,1071974.3911542057
952,1291248.999039934
953,1610763.1002302093
954,1843265.1109532756
955,1909240.9710314607
956,1903101.0084228031
957,1699749.4662661473
958,1390170.1187168541
959,1245296.0964444673
960,1111623.0029402256
961,1059760.6639737869
962,1092704.172892156
963,1123032.338390015
964,1262305.2503083046
965,1561034.8953369542
966,1781257.8236566097
967,1703019.8016006597
968,1506251.2506891377
969,1307194.0473267355
970,1152113.3516206348
971,997842.025771544
972,911721.8889093862
973,823894.1690249689
974,855874.3601135958
975,938235.4222622055
976,1161036.7168707456
977,1487675.4607669583
978,1761302.2404504356
979,1811170.873016239
980,1769296.1119379657
981,1497525.2742901095
982,1300590.9169579598
983,1198340.865671678
984,1174807.42614419
985,1174040.498386365
986,1202402.8819111995
987,1252830.398199298
988,1403145.5720327226
989,1797315.1440296245
990,2073370.6215153555
991,2013468.5734604546
992,1796721.5414807512
993,1537373.0639745712
994,1381671.378049044
995,1274931.8409605543
996,1170013.3858999622
997,1087207.7074089046
998,1041345.8935716271
999,1019448.0031955371
1000,1132921.2841464703
1001,1287409.4892748913
1002,1441641.498491811
1003,1518495.6878106992
1004,1508930.5233494912
1005,1402399.6320346212
1006,1268913.671373442
1007,1223814.0890206445
1008,1162904.2078536793
1009,1123668.6653763882
1010,1148503.3108740356
1011,1150972.829068153
1012,1159453.1196143178
1013,1223922.4723042382
1014,1392882.88296647
1015,1453410.6423038591
1016,1313940.930154989
1017,1162030.7702229484
1018,1038453.0434241524
1019,944872.8375135922
1020,886432.1841676581
1021,821546.170978657
1022,803267.3759988667
1023,899827.8876163232
1024,1112241.3065686447
1025,1361762.5604140223
1026,1568022.6271238734
1027,1581354.0061720798
1028,1617802.5714568165
1029,1593698.8164649562
1030,1391294.57231679
1031,1223678.782108196
1032,1142428.9489927434
1033,1085480.1483312726
1034,1056356.8954242265
1035,1063523.1971913725
1036,1037049.453468517
1037,993349.2937331247
1038,1034323.6369462726
1039,1010805.2388996799
1040,887775.9791530089
1041,814599.9140476874
1042,774388.5761841332
1043,721688.7507062715
1044,628440.7871000537
1045,636462.7341691349
1046,679043.48401872
1047,787903.2592867864
1048,1027143.795626755
1049,1313650.8680704911
1050,1530441.5256049193
1051,1567920.715982378
1052,1600649.2700313043
1053,1592350.1246487137
1054,1367571.9514922537
1055,1184813.7011167272
1056,1070743.9996099332
1057,1033873.8605655356
1058,1043682.2011340926
1059,1114993.1251521278
1060,1248782.7100980282
1061,1635974.952729044
1062,1837196.8215388774
1063,1853794.5895201687
1064,1612096.6579648992
1065,1439279.5587670668
1066,1208545.468057511
1067,1038205.7265418842
1068,888673.9629352592
1069,799184.6136327839
1070,808904.5248885378
1071,855339.362007657
1072,1030968.6975379451
1073,1355861.181445572
1074,1713273.8077409863
1075,1831805.6474945133
1076,1871141.607633396
1077,1705109.986221726
1078,1456213.9899900162
1079,1345780.536161997
1080,1300620.197182188
1081,1283776.074633947
1082,1302705.149846637
1083,1310716.569762819
1084,1417354.0046023896
1085,1771150.715479481
1086,1994588.835146137
1087,1988564.1235684333
1088,1807548.720898926
1089,1707742.527544345
1090,1668676.3846136637
1091,1582022.8051460811
1092,1531134.0645000318
1093,1450101.9249423414
1094,1484584.2562345741
1095,1480046.8629519339
1096,1506710.8949828562
1097,1618554.2848631025
1098,1766011.4685520728
1099,1764361.291146301
1100,1744288.8902843618
1101,1565081.343198744
1102,1335011.4620436868
1103,1169999.2613475784
1104,1112713.9467685018
1105,1078181.096671924
1106,1097813.8810796796
1107,1165103.1171305138
1108,1311535.8891532384
1109,1649232.0204269968
1110,1859298.1842773063
1111,1752270.1070766367
1112,1521309.2976436324
1113,1242722.029598534
1114,1124440.093888736
1115,958637.6803308863
1116,841615.7970470886
1117,793511.0321512725
1118,799198.1412137661
1119,834427.8208526749
1120,1038585.1927888539
1121,1344758.4813999832
1122,1625394.0130958408
1123,1731194.7903259378
1124,1808298.5246985694
1125,1833537.782235572
1126,1638674.647264799
1127,1561311.0707693696
1128,1493543.9728145057
1129,1448086.6290847887
1130,1447578.3556298763
1131,1423391.6954712844
1132,1311835.353041023
1133,1241023.5734065152
1134,1227766.0652118735
1135,1175862.8724294652
1136,1055037.2363490732
1137,878517.0857346717
1138,820392.1378965606
1139,723092.7776749105
1140,606819.9467094636
1141,548757.0688592829
1142,552142.9467916165
1143,644131.568448486
1144,858687.1459927249
1145,1103166.7628619391
1146,1268298.7124911523
1147,1303439.4278006563
1148,1308541.6900945955
1149,1250538.0122126797
1150,1125801.4952581665
1151,971957.1148517763
1152,885721.6465705666
1153,888542.9856163574
1154,887298.6922045194
1155,914098.2962019471
1156,1033369.4298222954
1157,1259135.1267595564
1158,1436370.8257742696
1159,1435289.692745014
1160,1212160.540328733
1161,981783.6444080877
1162,887769.9149650051
1163,879444.0566061131
1164,853040.682906429
1165,878367.2964612488
1166,1016912.8476518317
1167,1224683.1218509711
1168,1409830.1353853785
1169,1615631.9506512834
1170,1827706.7856620334
1171,1844663.499881405
1172,1807914.3162069367
1173,1674248.7329066256
1174,1493755.9355256273
1175,1357677.3262742688
1176,1253497.2983755867
1177,1202642.2899400736
1178,1153500.7784264993
1179,1194235.3129309234
1180,1215175.420750593
1181,1297342.9433976333
1182,1448265.420882337
1183,1481540.1147746802
1184,1404973.776653058
1185,1245657.5196297066
1186,1137813.3490522387
1187,1115185.381932581
1188,1026681.0803025118
1189,963044.3888354354
1190,964373.6093661091
1191,1014406.3673635038
1192,1198934.3541197602
1193,1402699.735362855
1194,1613470.0791049895
1195,1622905.1389601622
1196,1656848.3632966543
1197,1587210.1468818798
1198,1397739.0095804678
1199,1213785.2364125396
1200,1107702.8845603415
1201,1030144.7441839771
1202,1032167.2204652919
1203,1054084.401971202
1204,1068481.1605392995
1205,1074900.1976312115
1206,1131589.666329083
1207,1142942.5638107704
1208,1074208.258752169
1209,972612.848648763
1210,963434.2449552709
1211,924454.0850006884
1212,773063.5498792884
1213,683244.5277981763
1214,692769.4686265395
1215,758558.3257007082
1216,974125.0608777802
1217,1283893.8966197474
1218,1598362.016218453
1219,1673836.2904603996
1220,1657194.8826516108
1221,1622725.8272092224
1222,1442783.1819844323
1223,1292230.051260606
1224,1193623.350756477
1225,1152543.8418416395
1226,1149926.2603022566
1227,1181946.7613497726
1228,1343522.8158159947
1229,1766182.00645748
1230,2010534.6904233336
1231,2039389.8934503626
1232,1948600.0602150657
1233,1799657.4403314658
1234,1640796.5264608269
1235,1495716.7225779442
1236,1440809.3618360406
1237,1458676.505075594
1238,1487483.063995167
1239,1523213.628729975
1240,1660837.7413279472
1241,1843379.578424667
1242,2039007.4101190446
1243,2063463.707842324
1244,2007493.0030950946
1245,1830643.3947621447
1246,1604773.323581253
1247,1525333.4326007282
1248,1435492.7355962372
1249,1392672.0686240972
1250,1410049.6793748003
1251,1464915.6674520567
1252,1582949.4544475516
1253,1920280.604804247
1254,2122794.6141707706
1255,2105277.5638244986
1256,1940999.194425809
1257,1842959.1449828534
1258,1727897.4319885732
1259,1608698.7894493206
1260,1564031.4788511624
1261,1607584.058498904
1262,1665244.8862702977
1263,1733717.834001897
1264,1823844.3954976595
1265,2000961.8319122784
1266,2138889.869933647
1267,2161241.2342324094
1268,2146658.722989276
1269,1988794.4419590773
1270,1749749.5802127214
1271,1619061.2024809772
1272,1539742.3283792187
1273,1502919.2000468322
1274,1499396.5039124358
1275,1584194.4132242932
1276,1710746.600845492
1277,2117339.6436209735
1278,2338673.649807177
1279,2245217.1998683168
1280,2022963.9245382152
1281,1815747.7198705273
1282,1751428.9721393741
1283,1687645.8531465796
1284,1656291.134450091
1285,1646736.3848411385
1286,1713513.1642445913
1287,1810527.5158574646
1288,1930541.9466362381
1289,2135862.1948255626
1290,2289652.2086449116
1291,2293442.0523747443
1292,2256215.9062175835
1293,2099406.3138762815
1294,1876187.71407542
1295,1700929.4359024502
1296,1578368.3590569387
1297,1504268.0241322052
1298,1508679.3673930839
1299,1543785.9800203631
1300,1656650.2078170408
1301,2028795.0650090203
1302,2291052.889719877
1303,2259550.8996835393
1304,2042929.2328492852
1305,1869889.869899197
1306,1789835.8677461126
1307,1718830.9002679696
1308,1689336.7696368867
1309,1681385.3231375553
1310,1721433.7064236398
1311,1710004.0697854422
1312,1739673.7842000688
1313,1847642.8957264468
1314,1994118.5551250693
1315,2034409.1245932712
1316,1935603.890762423
1317,1751325.5237664543
1318,1552946.1987857528
1319,1425503.1565850407
1320,1332680.0232176338
1321,1264195.9254821448
1322,1270478.312574064
1323,1331828.7100375898
1324,1476985.5451306808
1325,1861602.2127139294
1326,2077914.6755159488
1327,1999972.1606046748
1328,1759402.8284363395
1329,1578897.7209957447
1330,1381782.4906978067
1331,1306353.9443539383
1332,1281528.6143284512
1333,1202940.8356313787
1334,1183431.8156092744
1335,1194073.5244136653
1336,1278712.3855406228
1337,1441813.0364737432
1338,1661908.4548686047
1339,1761074.0199463265
1340,1720238.5233977728
1341,1667733.2307533917
1342,1493279.419908516
1343,1396158.0122090965
1344,1279960.9994879654
1345,1179861.740656437
1346,1160526.532136873
1347,1154605.1684550804
1348,1136202.0777965283
1349,1246070.4432578154
1350,1401441.6433350479
1351,1409145.7109936564
1352,1228635.0523086174
1353,1018710.0282120816
1354,871907.6738753231
1355,756130.2715501416
1356,673958.7447003796
1357,592654.5056380512
1358,603427.683631389
1359,684176.987637837
1360,877826.7931858698
1361,1166072.9161423056
1362,1411508.5614808481
1363,1498074.8639817908
1364,1450314.9975214798
1365,1380565.147223684
1366,1185923.9866053197
1367,1013044.6932539592
1368,870289.4768020229
1369,772714.0048845939
1370,728987.5357088584
1371,716370.1930847401
1372,691062.425788801
1373,709559.8157551029
1374,749286.5392088784
1375,715555.5248671429
1376,657006.7663136169
1377,547742.4789115726
1378,498920.04566975636
1379,453238.947084896
1380,355467.82625449833
1381,303292.8385547004
1382,272483.1550509625
1383,296568.96213765285
1384,452879.55163159367
1385,757165.9460088594
1386,1073740.1208294763
1387,1229897.5576211403
1388,1266067.9101486518
1389,1304771.7744697265
1390,1199539.089730959
1391,1074600.6130673971
1392,965450.5150352136
1393,922521.794801751
1394,915076.9673429759
1395,906763.0788600498
1396,906993.27907887
1397,929657.7165417406
1398,968752.0619814241
1399,949439.0932628312
1400,843815.4251976861
1401,714452.4693824988
1402,656635.1934512912
1403,607150.0155299725
1404,513233.47602642886
1405,444892.67265935475
1406,464062.420055393
1407,548831.5616319933
1408,750561.4322424144
1409,975655.6405014617
1410,1153705.3219643102
1411,1221357.163861352
1412,1229989.0396015474
1413,1205972.559135059
1414,1048903.3726641422
1415,917269.9714754908
1416,862887.477581089
1417,836624.6957614097
1418,846465.2313384005
1419,897236.5671863335
1420,1083820.3515218254
1421,1506127.9767835424
1422,1734524.399772067
1423,1719618.4656172523
1424,1499354.2087005156
1425,1312843.283052327
1426,1242559.9326288295
1427,1127634.0797466638
1428,1119934.1917873053
1429,1103272.6435140807
1430,1131334.5820258697
1431,1213419.3984826002
1432,1374685.0223640176
1433,1612713.7987312225
1434,1848436.2079540007
1435,1924835.6905539907
1436,1899998.6890186206
1437,1802528.5692598992
1438,1599644.8180166811
1439,1495136.5759077098
1440,1406096.0410002968
1441,1334366.2662289361
1442,1313697.052854388
1443,1357362.0041421636
1444,1461661.3482678817
1445,1800668.2449579241
1446,1987131.3710599295
1447,1942795.1318436756
1448,1730136.1081638953
1449,1487461.505991309
1450,1344907.975965597
1451,1239182.2361166049
1452,1201890.0706693653
1453,1213385.8193002103
1454,1222121.5970720726
1455,1277882.8282448228
1456,1395656.2697851728
1457,1555270.7191538273
1458,1677375.5629802102
1459,1685559.6659193735
1460,1642581.5432182327
1461,1569499.336859174
1462,1338230.2064651328
1463,1255151.6483451708
1464,1218292.3100323703
1465,1172347.282682109
1466,1179341.4036434186
1467,1236116.0502146462
1468,1400058.5937288199
1469,1821093.5124706756
1470,2032432.448347887
1471,2011482.770375168
1472,1877512.9271763864
1473,1820667.9796391837
1474,1750676.6270486023
1475,1669022.1792571908
1476,1582334.7362332963
1477,1551917.1342584663
1478,1578641.687577219
1479,1573615.154790293
1480,1595080.485778935
1481,1722848.8175123418
1482,1823068.0975735607
1483,1807143.7449071337
1484,1762517.7693330885
1485,1582977.612119649
1486,1331671.274016545
1487,1157772.3021968429
1488,1052045.2709294087
1489,1002868.9421205736
1490,1005126.5279576742
1491,1024889.5939234769
1492,1092025.9519990315
1493,1396240.2000706308
1494,1540583.9650730982
1495,1513494.4764316215
1496,1373405.495050749
1497,1302450.4996840614
1498,1286501.537890447
1499,1221861.4841202295
1500,1160700.081334419
1501,1128400.2201854342
1502,1162267.016936452
1503,1176918.8140712052
1504,1257817.2875864531
1505,1332323.3492285202
1506,1396589.8537226182
1507,1360502.164440462
1508,1309372.9104864316
1509,1329443.2693286785
1510,1187251.9497578386
1511,1113560.728775356
1512,1019898.2220298734
1513,981825.5260456247
1514,984612.3816081121
1515,1013294.639187556
1516,1013983.1128046293
1517,1103324.0828369968
1518,1247889.022355473
1519,1222276.9442780318
1520,1097332.523403301
1521,989615.4298222503
1522,878146.6976293239
1523,796510.2788978607
1524,714363.6898927791
1525,653059.4084242041
1526,676695.3962141621
1527,754520.9409187713
1528,961586.4804893006
1529,1211208.0978996432
1530,1486868.0953778983
1531,1550172.7335043459
1532,1535575.1782625685
1533,1567731.4354345372
1534,1454895.3772668447
1535,1343832.3533434013
1536,1242968.7989255735
1537,1176289.4986746497
1538,1137116.174407247
1539,1133110.8390997716
1540,1119104.7627074895
1541,1091382.0393538168
1542,1133976.807226451
1543,1143830.9828339901
1544,1136964.1616203168
1545,1122317.3599036066
1546,1097787.9356982748
1547,1038813.9200138062
1548,942057.6210086328
1549,855741.6709236222
1550,867979.9277836427
1551,910965.3784739531
1552,1117102.6636184705
1553,1378965.6559683478
1554,1557939.684572263
1555,1569491.448276996
1556,1521618.651463359
1557,1491284.8732035789
1558,1351255.8476285555
1559,1275053.993541118
1560,1171690.999140435
1561,1110056.3243532362
1562,1104916.013684688
1563,1183061.827176449
1564,1328403.9001231838
1565,1747706.473561015
1566,2037119.827478243
1567,2055542.6742998308
1568,1835436.6897939718
1569,1663788.5873121128
1570,1591050.599675307
1571,1455646.473664895
1572,1380233.787567464
1573,1337930.0372507256
1574,1351875.4058401813
1575,1391809.4350608597
1576,1600958.405615309
1577,1787218.7739691376
1578,1882678.6013770406
1579,1831342.772039549
1580,1699672.2742380227
1581,1546441.4586841094
1582,1383170.392268747
1583,1253336.4971525904
1584,1222682.7758310342
1585,1210877.8929892934
1586,1229333.0846361856
1587,1303543.7759835806
1588,1446517.3321011683
1589,1803375.7503371942
1590,1946114.1140315477
1591,1885173.730035614
1592,1669719.0897664654
1593,1516463.036284927
1594,1408114.6383787352
1595,1252302.1839974597
1596,1174327.4433498504
1597,1126495.1164952295
1598,1146628.543971131
1599,1194371.9464095894
1600,1355663.0969892687
1601,1576657.4034178958
1602,1843694.4854351063
1603,1953620.3240343763
1604,1899087.205514453
1605,1775595.8128567664
1606,1535473.791619076
1607,1391108.808275452
1608,1287594.0877936978
1609,1269942.109486974
1610,1282777.2838421266
1611,1368426.906634734
1612,1512693.1946295972
1613,1851299.1212268677
1614,2032662.6656027327
1615,2014830.181811028
1616,1836858.4358799243
1617,1783018.2646870324
1618,1747745.6738840532
1619,1646493.3915102552
1620,1528024.457172804
1621,1443794.2507587685
1622,1432271.8226802468
1623,1397101.8382269007
1624,1473730.4897060336
1625,1646619.9275274624
1626,1851929.3368081474
1627,1893530.8748050733
1628,1801893.8451958466
1629,1748327.8063326846
1630,1554132.6528667852
1631,1397761.8371985217
1632,1275728.6524486816
1633,1218178.8891117754
1634,1218319.5469820274
1635,1226732.4161661444
1636,1170701.581595142
1637,1109510.7600150954
1638,1119347.557633992
1639,1076833.0775357592
1640,1019037.683051557
1641,916469.8555623721
1642,832112.7612356546
1643,783950.8625289918
1644,701907.3636446594
1645,680379.1028609258
1646,713415.4592049521
1647,795734.3187987247
1648,926385.5040719764
1649,1057004.2629269906
1650,1159732.8692656816
1651,1192568.7328445031
1652,1160422.0153914846
1653,1194479.7428137737
1654,1104558.7505754859
1655,1022351.1698140054
1656,969383.6069968555
1657,983547.1375258479
1658,989156.2162221434
1659,1033445.3217532967
1660,1134771.2221971736
1661,1365013.1960186793
1662,1477321.6792321636
1663,1366439.4108829673
1664,1170943.611792
1665,1058868.2206298509
1666,1049814.6287286635
1667,1004972.7866934744
1668,984338.3922157616
1669,943919.3358481167
1670,937557.0327760107
1671,997135.0949828658
1672,1111674.1282708936
1673,1270210.7992713982
1674,1439443.6524243904
1675,1531520.1465008184
1676,1484650.6670081248
1677,1454111.916191626
1678,1316314.2421566122
1679,1247269.5159905818
1680,1154382.9230113276
1681,1099960.984650581
1682,1076754.9453804304
1683,1087939.6810857807
1684,1070393.39559738
1685,1146522.7264683982
1686,1194218.0026063044
1687,1179384.9843333457
1688,1047024.9413247929
1689,904159.639859271
1690,838161.2124892465
1691,772740.1502370955
1692,721576.4566516663
1693,689566.5859803262
1694,730819.0925836401
1695,829286.3945104086
1696,1004678.7552629516
1697,1226803.7698561752
1698,1398160.5650192236
1699,1442700.2120202598
1700,1390904.9016043027
1701,1381039.3555056443
1702,1318907.0054580132
1703,1204537.8962042269
1704,1118727.2517742338
1705,1078344.9102462905
1706,1073369.167181197
1707,1082049.4053125668
1708,1074444.7338981822
1709,1082478.9552310156
1710,1089175.2813733222
1711,1043744.531851901
1712,926065.3651997338
1713,842561.8553959352
1714,847638.5905878473
1715,851254.3948314848
1716,777882.8782268562
1717,705233.8461571108
1718,716563.2408704937
1719,819662.6011188305
1720,1040396.5052083882
1721,1341846.8155929397
1722,1581852.0729378797
1723,1698825.5315397673
1724,1689314.8653141733
1725,1654744.3945682168
1726,1478316.5696592655
1727,1311756.1028616903
1728,1223475.7239201292
1729,1175389.86720507
1730,1169112.1283809931
1731,1206197.9983034397
1732,1414469.5728258889
1733,1892833.778710713
1734,2150890.4918202995
1735,2139733.449435108
1736,1950168.925250424
1737,1823884.8157276358
1738,1741503.5986575668
1739,1659964.0194008648
1740,1635129.4966604186
1741,1564180.045858883
1742,1655312.9363578556
1743,1784192.1571065173
1744,1921301.5336970366
1745,2064502.3768979358
1746,2159347.284982741
1747,2168451.531599588
1748,2045881.4997750802
1749,1927464.0464562136
1750,1682287.5634045277
1751,1525885.1984438598
1752,1436966.0967457886
1753,1419768.425999453
1754,1428980.501107408
1755,1505248.041421606
1756,1650217.6696458673
1757,1958593.9117481417
1758,2164998.4203717257
1759,2170119.3764006463
1760,1966487.838781826
1761,1780412.0152918154
1762,1639957.4230886484
1763,1443479.07437395
1764,1294809.061773159
1765,1202495.1730703688
1766,1220053.729115574
1767,1267363.0107915427
1768,1392874.9243219423
1769,1574388.210712067
1770,1771709.527047684
1771,1850054.0050561929
1772,1766738.5456811143
1773,1627098.7932937567
1774,1399504.9551867244
1775,1300656.176732081
1776,1236041.8956191817
1777,1226215.7811695193
1778,1270053.769851119
1779,1356670.6984163849
1780,1505558.6543909176
1781,1869866.659388328
1782,2061042.1222043908
1783,2011156.006059822
1784,1865011.330850361
1785,1728071.710050061
1786,1628519.3069213566
1787,1490375.6142888719
1788,1413634.1356773637
1789,1361808.5024537595
1790,1443063.1074192014
1791,1494114.9313870745
1792,1622701.2370674475
1793,1807614.7528408759
1794,1923910.2082166744
1795,1887895.28725077
1796,1769639.291960582
1797,1702304.5724507598
1798,1563589.6865445413
1799,1427042.387388604
1800,1345952.4139519543
1801,1331290.828862868
1802,1332806.2149572123
1803,1386422.2064719207
1804,1505213.302036515
1805,1847153.2265483458
1806,2049516.7920877622
1807,2104498.735833151
1808,2006420.0754651094
1809,1947086.654708865
1810,1829758.3027625033
1811,1670079.098465185
1812,1539091.0925511776
1813,1412745.0504736602
1814,1369415.3896453609
1815,1327526.3599317255
1816,1405665.3553220392
1817,1596826.8582292553
1818,1783384.4792954312
1819,1858741.846902927
1820,1776127.4739402712
1821,1686868.4320352334
1822,1442547.4163068805
1823,1350375.0552048509
1824,1307734.1757805755
1825,1275336.384279203
1826,1288553.3531515193
1827,1329474.4311093045
1828,1446548.47103692
1829,1764580.8062495769
1830,1986937.9865081026
1831,1972709.7528323245
1832,1853278.7129191863
1833,1821380.073394178
1834,1812528.7030210984
1835,1797750.1556837214
1836,1705226.8418868207
1837,1468881.6297882174
1838,1292834.2692250053
1839,1246208.6839843104
1840,1339446.4336056444
1841,1530891.166725506
1842,1754549.81230544
1843,1919845.1783402492
1844,1901078.8110229545
1845,1758749.5706132434
1846,1612255.9359840702
1847,1455897.2605263528
1848,1372532.2963904242
1849,1328012.706095148
1850,1299272.7704950601
1851,1261158.0433467766
1852,1244301.077616375
1853,1302619.359415549
1854,1426990.0139979408
1855,1480942.2681146525
1856,1383944.6606861348
1857,1294927.928896745
1858,1192773.5801202713
1859,1054009.0559055295
1860,917139.8010372763
1861,791766.4145212711
1862,754497.2116795668
1863,825171.2798263759
1864,971887.0254735606
1865,1138384.3602649574
1866,1273090.590560655
1867,1285564.8721433103
1868,1259230.7331259956
1869,1207160.8822197637
1870,1079022.080655309
1871,912215.1113237414
1872,803727.7530398277
1873,745700.4916958822
1874,684187.5470497635
1875,653826.2759152224
1876,609743.9026316658
1877,629436.3409913206
1878,639681.1335349148
1879,604620.6886964485
1880,561874.1163616006
1881,527170.9244827321
1882,508145.56486695504
1883,484094.7356169031
1884,392211.8793890115
1885,303195.8827645362
1886,293342.6268044093
1887,323993.15948060656
1888,444099.9112457033
1889,732844.7409671744
1890,1020598.2478823668
1891,1231557.6674696493
1892,1231093.9616988844
1893,1307808.6025717054
1894,1212885.1489376856
1895,1018412.4766823539
1896,948223.3012590951
1897,936553.2490812558
1898,935550.6748436654
1899,957283.4580502571
1900,1075467.2442142095
1901,1460832.2327842019
1902,1696811.2089115293
1903,1705121.8815964465
1904,1639589.773863731
1905,1493919.4795679378
1906,1375705.9384896103
1907,1238601.3528734597
1908,1136101.876822123
1909,1183397.9303096281
1910,1271307.5728418576
1911,1343895.5718861925
1912,1471372.7257152416
1913,1613561.3233829767
1914,1806978.4640493237
1915,1904890.7202499362
1916,1875030.377545368
1917,1762732.1583469745
1918,1527705.5503016915
1919,1376664.6083259077
1920,1342434.4566990733
1921,1300014.133498192
1922,1322150.8623684351
1923,1397059.2351195076
1924,1486022.2420212687
1925,1844406.004061248
1926,2064408.8540960778
1927,1993286.3300966483
1928,1810564.6976371566
1929,1681801.7574956263
1930,1723016.9492261326
1931,1777211.3444308084
1932,1755473.991529612
1933,1687154.3160371997
1934,1695656.5049943854
1935,1705019.9780365068
1936,1806950.330768113
1937,1977645.4065025677
1938,2086696.3762930292
1939,2107117.7432616064
1940,2016196.5105186386
1941,1902616.5461364782
1942,1682872.5617766087
1943,1516923.2734403564
1944,1412754.170125764
1945,1364130.188795205
1946,1370458.5746320353
1947,1389210.6936024816
1948,1497213.138704313
1949,1829670.6831640643
1950,2088701.0265367038
1951,2152365.6851555915
1952,2048390.4184406097
1953,1966162.3842256577
1954,1947031.9420240761
1955,1769237.1400198818
1956,1617684.1353464474
1957,1476346.982623234
1958,1467988.5814391482
1959,1541934.6836337703
1960,1676843.2561303186
1961,1787235.5594890916
1962,1915176.6388955698
1963,1975086.2809378323
1964,1909924.3197243821
1965,1831312.6192881083
1966,1621432.894114863
1967,1447471.8283174033
1968,1384100.0614757529
1969,1341595.7254988912
1970,1372463.3817709554
1971,1424036.5232908756
1972,1533762.972925801
1973,1895818.3177249043
1974,2119512.032385664
1975,2118892.383807354
1976,1990141.5147828348
1977,1905058.3590868535
1978,1860843.2519361214
1979,1735045.398505896
1980,1664480.8966833365
1981,1619991.9323126744
1982,1616477.9684046532
1983,1618428.769901543
1984,1716280.9987094514
1985,1905431.6917141825
1986,2040206.1263041142
1987,1973088.1943179532
1988,1933148.024162824
1989,1774834.29778764
1990,1528160.9188497798
1991,1347194.085104656
1992,1243589.1754098565
1993,1182611.2863065538
1994,1199613.0449944104
1995,1255574.0299566244
1996,1355008.2454479793
1997,1672997.760071923
1998,1770448.0420472266
1999,1651646.1308487349
2000,1441508.5910122355
2001,1318258.7819763594
2002,1231081.5710575327
2003,1246637.1823705693
2004,1161671.925600556
2005,1122403.198391328
2006,1083343.4477393806
2007,1116647.7625707088
2008,1234096.898080486
2009,1348059.8079107946
2010,1492431.2480637047
2011,1461962.2876696642
2012,1391929.068182308
2013,1401479.3272571417
2014,1366476.2868618413
2015,1280150.8648805644
2016,1207680.0467418039
2017,1154723.7486826268
2018,1129295.6265991072
2019,1118598.710263178
2020,1113175.6835383351
2021,1197603.280431459
2022,1321621.5564441301
2023,1353956.7083015635
2024,1296343.935978766
2025,1161808.186631061
2026,1066394.7693688201
2027,926929.2017306244
2028,837978.0389895524
2029,738388.1910566775
2030,744818.4847393021
2031,790744.2143865721
2032,951222.9462029022
2033,1177246.4159370412
2034,1438163.4552041297
2035,1565354.7040864353
2036,1545950.8702818858
2037,1534403.2568923584
2038,1375167.55932607
2039,1202316.2428239596
2040,1098345.5827136638
2041,1017401.9918217916
2042,997674.9580297876
2043,988304.3305000997
2044,994225.4398915834
2045,1005897.9325240771
2046,1016356.2749622315
2047,1007576.8358134195
2048,919174.0955124547
2049,741251.4691677798
2050,710541.1345600842
2051,698871.3509890446
2052,654662.9919403428
2053,605742.1701706086
2054,662788.9305615703
2055,764660.386177671
2056,890497.9403116397
2057,1045113.9229320389
2058,1246194.7506163595
2059,1403098.957819559
2060,1450917.642406351
2061,1610829.8217352158
2062,1518450.6451822896
2063,1327606.2049420688
2064,1237613.2356761904
2065,1211501.1892741707
2066,1207339.1688879386
2067,1251740.1941601217
2068,1364960.145113428
2069,1748386.640554918
2070,1977742.162867427
2071,1943304.4823341493
2072,1781901.1803105243
2073,1637998.137704826
2074,1546135.982461768
2075,1429542.9094951213
2076,1385705.2238701344
2077,1358722.2575435045
2078,1352935.6597872546
2079,1323250.382577693
2080,1442382.534369346
2081,1625630.0117362817
2082,1874281.3034063412
2083,1977695.5065662381
2084,1989706.4055250473
2085,1958496.9235345433
2086,1707047.3924810996
2087,1541288.9726572395
2088,1443233.7973248418
2089,1339803.1155996935
2090,1382635.3489140908
2091,1414617.4600044715
2092,1520534.7310315727
2093,1905402.054648541
2094,2067410.2588198236
2095,1981086.533397552
2096,1797867.90381708
2097,1673565.0194131376
2098,1539028.7098961396
2099,1416707.3280669707
2100,1323820.0124296928
2101,1208078.3138415823
2102,1203440.9897540668
2103,1250559.1528164695
2104,1402467.8720502334
2105,1633539.5286115312
2106,1910401.1550021225
2107,2041148.342371874
2108,2009876.4002914566
2109,1928960.2919645607
2110,1722300.2450686516
2111,1558924.81203249
2112,1478037.166629499
2113,1465552.7767353167
2114,1431638.4866909233
2115,1448640.9814279901
2116,1553468.773955697
2117,1870184.8495268002
2118,2084845.7370090857
2119,2064248.943074492
2120,1907614.5380727595
2121,1809743.3361845403
2122,1818900.9358321775
2123,1705701.637100864
2124,1625073.6480737503
2125,1552862.5619424165
2126,1524127.7202298199
2127,1547532.4881297655
2128,1695129.4914062666
2129,1909848.1101854942
2130,2124818.8501278185
2131,2154225.0053178184
2132,2110288.5310348268
2133,1964629.4955367981
2134,1760484.8197649445
2135,1566298.700147917
2136,1436879.286314719
2137,1374633.9266894984
2138,1367100.9698067314
2139,1434708.128682765
2140,1552752.3229618678
2141,1925480.5458912193
2142,2162227.7128382316
2143,2098811.3065230367
2144,1934509.4418567054
2145,1748277.0433504637
2146,1648699.6759402936
2147,1515039.1479775906
2148,1457350.5135418673
2149,1383332.0555501413
2150,1426486.4751617524
2151,1528676.4111804583
2152,1660947.3626881535
2153,1866905.4532957238
2154,2035439.74353155
2155,1933710.1072779698
2156,1811696.819093548
2157,1791256.3716182795
2158,1763404.7766661681
2159,1636712.0584885287
2160,1513346.16951921
