Time Step,0
2161,690540.0322082364
2162,668767.435172847
2163,652806.8777280815
2164,650973.2193131052
2165,695112.5851513094
2166,810531.9279183961
2167,935192.9790756238
2168,933876.4624777577
2169,766904.9477438942
2170,696616.0150230157
2171,690396.598423516
2172,647249.7046420785
2173,626233.2460460473
2174,622033.4916699841
2175,539861.5736593362
2176,564277.8600307244
2177,812163.6057979933
2178,1028134.0900160957
2179,1111113.259447298
2180,1137153.0735067676
2181,1058999.390068211
2182,934798.2203878593
2183,795595.1721068443
2184,706117.5871636388
2185,687395.5800347746
2186,702742.0210427449
2187,763354.0739606225
2188,801725.978792124
2189,816604.5383032104
2190,852627.5089227075
2191,901475.3371339497
2192,879034.1794369115
2193,777315.2843914458
2194,718095.655333022
2195,664275.0575411847
2196,590667.5115160949
2197,730384.4757455979
2198,685784.1319428205
2199,722968.6375110366
2200,672045.16188016
2201,972982.8708220265
2202,1281896.622435178
2203,1488197.823133051
2204,1531848.4724963722
2205,1502057.1284093116
2206,1345005.4994521774
2207,1252212.288705308
2208,1191334.0987676326
2209,1179035.4372596873
2210,1211893.1484237039
2211,1313286.0733700695
2212,1531781.753771476
2213,1898536.0286733296
2214,2157231.0464601363
2215,2226780.066218371
2216,2085117.721841882
2217,1933499.2355383572
2218,1891958.169163184
2219,1851125.216879169
2220,1805947.0578058327
2221,1769475.4074487227
2222,1812460.581737921
2223,1884455.721935927
2224,1988196.2389271024
2225,2179507.077468237
2226,2283514.075121631
2227,2368607.0563919256
2228,2293320.49918894
2229,2109756.3116873
2230,1903121.2269814268
2231,1779433.790318698
2232,1707382.4064928715
2233,1698838.599664333
2234,1740764.4565975643
2235,1810927.126801209
2236,1982486.4126023203
2237,2313942.431888307
2238,2478470.0824415423
2239,2518194.6752801705
2240,2382113.5428506928
2241,2243222.8654382825
2242,2084752.4379672704
2243,1926108.4495965
2244,1810856.2344017047
2245,1728298.8139115407
2246,1701949.8048199168
2247,1656378.96943101
2248,1679036.3944593007
2249,1820636.2989615677
2250,2010610.9613879751
2251,2075376.5982816264
2252,1995809.8245055915
2253,1785509.4008914498
2254,1570486.224571723
2255,1450108.6950974735
2256,1421787.0623913005
2257,1401397.7953398854
2258,1456010.6224417845
2259,1593761.6209749056
2260,1751912.9854121837
2261,2073182.5353436486
2262,2265210.059282029
2263,2313860.7629683353
2264,2101838.4670448713
2265,1899634.8520413793
2266,1812620.8256712027
2267,1724477.1262584287
2268,1704356.9396957275
2269,1714773.9379946606
2270,1754892.7644779254
2271,1792227.7044501074
2272,1853977.5293887905
2273,2049634.3088066871
2274,2230705.111318876
2275,2285032.1043688366
2276,2139672.2873123176
2277,1968416.054500749
2278,1772077.917580347
2279,1614175.2469684274
2280,1560453.8996759467
2281,1542608.2770783547
2282,1519664.50043283
2283,1554915.05501478
2284,1640659.3636599295
2285,1913615.005389936
2286,2091162.7215213436
2287,2145056.9885074636
2288,2037072.5744688078
2289,1954575.891188618
2290,1942353.7126326603
2291,1860784.1613692015
2292,1772568.4089595042
2293,1716238.3204466107
2294,1669176.9787565095
2295,1612781.2083882184
2296,1627437.3027009144
2297,1823974.2880503915
2298,1992570.2058014898
2299,2042726.5206949702
2300,1973492.523911372
2301,1854887.4085599114
2302,1657021.9046777105
2303,1510851.7169845784
2304,1475597.9648461186
2305,1429860.894940249
2306,1411904.2853950658
2307,1380653.6716544155
2308,1269929.7989522645
2309,1128319.6049770776
2310,1154800.060753737
2311,1157842.3842878565
2312,1027078.7151897775
2313,877250.1342278046
2314,797483.0760622259
2315,706014.6305000328
2316,567439.5560572902
2317,518059.1070007904
2318,475521.1376055591
2319,508174.0287070515
2320,672190.3821251863
2321,973780.1806938805
2322,1229647.3186442964
2323,1364632.2219989311
2324,1360881.9590479147
2325,1299566.572855274
2326,1187000.6821646697
2327,1047989.1088060759
2328,1001069.3767171274
2329,987843.891225602
2330,988673.4194936133
2331,1039728.9836452114
2332,1073691.8770324541
2333,1078687.9212202686
2334,1157331.453158773
2335,1309609.9578390107
2336,1237322.68360535
2337,1098010.0959796936
2338,1025058.6911364653
2339,975886.9649642499
2340,903799.1900940477
2341,884052.9972337915
2342,887221.8735352609
2343,902934.1100830238
2344,996932.531926355
2345,1258047.1174097175
2346,1508469.2371556486
2347,1581918.9403592588
2348,1564002.5216277712
2349,1497986.331571208
2350,1352428.6214784097
2351,1195249.5232763567
2352,1130732.101766509
2353,1111838.427148337
2354,1100341.4771857923
2355,1113942.9331491082
2356,1112938.1090221482
2357,1060531.4584017128
2358,1051333.5114987171
2359,1074801.033543441
2360,917576.901957284
2361,761437.1342172888
2362,702089.381461874
2363,643509.6523660256
2364,510184.6188642589
2365,442496.5697184348
2366,412654.9265668665
2367,482837.59234091855
2368,721449.9453955328
2369,1103798.3550827093
2370,1414812.3878172077
2371,1534891.4478318172
2372,1560058.124260794
2373,1494269.5941967233
2374,1366958.606281382
2375,1183098.4392717707
2376,1089156.662633524
2377,1015676.1579369801
2378,988399.9914773273
2379,1003918.9450861162
2380,1018203.9567030943
2381,1010530.0159101168
2382,1018313.5600617587
2383,1063269.634152682
2384,1055086.3941081355
2385,1002691.5391512667
2386,1009672.0022448318
2387,957775.4301571816
2388,846819.0418918937
2389,790714.6288542802
2390,804327.4457105349
2391,864025.3546017623
2392,1039751.0925261586
2393,1324577.093505738
2394,1514058.0015065763
2395,1568759.063001321
2396,1596526.327493241
2397,1498912.8037807539
2398,1293336.5186000157
2399,1065606.8123133234
2400,963926.401426152
2401,922128.9686311088
2402,924816.2536752453
2403,946556.8137416141
2404,1057413.1613588016
2405,1406957.1425428144
2406,1649483.375194763
2407,1839503.168461448
2408,1829025.105321416
2409,1669974.0373225855
2410,1499757.0780530672
2411,1316841.327107589
2412,1286828.0017273691
2413,1276943.5131559828
2414,1314333.8973501972
2415,1334310.0514059367
2416,1424956.3149105825
2417,1607061.2240541126
2418,1784907.3911851172
2419,1876366.7706213098
2420,1825224.9055177863
2421,1670830.4762965427
2422,1488288.0764111225
2423,1375540.9487162929
2424,1302967.6432167843
2425,1280680.2242053172
2426,1264965.0344436397
2427,1346242.927799369
2428,1488510.899316707
2429,1796818.627929612
2430,1978992.655222589
2431,2004478.2980321061
2432,1802216.9835209758
2433,1580578.919812649
2434,1447640.9600889361
2435,1279777.9076873972
2436,1232230.2898906807
2437,1128752.2486276452
2438,1097482.041039956
2439,1134925.1665349675
2440,1305651.6130741625
2441,1652181.7112133713
2442,1870662.0290364854
2443,1907368.4417328911
2444,1827271.9149224008
2445,1638232.1958768724
2446,1358442.6021661707
2447,1166284.2177569075
2448,1099917.3937175036
2449,1090348.539511609
2450,1156577.5595353125
2451,1243224.9396979767
2452,1364033.102508818
2453,1688717.7346579263
2454,1949295.201824868
2455,1987502.9782698033
2456,1798158.8883233042
2457,1679668.2077046554
2458,1611575.2642496347
2459,1479266.7718028498
2460,1419354.850940533
2461,1357489.7294614995
2462,1342699.833679713
2463,1381708.118399802
2464,1538782.1698707575
2465,1788115.33459685
2466,2056829.4816478784
2467,2198792.2372659687
2468,2161071.3245629286
2469,2022037.9606417275
2470,1799474.8246340617
2471,1647252.5932750881
2472,1586068.281589155
2473,1565341.2504013623
2474,1609516.5326426346
2475,1623837.072895765
2476,1723963.2319568302
2477,1969168.3107026848
2478,2165207.576990388
2479,2164569.925369645
2480,1948097.0411630194
2481,1681424.2626401635
2482,1489496.3958064022
2483,1358136.381877852
2484,1240830.2696915518
2485,1140153.8970353028
2486,1093421.5799541685
2487,1120384.8322597137
2488,1320999.0121456976
2489,1650173.6171226548
2490,1892644.9505416895
2491,1986910.7803365958
2492,1978952.1572458644
2493,1801648.609070133
2494,1576480.702948748
2495,1435789.620063448
2496,1352448.7549979133
2497,1348102.383156546
2498,1361885.4531258526
2499,1368729.1274708004
2500,1369807.7731141124
2501,1407434.5094028956
2502,1463763.6154524912
2503,1511040.4231676834
2504,1389457.9781813629
2505,1156931.963475198
2506,998039.1107891706
2507,866710.6908835468
2508,837596.4364867462
2509,798262.0709361456
2510,784039.7807304634
2511,841674.7806937502
2512,1000135.6472383625
2513,1295679.7322735966
2514,1483093.8717564647
2515,1562627.1309613895
2516,1587025.1688456351
2517,1503239.4214720903
2518,1340025.3744372334
2519,1174386.92386414
2520,1079359.5058258506
2521,1055384.408221572
2522,1057886.2991496879
2523,1078240.4068996971
2524,1088417.5612048025
2525,1060011.9975392763
2526,1113088.0324565924
2527,1197819.3094285638
2528,1145113.6915174224
2529,1000698.4897936514
2530,950647.9841538679
2531,911657.1594068406
2532,788099.0436524755
2533,714077.7235730086
2534,779796.7940852751
2535,921339.8837916771
2536,1135029.83052865
2537,1394823.652519379
2538,1525559.9772566142
2539,1539638.1540113555
2540,1510326.2881137666
2541,1494586.0293217208
2542,1285078.6451102481
2543,1181415.149497918
2544,1123407.6932094353
2545,1109630.0644025435
2546,1129913.4601261637
2547,1182066.8169704182
2548,1407623.416099445
2549,1798936.00293734
2550,2034607.801019117
2551,2088466.175788977
2552,1998637.8331505563
2553,1858888.9687901987
2554,1736751.4794746249
2555,1608105.0887387956
2556,1535271.753250066
2557,1395721.1978320926
2558,1318907.5297364418
2559,1322050.9246867425
2560,1415446.4150258962
2561,1656407.2326915935
2562,1926703.2094459678
2563,2024473.6604783777
2564,2039932.496634699
2565,1899160.4081433935
2566,1665607.7682154027
2567,1567052.0514269003
2568,1599630.2361131692
2569,1595274.8567916846
2570,1655037.6992052812
2571,1712114.40617965
2572,1838828.983359583
2573,2197259.7852226696
2574,2321234.085312751
2575,2124965.514026682
2576,1779473.0654558325
2577,1478477.674441856
2578,1341325.300921396
2579,1240565.6968652545
2580,1141190.0033725312
2581,1051909.6291466458
2582,1077656.7983704214
2583,1153626.7726789135
2584,1359617.3721100823
2585,1656579.416847075
2586,1944416.9938841606
2587,2081090.776466116
2588,2055779.2397071866
2589,1890326.946154194
2590,1639691.5205311272
2591,1470429.3035708568
2592,1400523.559330531
2593,1367218.3386141753
2594,1414736.2056302994
2595,1486436.4775858177
2596,1654164.7969960028
2597,2075568.214392143
2598,2235949.247950716
2599,2164549.0228543747
2600,1873585.1063614092
2601,1633950.096637732
2602,1502483.7098289733
2603,1408258.7973817934
2604,1390257.723667111
2605,1321017.8863485449
2606,1354422.190891376
2607,1425717.973018373
2608,1515311.6955614996
2609,1768686.3424134392
2610,2011176.3762821888
2611,2053758.339943548
2612,1997878.684830493
2613,1796812.8587589937
2614,1548437.6104283538
2615,1410546.6613334003
2616,1335357.6260462145
2617,1284629.6480596962
2618,1361093.40697423
2619,1422411.0271696951
2620,1524799.2788218816
2621,1924242.5071665687
2622,2183376.5137879206
2623,2171339.060301475
2624,1851708.6292681159
2625,1582471.8253623163
2626,1476250.854743696
2627,1327245.2518882884
2628,1226017.668048596
2629,1129396.9938758176
2630,1139909.0293694478
2631,1189109.1027065306
2632,1380539.847961399
2633,1729999.8227398815
2634,2029606.7427079193
2635,2109771.3882713346
2636,2143452.5917646177
2637,1957342.1073291781
2638,1708421.523723451
2639,1610141.869404914
2640,1528462.8808212862
2641,1515537.0639374217
2642,1542049.4671352417
2643,1591340.8835273597
2644,1688442.1202083468
2645,1990389.6018499546
2646,2109963.6453503817
2647,2023121.3012771525
2648,1626993.870109428
2649,1329025.3615802997
2650,1207847.8050248974
2651,1078670.0167123578
2652,988266.4873794122
2653,904544.2218440053
2654,904374.7475219497
2655,975681.6700371918
2656,1149269.651665237
2657,1441004.5375674486
2658,1738290.3665128802
2659,1858479.2388462867
2660,1879421.1769515846
2661,1763528.8591145892
2662,1476522.8631962317
2663,1297331.5120038826
2664,1251098.9806180156
2665,1240043.5005497476
2666,1248995.3494373027
2667,1258273.9076147103
2668,1241395.9763480476
2669,1283735.8444411936
2670,1388262.4836659986
2671,1442829.916318894
2672,1315621.324349511
2673,1149209.4624896205
2674,1070185.1010789522
2675,1026495.2140233635
2676,939055.2630670101
2677,853577.6583964301
2678,855776.263801069
2679,920413.7562162789
2680,1135037.2436941504
2681,1454165.741012278
2682,1692409.7239764845
2683,1714392.5571954832
2684,1730141.26891363
2685,1641867.7476139145
2686,1453008.5718652303
2687,1272719.5636164544
2688,1159561.9842920261
2689,1127702.041041716
2690,1108099.3446958861
2691,1100983.2771429569
2692,1095284.2849909465
2693,1041451.1214566153
2694,1075938.1683577928
2695,1113759.8390476296
2696,1072499.0994729337
2697,966476.3015684385
2698,810836.501173503
2699,680453.0319572091
2700,595343.171600808
2701,523208.4195728273
2702,540321.0381946326
2703,632099.0182836538
2704,867811.451992208
2705,1275994.8003033507
2706,1544436.2391664342
2707,1607311.0612489858
2708,1661674.5480413358
2709,1630411.6606575765
2710,1457242.9465441108
2711,1323431.3509759505
2712,1266744.2946120044
2713,1259591.1907811502
2714,1294905.8001494012
2715,1383456.3710178095
2716,1597119.374331639
2717,2004305.3259085945
2718,2248395.743346484
2719,2191561.887507081
2720,1926652.9219562367
2721,1717806.2470488623
2722,1571441.9179267283
2723,1459281.553507065
2724,1367618.495215267
2725,1303008.2675312809
2726,1342447.4793147868
2727,1445257.0952017903
2728,1671968.4753955582
2729,1974876.3800498033
2730,2171961.2053153426
2731,2238056.9467611546
2732,2169241.2548544654
2733,1963098.3856966048
2734,1668594.559840033
2735,1462150.687686345
2736,1361576.1065187072
2737,1318792.2014344581
2738,1334583.1078766393
2739,1405216.739730369
2740,1581156.8428184877
2741,1980730.980088534
2742,2190919.0836918755
2743,2222013.993007955
2744,2039791.4244342516
2745,1962648.844294664
2746,1901881.1446509361
2747,1827971.0183876243
2748,1754552.4550628029
2749,1710724.6326338344
2750,1748178.55161816
2751,1788171.5346775532
2752,1838379.5804440181
2753,1958375.8685468219
2754,2132423.252048656
2755,2172234.276111465
2756,2184219.9711554693
2757,1944376.410538573
2758,1636147.8908421595
2759,1401871.5873604016
2760,1319010.0376175446
2761,1337893.1030697534
2762,1408680.3861284708
2763,1539280.3290975252
2764,1725521.137853633
2765,2074175.974051174
2766,2269094.988645262
2767,2143391.1487875795
2768,1933536.412891064
2769,1750123.602261802
2770,1652028.8267165448
2771,1611163.020223204
2772,1609848.406836947
2773,1628425.0020721485
2774,1706534.7578083891
2775,1741577.3066238465
2776,1817183.8127671096
2777,1945184.9581886847
2778,2021395.0346682444
2779,2023555.1872452481
2780,1967813.8015576724
2781,1787039.0173465968
2782,1537740.544908951
2783,1350946.3224630803
2784,1222565.0977770935
2785,1159872.8793042554
2786,1153470.4319084482
2787,1154128.2121911112
2788,1303948.425600336
2789,1714776.4601014135
2790,1907527.3669171943
2791,1924404.4555821335
2792,1737719.3944523619
2793,1591827.6192903803
2794,1467652.7969749777
2795,1274063.946379965
2796,1250941.399508394
2797,1243092.5230168798
2798,1277708.9012181729
2799,1295844.2798985525
2800,1319973.171847858
2801,1517352.1761255153
2802,1715316.6296728863
2803,1808346.620100811
2804,1808368.3614781527
2805,1615899.4515881704
2806,1396306.816318072
2807,1234293.9843560955
2808,1085409.6544340665
2809,1069833.3603420462
2810,1139859.7342333668
2811,1234742.1493691914
2812,1407533.6938685903
2813,1778888.9230366093
2814,1962651.8464677813
2815,1889007.6309329693
2816,1552095.6048699524
2817,1382726.420332804
2818,1264766.2052694021
2819,1240120.2343611994
2820,1172370.6371195938
2821,1134200.442512895
2822,1145692.378751907
2823,1177804.6727077747
2824,1332753.5784821976
2825,1526038.074885911
2826,1735411.2984617075
2827,1799705.2321030374
2828,1763610.7081514373
2829,1576443.9647524732
2830,1336829.6420570654
2831,1197476.2757665054
2832,1113784.8499120502
2833,1120513.6717919647
2834,1125952.233646471
2835,1151880.8806706578
2836,1167603.8048421047
2837,1164133.0405895612
2838,1241654.9058628073
2839,1276836.5413355445
2840,1189608.0746259002
2841,1037061.0867001507
2842,935419.0727550824
2843,949713.8532421993
2844,955460.8679234983
2845,898179.8311289022
2846,906917.290864641
2847,978057.587100535
2848,1159290.3752983334
2849,1404323.274737949
2850,1534213.964708049
2851,1510811.2638244687
2852,1509920.8092642596
2853,1414758.040409704
2854,1202415.7123904454
2855,987664.727808202
2856,934882.4281102985
2857,866971.6748759095
2858,846264.9859026712
2859,869307.8571416964
2860,942758.8105169211
2861,954848.8848698629
2862,1013605.8764589297
2863,1083420.330648602
2864,1100809.518628356
2865,1011429.2261150967
2866,926593.0442859285
2867,827728.3701163974
2868,623136.6893286579
2869,550218.780800042
2870,556484.9403203025
2871,658546.5094236917
2872,858754.3271963929
2873,1156099.9594828123
2874,1400199.0265883268
2875,1529017.78953462
2876,1616317.7647409209
2877,1543824.3926347352
2878,1311995.860790671
2879,1205702.940243772
2880,1107486.6605420364
2881,1088758.5283297817
2882,1077951.5410933413
2883,1146557.4298180821
2884,1261100.5788762434
2885,1517949.8710101193
2886,1743304.8619273133
2887,1849778.414130499
2888,1752362.2934126975
2889,1551628.9914049816
2890,1434921.0567111904
2891,1342543.5175802168
2892,1206670.2334109938
2893,1188432.397033022
2894,1197576.6950216389
2895,1234466.6432780598
2896,1208423.0650270756
2897,1346628.9671252826
2898,1447788.8025072194
2899,1457840.7525198504
2900,1429027.2713006253
2901,1272724.6381829556
2902,1115903.4392854653
2903,976077.1313343629
2904,900271.8670739483
2905,845299.5028109655
2906,850216.5301446803
2907,851843.2900636091
2908,864940.7079479593
2909,845713.9612909596
2910,926738.3154973931
2911,956784.937385112
2912,856575.4664462709
2913,770918.0602282761
2914,737694.8301216025
2915,698313.7176816512
2916,618715.7464544352
2917,632007.1229208722
2918,741534.0615239907
2919,865057.3682224348
2920,1097138.1497772983
2921,1375936.4649793024
2922,1479608.3551063493
2923,1607672.4250233872
2924,1740054.0502106017
2925,1468340.8649550593
2926,1267652.3190042588
2927,1214833.1434969779
2928,1124897.8869569614
2929,1093256.5223491006
2930,1111163.6207915032
2931,1121650.4844261426
2932,1224373.1446135421
2933,1646859.471894623
2934,2006677.1530963462
2935,2148025.69140777
2936,2040229.0163197892
2937,1888291.417050362
2938,1724523.7235703405
2939,1673861.486018205
2940,1630907.7411451775
2941,1532878.9103452545
2942,1468339.9239085119
2943,1489885.946426825
2944,1565601.316605871
2945,1717385.076231144
2946,1794736.1923272833
2947,1762210.9695690456
2948,1648393.3101181544
2949,1401379.45774913
2950,1146475.5777471685
2951,981106.815554311
2952,934323.0463508556
2953,911156.279803995
2954,941981.1489446925
2955,1013848.8215945894
2956,1170637.8799394716
2957,1527487.8572590533
2958,1803159.0494893822
2959,1804605.691631537
2960,1622007.2557520533
2961,1498328.9052460557
2962,1421716.8143964757
2963,1402743.1070574515
2964,1312018.061676279
2965,1322738.033009852
2966,1343702.943611872
2967,1460864.9665955107
2968,1744891.2003825952
2969,2022667.7075401968
2970,2186125.5154940183
2971,2140282.0627439073
2972,2032568.8552501488
2973,1739259.6458113473
2974,1372680.0195358142
2975,1195841.480537299
2976,1054366.40245564
2977,963705.2087420947
2978,923525.9399666736
2979,945096.0055623683
2980,1049809.508295145
2981,1331193.5126735247
2982,1543173.3514288338
2983,1538855.7376586692
2984,1301945.8380486206
2985,1071828.772780631
2986,919562.3240516902
2987,909782.0578774457
2988,806841.3749814108
2989,761705.6554483469
2990,775531.1773538601
2991,834541.4082398636
2992,970604.7611731803
2993,1176883.4552954703
2994,1489934.7112506635
2995,1616313.6236370325
2996,1504233.8012552976
2997,1333457.5383441285
2998,1199366.893003205
2999,1101211.7240729188
3000,995154.4569953772
3001,939777.2905223005
3002,943356.8958464824
3003,970086.3842938434
3004,989546.7603196024
3005,1060760.307598834
3006,1231158.7539644083
3007,1315664.0276801144
3008,1192662.7589767093
3009,1081235.637070451
3010,1016775.9760047813
3011,947088.6973065635
3012,854927.0388120161
3013,799430.2359802388
3014,791566.47252776
3015,833759.3133823349
3016,916436.8339897001
3017,1117708.2125568225
3018,1277048.1841133663
3019,1246119.0713193244
3020,1233358.419609584
3021,1149757.166684039
3022,1008981.1706831245
3023,839674.1502454943
3024,720206.6403081
3025,671986.7287162258
3026,684710.0025268024
3027,695695.899610257
3028,704961.6995063876
3029,702082.8560409815
3030,767105.5840661708
3031,812564.445949657
3032,781983.4176423239
3033,756826.0770503082
3034,800484.5517969099
3035,857618.8631597763
3036,791352.3458226093
3037,691507.9224234088
3038,717483.2561215269
3039,814163.2813953909
3040,1088327.9514892567
3041,1319751.325913797
3042,1564942.4648232728
3043,1628961.885841088
3044,1677138.579381622
3045,1618935.7662048123
3046,1409263.5084970181
3047,1295030.2678655055
3048,1221194.531094432
3049,1221765.2699408862
3050,1293331.589500323
3051,1345595.012630647
3052,1510205.281012124
3053,1968138.4804615572
3054,2251741.52873273
3055,2208499.348670397
3056,1983903.3317656957
3057,1843162.4147046637
3058,1720969.0576779032
3059,1589642.0968771034
3060,1487670.7567381696
3061,1472173.2199467088
3062,1515479.109026852
3063,1606691.2759491208
3064,1775175.1531671463
3065,1975828.9866371762
3066,2088145.534994342
3067,2073268.1930835906
3068,2017722.594445598
3069,1751749.088860756
3070,1388527.8876002743
3071,1277195.9521584017
3072,1227059.88460829
3073,1170878.8588798472
3074,1190778.1153421577
3075,1208368.201476709
3076,1298572.7900076641
3077,1562708.4658642388
3078,1713677.775596327
3079,1677905.8992301833
3080,1493919.2394585095
3081,1096618.7909925608
3082,978276.927176706
3083,889782.7358391715
3084,892869.4647802857
3085,879364.7922818281
3086,1018307.7588179655
3087,1034833.5496803755
3088,1141571.9434966045
3089,1377243.7980088997
3090,1558594.3528852628
3091,1591931.6098551368
3092,1612665.4735245141
3093,1404179.2516667054
3094,1156456.060653478
3095,1011968.5002047014
3096,942844.8934718603
3097,911261.1585440816
3098,935127.5141693021
3099,998501.8739819546
3100,1144350.2388247016
3101,1524321.1212978705
3102,1800175.830308684
3103,1739960.76414078
3104,1547856.463258053
3105,1401311.4024569204
3106,1326860.0705718666
3107,1150911.4544088182
3108,1072211.9347684938
3109,1011844.4634562493
3110,1023606.5099537292
3111,1070872.6246347404
3112,1291430.5783019417
3113,1611630.1904668356
3114,1843712.6327761342
3115,1908797.280326997
3116,1901682.3388476067
3117,1699822.922538849
3118,1390318.2995611473
3119,1245996.4265568305
3120,1111821.0468332004
3121,1059938.0284807011
3122,1092871.3635087507
3123,1123207.7980802525
3124,1262838.4503976891
3125,1561182.015420505
3126,1783097.134510412
3127,1703718.1520264852
3128,1506803.955889578
3129,1309811.1546960317
3130,1152142.043477959
3131,1008303.5416063945
3132,916451.7705151059
3133,827046.5593324807
3134,866652.7824867464
3135,938500.8949151898
3136,1161755.3722903258
3137,1489081.7447745027
3138,1761684.2851917872
3139,1811144.5380954049
3140,1769272.0002511768
3141,1497523.545466477
3142,1300717.5409345848
3143,1199107.1793319755
3144,1175418.3087987087
3145,1174598.035854592
3146,1202870.7984321218
3147,1253226.9323125554
3148,1403206.7910354652
3149,1804065.731269265
3150,2077736.5256517623
3151,2013667.2664879141
3152,1796887.1656976405
3153,1537399.499744753
3154,1381795.3633770493
3155,1290015.200105257
3156,1179840.4315149547
3157,1094187.0492606717
3158,1050701.994088796
3159,1026373.3947601034
3160,1132917.7197689104
3161,1287409.4892748913
3162,1442503.534623328
3163,1519701.1771088052
3164,1509549.201741158
3165,1403484.7282405407
3166,1269721.2253683514
3167,1223899.1506191245
3168,1162937.5332919764
3169,1123686.459326583
3170,1148559.3704504145
3171,1151092.386217317
3172,1159939.2516614608
3173,1224671.629241813
3174,1394043.9956759901
3175,1456045.6893958184
3176,1314697.6379953993
3177,1163133.8846271818
3178,1051740.4973335522
3179,941592.8007564668
3180,880318.57390385
3181,815470.7477084046
3182,834174.7661067151
3183,901563.0725031114
3184,1112543.9148460575
3185,1363682.2309044541
3186,1569662.202607275
3187,1581692.2700957025
3188,1618101.5462621115
3189,1594155.3200961172
3190,1391585.000110076
3191,1224579.6963523363
3192,1142994.008538634
3193,1085705.460548901
3194,1056556.7066484778
3195,1063706.4697433808
3196,1037247.024706861
3197,993545.0828597079
3198,1034450.4756052594
3199,1010805.2388996799
3200,884757.8426372181
3201,809926.0669332393
3202,769162.0066099314
3203,717964.7051446098
3204,628440.7871000537
3205,633308.562026117
3206,674821.2445739808
3207,787903.2592867864
3208,1027216.0504983693
3209,1313894.8882089797
3210,1530688.3746419458
3211,1568266.408895913
3212,1600868.71654431
3213,1592674.7808751978
3214,1367844.9409929607
3215,1184845.038348837
3216,1070788.3615311673
3217,1033895.4565594731
3218,1043683.0814966313
3219,1114993.125152128
3220,1248987.025612739
3221,1636074.2269553486
3222,1840821.745509694
3223,1854547.8805866446
3224,1612315.9255314758
3225,1439298.693474686
3226,1210920.5112819974
3227,1038644.4408889539
3228,885978.6203788323
3229,797968.4341516369
3230,807131.6399047936
3231,852395.596306662
3232,1029739.0638761361
3233,1356285.958077615
3234,1713970.794699312
3235,1830678.5650451286
3236,1867077.3099973944
3237,1705020.5031478747
3238,1456263.87613161
3239,1346318.0798450704
3240,1301008.5826847348
3241,1284126.1512793386
3242,1302978.2219213755
3243,1310992.252592703
3244,1417413.8496608837
3245,1771319.8943878664
3246,1999208.4016032687
3247,1989751.3723898246
3248,1808088.6121526924
3249,1708001.1497742585
3250,1669140.2114047483
3251,1582201.6717139003
3252,1531389.7492413684
3253,1450571.624839879
3254,1485219.7425417
3255,1480556.3089677435
3256,1507625.0168667815
3257,1619274.8246691013
3258,1766259.7923132095
3259,1764136.4115539948
3260,1743976.2364004871
3261,1564884.533766066
3262,1335240.3912518367
3263,1171040.0922650474
3264,1113499.6527045434
3265,1078547.1156176077
3266,1098194.9007646604
3267,1165611.8133250498
3268,1311925.0962045195
3269,1650795.1521055254
3270,1862858.4292737637
3271,1752527.1008576876
3272,1522020.9120787487
3273,1243166.377427555
3274,1122341.1126021054
3275,965007.2279679172
3276,865524.0946976426
3277,814987.5676065783
3278,820038.1403814193
3279,856149.7932371063
3280,1038658.251778729
3281,1346538.7499687928
3282,1626986.720297255
3283,1731296.4055291794
3284,1808097.3301038719
3285,1833496.3670204806
3286,1638756.5916614784
3287,1561660.481777916
3288,1494044.9108688328
3289,1448574.4854595603
3290,1447985.7337326584
3291,1423764.5521087942
3292,1312066.282569538
3293,1241023.5734065152
3294,1227800.1542097514
3295,1175995.9357162009
3296,1055037.2363490732
3297,878517.0857346716
3298,820392.1378965606
3299,723092.7776749105
3300,597121.6320133284
3301,543092.8246964623
3302,547076.8436653618
3303,644131.568448486
3304,858687.145992725
3305,1103166.7628619391
3306,1268379.2880713611
3307,1303522.2029152268
3308,1308674.9976315738
3309,1250716.1153496988
3310,1125913.7928164385
3311,971957.1148517763
3312,885721.6465705666
3313,888542.9856163574
3314,887298.6922045194
3315,914098.2962019471
3316,1033369.4298222954
3317,1259217.808842672
3318,1436427.8832107212
3319,1435429.5691482227
3320,1212160.540328733
3321,981783.6444080877
3322,887776.1838192228
3323,879465.4580366655
3324,853040.682906429
3325,878367.2964612488
3326,1016891.1198632168
3327,1224683.1218509711
3328,1409881.2337455265
3329,1616131.7784234665
3330,1828225.1442758718
3331,1845168.8045606653
3332,1808256.2473067162
3333,1674440.738620423
3334,1493857.9877128212
3335,1357882.966909072
3336,1253600.7251088938
3337,1202755.225576418
3338,1153642.8198507219
3339,1194341.7506986298
3340,1215412.7061288971
3341,1297895.16490124
3342,1448637.8930245652
3343,1482117.7661709818
3344,1406132.3980155687
3345,1245526.5313690766
3346,1135974.988129528
3347,1113943.2105089265
3348,1025803.4888466945
3349,960001.8186872414
3350,957596.6894960897
3351,1007983.6420273506
3352,1197425.5610999982
3353,1403149.071640479
3354,1614296.0040006263
3355,1623423.4776838517
3356,1657037.8337751026
3357,1587508.104957775
3358,1398294.5794652926
3359,1214510.8830298262
3360,1107900.6642971789
3361,1030282.2542242225
3362,1032240.2861253829
3363,1054156.0332072275
3364,1068584.03307339
3365,1075032.5023567963
3366,1131669.882346313
3367,1142942.5638107704
3368,1070188.443105055
3369,966038.5849259784
3370,956631.761885739
3371,918375.4971822698
3372,772981.820325924
3373,683186.2068340569
3374,692698.8226425071
3375,758502.6392924417
3376,966956.7669632003
3377,1283949.5748972138
3378,1599209.3756924476
3379,1674509.3952218094
3380,1657557.0654613248
3381,1623084.9793208267
3382,1443345.6753587308
3383,1292676.7927137455
3384,1193851.8453334346
3385,1152543.8418416395
3386,1149926.2603022566
3387,1181946.7613497726
3388,1343686.4711125507
3389,1767828.3405918158
3390,2014573.3221818584
3391,2040564.2109898208
3392,1948333.4027402862
3393,1799517.1958475902
3394,1641013.569163089
3395,1497500.2725570728
3396,1441234.3265095758
3397,1459330.037783778
3398,1491376.082056463
3399,1524820.064078716
3400,1661171.1375368203
3401,1843376.992918331
3402,2038810.2276483248
3403,2063294.73312915
3404,2004253.8044709514
3405,1830588.3777163269
3406,1604903.7533472322
3407,1525997.1074918008
3408,1436082.9461608422
3409,1393131.5348233029
3410,1410463.2926646064
3411,1465325.6059026655
3412,1583258.9330330512
3413,1924812.6575852362
3414,2124689.4297570633
3415,2100489.0684091966
3416,1940848.8157976104
3417,1842781.963591747
3418,1727904.29355064
3419,1609908.9473484645
3420,1565722.3218312827
3421,1608029.5148608936
3422,1665477.9444000612
3423,1733899.4982747424
3424,1824052.1866378216
3425,2001135.2114620614
3426,2136978.4395447243
3427,2160547.3034951026
3428,2143342.961735355
3429,1988727.0020719513
3430,1749727.660695836
3431,1619580.864396226
3432,1540312.6810430628
3433,1503427.2420363962
3434,1499887.922829373
3435,1584533.6881301173
3436,1710941.7034198614
3437,2122419.51592781
3438,2336538.4329516627
3439,2238784.4957604287
3440,2022703.213861807
3441,1815605.571778063
3442,1750968.608333348
3443,1685913.1311003692
3444,1654019.218792626
3445,1644673.8008509055
3446,1711922.613007433
3447,1810507.0594628295
3448,1930465.5811534917
3449,2135676.8544234317
3450,2287918.5553057897
3451,2292039.1849185345
3452,2253949.580869454
3453,2099385.524075375
3454,1876147.9788674295
3455,1701304.8881528177
3456,1579128.395173831
3457,1504882.2266944519
3458,1509180.3252499409
3459,1544231.4629047452
3460,1656874.7056613765
3461,2033415.5645856638
3462,2293841.2740717907
3463,2254801.3324505184
3464,2042657.6684553022
3465,1869834.2026305161
3466,1789986.1819602447
3467,1718783.7377783712
3468,1691226.9741993642
3469,1683475.7789623141
3470,1723067.202630492
3471,1711303.3541215388
3472,1740044.0733498847
3473,1848149.536766448
3474,1994871.5227531919
3475,2034469.718229661
3476,1935607.007123558
3477,1751383.6183266724
3478,1553280.2866183505
3479,1426136.4592232914
3480,1333569.5128329685
3481,1264677.6746804414
3482,1270864.6850966786
3483,1332409.9896844756
3484,1477291.168730452
3485,1866948.096146629
3486,2080577.7162331787
3487,2000306.4190969232
3488,1759285.8704456466
3489,1581126.8524588344
3490,1385810.1712330258
3491,1309991.457401412
3492,1285216.177661204
3493,1207477.4621501095
3494,1186698.304210572
3495,1196815.6068663767
3496,1281018.3804195172
3497,1443819.6193875405
3498,1663474.8381191297
3499,1761207.2580094307
3500,1720229.308455173
3501,1667840.039831961
3502,1493637.13620159
3503,1397293.15822735
3504,1281478.218788992
3505,1180867.867970833
3506,1161190.3128043367
3507,1155197.1943943137
3508,1136760.8720361134
3509,1246662.8804746415
3510,1402325.0863224515
3511,1410514.4611273152
3512,1230429.5171074108
3513,1016335.2985139753
3514,871907.6738753233
3515,756170.6066197802
3516,673991.3195527223
3517,592654.5056380512
3518,603502.0245243147
3519,684176.987637837
3520,872935.6861365208
3521,1166094.2179275062
3522,1411938.0067950243
3523,1498931.9168786171
3524,1450934.8043821428
3525,1380986.5116545835
3526,1186258.735836283
3527,1013187.6610903504
3528,870289.4768020229
3529,772714.0048845938
3530,728987.5357088584
3531,716370.1930847401
3532,691062.4257888009
3533,709559.8157551029
3534,749286.5392088785
3535,715555.5248671429
3536,657006.7663136169
3537,572621.995636835
3538,528909.8184458365
3539,495701.780233043
3540,443713.9173186586
3541,295243.26932713814
3542,286400.7774030412
3543,312050.11239534774
3544,452879.55163159367
3545,757165.9460088594
3546,1073903.7130887723
3547,1230664.232245777
3548,1266998.8773521653
3549,1305462.7860653203
3550,1200343.934127913
3551,1074723.3749756813
3552,965543.6684453556
3553,922521.794801751
3554,915076.9673429759
3555,906763.07886005
3556,906993.27907887
3557,929657.7165417406
3558,968752.0619814241
3559,949439.0932628312
3560,843212.439243294
3561,714452.4693824988
3562,656635.1934512911
3563,607150.0155299725
3564,513233.47602642886
3565,444892.67265935475
3566,464062.420055393
3567,548831.5616319933
3568,750561.4322424146
3569,973424.3046910207
3570,1153705.3219643105
3571,1221401.2577661725
3572,1230056.259042173
3573,1206049.0908548539
3574,1048903.3726641422
3575,917264.7783705943
3576,862844.7802623657
3577,836571.0112082334
3578,846415.4828658146
3579,897236.5671863336
3580,1084141.2397007332
3581,1506355.1242910966
3582,1737191.7046305102
3583,1720565.7879574308
3584,1499754.426367332
3585,1312919.782443819
3586,1241373.8170258931
3587,1127434.5455304347
3588,1119976.895937779
3589,1106207.9835822114
3590,1147557.2252744772
3591,1226277.4945173562
3592,1385756.6758443124
3593,1614698.9721491244
3594,1848843.6739989629
3595,1924933.586816845
3596,1900032.4761044786
3597,1802553.5726153897
3598,1599721.6147363808
3599,1495542.651068866
3600,1406753.3962199574
3601,1335124.9717255963
3602,1314368.1497311017
3603,1357908.861958845
3604,1461961.8374876005
3605,1800862.7728043927
3606,1987617.2920201363
3607,1943648.1921179653
3608,1730503.727364896
3609,1487571.7904966548
3610,1345053.0803947076
3611,1239182.2361166049
3612,1201890.070669365
3613,1213385.8193002099
3614,1222122.5458468862
3615,1278101.8393361988
3616,1395992.5689734498
3617,1555814.6048801087
3618,1677907.126489323
3619,1686249.4016824681
3620,1643273.897878247
3621,1570316.9121287332
3622,1338661.7789047414
3623,1255370.841995536
3624,1218446.0437108802
3625,1172533.5892325332
3626,1179778.69828009
3627,1237089.3467661685
3628,1400730.858536119
3629,1824615.6772102662
3630,2035160.3359096597
3631,2011629.0217511663
3632,1877594.4275717018
3633,1820393.1106632864
3634,1750610.7365832566
3635,1668899.620487648
3636,1582942.8963175807
3637,1552867.5494408447
3638,1579386.028905567
3639,1575216.4585451297
3640,1594260.2710842362
3641,1723283.348783256
3642,1823798.919133702
3643,1807559.2263954973
3644,1762866.2060304824
3645,1583177.4282185128
3646,1331671.274016545
3647,1157776.1285870702
3648,1052045.2709294087
3649,1002868.9421205736
3650,1005126.5279576742
3651,1024889.5939234769
3652,1092025.9519990315
3653,1396270.9394580165
3654,1540721.9743669317
3655,1513353.6367747174
3656,1377850.5872214867
3657,1318159.955008085
3658,1303903.9540013243
3659,1235013.2183360849
3660,1170499.932876134
3661,1138113.7433618144
3662,1171367.7742688302
3663,1188325.9920957952
3664,1267641.0434323826
3665,1336515.6081119475
3666,1396503.2757134647
3667,1360552.1971334938
3668,1310389.5272938763
3669,1329460.7578994655
3670,1193753.8290779383
3671,1117345.5228620968
3672,1019918.9686230024
3673,981763.226546706
3674,984549.9787887601
3675,1013294.6391875559
3676,1013983.1128046293
3677,1103324.0828369968
3678,1248092.3134451085
3679,1222502.1939208696
3680,1097410.3763988754
3681,1008277.9307351388
3682,905455.8306079672
3683,830450.4304425012
3684,774899.6388374954
3685,737089.3122166867
3686,759253.0062895132
3687,777924.6187363734
3688,961726.701351399
3689,1211848.4063454513
3690,1489353.1612377889
3691,1550923.1397905953
3692,1536357.0924489142
3693,1568257.3162535827
3694,1455639.0091583615
3695,1344599.2635392118
3696,1243710.4900528982
3697,1176556.2390546435
3698,1137250.5906125493
3699,1133213.795351343
3700,1119201.359960002
3701,1091463.5711759925
3702,1133985.1488548643
3703,1143830.9828339901
3704,1135415.8755172929
3705,1113772.1852452038
3706,1093514.2706361117
3707,1036265.84383627
3708,938752.4267784075
3709,852762.377218035
3710,864143.6853760763
3711,904473.7084631093
3712,1108882.6596489986
3713,1378974.825646915
3714,1558671.76087124
3715,1570287.8008168617
3716,1522053.6882323103
3717,1491695.350235143
3718,1351844.1249782199
3719,1275209.1985448056
3720,1171901.276799583
3721,1110256.436616812
3722,1105099.5389701892
3723,1183173.078015199
3724,1328859.582872157
3725,1747840.5036084203
3726,2041204.3710582294
3727,2057293.1556936442
3728,1835153.1771162557
3729,1664618.3480710054
3730,1594782.88753464
3731,1456851.947665666
3732,1381035.3503525613
3733,1338363.0284389767
3734,1352409.8227632153
3735,1395153.80167419
3736,1601480.155933564
3737,1788174.7653912995
3738,1883216.088278358
3739,1831458.0242707247
3740,1699865.7541579725
3741,1546622.9296653694
3742,1383629.0485989673
3743,1253875.5120301358
3744,1222770.1777522322
3745,1210956.703424544
3746,1229397.1551424726
3747,1303746.197140605
3748,1446512.8758594778
3749,1806463.435648957
3750,1950351.628144549
3751,1885583.3296285332
3752,1669553.2554524948
3753,1517988.321644158
3754,1412336.1319952237
3755,1251157.2568139117
3756,1171385.170365892
3757,1120539.7316994302
3758,1145825.5281281322
3759,1194842.4922278868
3760,1354513.6771587236
3761,1579286.3919904344
3762,1844554.8174265395
3763,1953738.3691806935
3764,1899173.2972475402
3765,1775715.4952555855
3766,1535556.0920293923
3767,1391680.5375606772
3768,1288395.6841378328
3769,1270633.985254732
3770,1283589.4322405565
3771,1369056.3625448972
3772,1513034.0321955776
3773,1856857.146348433
3774,2036010.1300403948
3775,2015712.0330232915
3776,1837044.1090169218
3777,1782933.038440359
3778,1747200.199047848
3779,1645053.4956398606
3780,1528191.0491134666
3781,1444589.9923856596
3782,1433402.9182386957
3783,1398492.672977265
3784,1475681.5621909667
3785,1649074.0452953707
3786,1852786.7035046315
3787,1894124.1756382568
3788,1802008.967677807
3789,1748456.8302834225
3790,1554132.6528667852
3791,1397985.5225344298
3792,1275845.8016885363
3793,1218303.6174485472
3794,1218433.720238082
3795,1226831.4359731916
3796,1170839.327957082
3797,1109613.2669926863
3798,1119436.731133622
3799,1076833.0775357592
3800,1014352.0819325326
3801,916469.855562372
3802,832132.7322173618
3803,783936.6119769757
3804,698360.0280211959
3805,677239.464248451
3806,714313.9216168665
3807,795734.3187987248
3808,926385.5040719764
3809,1057004.2629269906
3810,1159732.8692656816
3811,1192615.2847593215
3812,1160444.490866132
3813,1194516.7989182875
3814,1104558.750575486
3815,1022351.1698140054
3816,969383.6069968555
3817,983547.1375258479
3818,989156.2162221434
3819,1033445.3217532965
3820,1134802.2903263262
3821,1365013.1960186795
3822,1477321.6792321636
3823,1366471.836195874
3824,1170906.782185608
3825,1055619.2919201758
3826,1045378.2669455773
3827,1001391.0825290881
3828,982297.7738931264
3829,943792.2083122057
3830,937449.4598783968
3831,997022.9038825874
3832,1105977.7740765424
3833,1271083.7444897227
3834,1439443.6524243904
3835,1531520.1465008184
3836,1484650.6670081248
3837,1454111.9161916259
3838,1316314.2421566122
3839,1247272.403100447
3840,1154465.1046762513
3841,1100018.493212833
3842,1076781.5349703096
3843,1087976.7381569888
3844,1070425.7779600257
3845,1146588.5315672127
3846,1194258.154394584
3847,1179384.984333346
3848,1041017.9584763151
3849,904070.478105926
3850,838048.5006398
3851,767261.293085927
3852,711078.4660271524
3853,679321.741766555
3854,729659.7775949531
3855,829155.550111597
3856,999651.3712619042
3857,1224319.0051523815
3858,1398160.5650192236
3859,1442715.2999041122
3860,1390904.9016043027
3861,1381039.3555056443
3862,1318907.0054580132
3863,1204543.7616182698
3864,1118791.6521861977
3865,1078396.8260490722
3866,1073393.9870784413
3867,1082067.562057929
3868,1074464.8551948434
3869,1082483.8900226378
3870,1089176.373429111
3871,1043744.531851901
3872,919065.7625839671
3873,838682.3037216333
3874,844430.6167182622
3875,846898.9478646262
3876,773865.2957044819
3877,703241.1378191446
3878,716492.1711141847
3879,819028.6837840033
3880,1034693.1640921438
3881,1341846.8155929397
3882,1582406.8602041653
3883,1699474.7987752487
3884,1689808.801943505
3885,1655131.2540125607
3886,1478547.5592800921
3887,1311756.1028616903
3888,1223475.7239201292
3889,1175398.2440741006
3890,1169127.6552192953
3891,1206200.7486595274
3892,1414567.848188629
3893,1898752.8456768638
3894,2157665.129591218
3895,2137305.8517791596
3896,1949983.717203613
3897,1823645.5074676499
3898,1742786.2614331516
3899,1660900.2799573168
3900,1636028.1947085
3901,1564415.5075081498
3902,1656555.7750355573
3903,1784573.6072019574
3904,1921808.3059750493
3905,2064342.9865092512
3906,2159081.7742784307
3907,2167161.925159496
3908,2045870.5038472696
3909,1927470.8214186844
3910,1682349.4963360715
3911,1526165.3546929394
3912,1437233.9023683371
3913,1420043.294486941
3914,1429308.6694165664
3915,1505525.6730504197
3916,1650519.9979297742
3917,1961190.7965051676
3918,2164337.403710033
3919,2170663.5635109334
3920,1966539.079274489
3921,1780586.6292618003
3922,1640471.8574603684
3923,1443914.0012749643
3924,1295025.7945931063
3925,1200321.1480173874
3926,1217519.1291024834
3927,1264924.0327374528
3928,1394262.3978794478
3929,1575037.5783279154
3930,1771816.2850444086
3931,1850147.121060334
3932,1766785.6515980177
3933,1627128.3192884226
3934,1399629.591321013
3935,1301408.522975522
3936,1236888.2989248205
3937,1226879.8206089267
3938,1270682.293892611
3939,1357183.9334188742
3940,1505904.6061448718
3941,1878292.226529214
3942,2060905.5872784012
3943,2011238.6134058782
3944,1864753.0707463073
3945,1729421.7896924033
3946,1628565.6968481222
3947,1489814.907673095
3948,1414366.686722769
3949,1362390.5047241694
3950,1444688.17115744
3951,1493921.8157678642
3952,1623389.6039614512
3953,1807634.931668932
3954,1923998.1899578504
3955,1888000.025520333
3956,1769615.2453322243
3957,1702458.803366061
3958,1563809.9762178683
3959,1427292.1847836785
3960,1346496.073515154
3961,1331622.7203611953
3962,1333026.384382304
3963,1386594.9127532628
3964,1505323.2397243318
3965,1848783.2485826372
3966,2054154.2948184775
3967,2104779.537709213
3968,2006485.775902173
3969,1947189.579384755
3970,1829616.34960695
3971,1669524.8225247064
3972,1540042.8841786096
3973,1417798.5830961338
3974,1373010.9939961263
3975,1331375.8996124913
3976,1409155.280279489
3977,1598888.7267383737
3978,1784305.2667331141
3979,1859310.5754106068
3980,1776364.459062987
3981,1687215.2471458607
3982,1442571.1522380162
3983,1350649.8439450047
3984,1307985.3167128677
3985,1275613.4644374133
3986,1288888.3426084123
3987,1329855.0090463923
3988,1446837.3893940165
3989,1764862.2807999633
3990,1991202.5116140074
3991,1973726.274820582
3992,1853472.5841381077
3993,1822820.461710346
3994,1812785.5612166566
3995,1797870.4654918846
3996,1705269.474401271
3997,1471351.3255032906
3998,1292118.9948982215
3999,1245613.7369144843
4000,1341431.8141194114
4001,1532988.601707254
4002,1755312.8438968041
4003,1919963.6967980042
4004,1901071.498641818
4005,1758820.2702117378
4006,1612793.563500375
4007,1456456.2002653612
4008,1373017.589865311
4009,1328582.458760027
4010,1299938.8714764758
4011,1261919.5398372053
4012,1244890.7354449625
4013,1303285.7112432078
4014,1427675.1584893747
4015,1482094.2590034558
4016,1384169.4268742385
4017,1298599.0964858201
4018,1190463.2448876242
4019,1063239.1347007668
4020,919437.03762984
4021,791757.6016539646
4022,754496.2527358339
4023,825138.7930175952
4024,971887.0254735606
4025,1140367.3835993488
4026,1273483.3563142954
4027,1286089.3023598234
4028,1259773.0858963744
4029,1207392.1581655575
4030,1079206.7427784242
4031,912248.8498568896
4032,803727.7530398277
4033,745700.4916958823
4034,684187.5470497634
4035,653826.2759152222
4036,609743.9026316658
4037,629436.3409913206
4038,639681.1335349148
4039,604620.6886964485
4040,561874.1163616006
4041,527170.9244827321
4042,508145.56486695504
4043,484094.73561690305
4044,392211.8793890115
4045,303122.66575725086
4046,293321.6324675686
4047,323886.0784070976
4048,444099.9112457033
4049,732844.7409671744
4050,1021049.0434085209
4051,1233175.5300816
4052,1232315.6328446055
4053,1308129.5037203743
4054,1214153.6502850945
4055,1018897.8631725856
4056,948435.1684361587
4057,936697.1114281774
4058,935574.4351703799
4059,957283.4580502571
4060,1075534.5923263165
4061,1460934.3776085197
4062,1697017.2220027533
4063,1706385.6328799073
4064,1641080.2222868907
4065,1495293.4520932427
4066,1377050.246046047
4067,1240092.4011132335
4068,1168459.1177644178
4069,1191452.6841702797
4070,1282091.0319970916
4071,1351133.2293707582
4072,1472715.1756411353
4073,1614472.3485751092
4074,1807469.5791712303
4075,1905136.8153467234
4076,1875075.7911689717
4077,1762755.3039516876
4078,1527735.3670665417
4079,1377330.5151621345
4080,1343203.8891373188
4081,1300800.1042392454
4082,1322755.2038520058
4083,1397722.677686654
4084,1486356.2010636555
4085,1853208.2962795317
4086,2066456.9716980942
4087,1993549.1865231048
4088,1810661.6468019772
4089,1682104.1027100133
4090,1723309.6548288008
4091,1777228.652478972
4092,1755502.839816866
4093,1688003.8156704276
4094,1696643.8520102636
4095,1705873.2477284207
4096,1806962.8161589056
4097,1977806.0478085265
4098,2084988.9698366013
4099,2105270.038964118
4100,2016005.6545514162
4101,1902565.7883148482
4102,1683104.5247757416
4103,1517583.5309339447
4104,1413281.7010286916
4105,1364507.291561598
4106,1370738.7995486965
4107,1389491.8758421196
4108,1497393.0897976235
4109,1832451.930763762
4110,2094229.5857278851
4111,2150104.556283311
4112,2043237.7537604084
4113,1965799.0806927194
4114,1947014.8117515796
4115,1769286.3543085845
4116,1616744.4342008582
4117,1474707.1963439619
4118,1465690.4210216026
4119,1539901.5624111886
4120,1676836.7841930292
4121,1787433.173107236
4122,1915539.2645894838
4123,1975039.5938177845
4124,1909934.5165430633
4125,1831331.7069996246
4126,1621466.1695546042
4127,1447844.6564848819
4128,1384698.3882339739
4129,1342192.854887373
4130,1372992.0214654987
4131,1424453.1959624677
4132,1534116.0002373876
4133,1896389.656759396
4134,2122958.175666605
4135,2116187.142774203
4136,1990152.065475186
4137,1905262.220024332
4138,1861069.6928453457
4139,1735295.7263807647
4140,1664659.4171605126
4141,1620126.9069770102
4142,1616554.926002539
4143,1618554.80537742
4144,1716479.2246719755
4145,1905942.0987725572
4146,2040487.8393025054
4147,1972981.48554783
4148,1933161.7499896477
4149,1774937.2057982348
4150,1528401.1549310142
4151,1347614.16126371
4152,1243974.0584055597
4153,1182727.5808332765
4154,1199712.1929185032
4155,1255699.9426966333
4156,1355206.7904396157
4157,1673121.5600175003
4158,1771080.176407394
4159,1652559.7392857515
4160,1442759.243703651
4161,1319719.123299576
4162,1231957.5901103385
4163,1247980.3273193494
4164,1162383.7583789362
4165,1122852.520067808
4166,1084074.4173354297
4167,1117897.6075535137
4168,1235461.6451593451
4169,1349744.651490556
4170,1493798.259456502
4171,1462929.5543213729
4172,1392383.7981907474
4173,1402659.7174811568
4174,1367750.2156445996
4175,1281584.9180480593
4176,1208855.8920909783
4177,1155614.3300223816
4178,1129990.5163252365
4179,1119303.6570127532
4180,1113877.175294404
4181,1198539.93994214
4182,1323083.1052930562
4183,1356388.740634047
4184,1301734.9939653517
4185,1164859.1875026722
4186,1068596.8816184099
4187,937743.9600655813
4188,846614.6610854852
4189,750982.1717956053
4190,744856.9047831353
4191,790744.2143865721
4192,950240.6057018567
4193,1177355.66889803
4194,1439349.3735077374
4195,1566263.16662349
4196,1546750.8040357893
4197,1534950.4336136528
4198,1375918.0121929988
4199,1203259.3355204216
4200,1098571.164226182
4201,1017551.1138285906
4202,997737.3290611482
4203,988334.1853970877
4204,994275.4471929412
4205,1005947.9356045326
4206,1016356.2749622315
4207,1007576.8358134197
4208,914560.4173271952
4209,738066.3962502857
4210,708757.754451818
4211,698708.6495470924
4212,654342.5651653344
4213,605541.0201678465
4214,662642.5518545194
4215,761017.7572523704
4216,885033.8013610448
4217,1042327.8244874286
4218,1246194.7506163598
4219,1403836.1097392393
4220,1451579.1517079743
4221,1611118.6132134635
4222,1519250.673599584
4223,1328119.3600877875
4224,1238065.6840298392
4225,1211799.7809927866
4226,1207607.7514902137
4227,1252108.44559685
4228,1365187.6355458552
4229,1748855.3219994497
4230,1983117.137445293
4231,1949244.7348838372
4232,1782044.347176978
4233,1637870.6452950868
4234,1545463.2300202264
4235,1429146.7241779878
4236,1386670.2771303572
4237,1360213.860228573
4238,1355161.4238216483
4239,1325901.0139542024
4240,1442822.54322319
4241,1626422.96379181
4242,1875762.5176302851
4243,1974591.589889145
4244,1986590.756557872
4245,1955763.705440177
4246,1707049.884175463
4247,1541714.445226507
4248,1443700.082019279
4249,1340180.1125826382
4250,1382796.9984900863
4251,1414795.5339189041
4252,1520654.8381386325
4253,1909086.1509050764
4254,2069382.6923801186
4255,1979016.1793123144
4256,1797967.1985968505
4257,1673563.819117931
4258,1539494.3295632852
4259,1416888.9222838623
4260,1324272.8574297572
4261,1212563.0042394258
4262,1218980.0469367313
4263,1258102.102701138
4264,1417545.4227732266
4265,1634103.3043065546
4266,1910383.8585799404
4267,2041090.5086755191
4268,2009818.1362761545
4269,1928962.1908276936
4270,1722292.1229466007
4271,1559589.1431224549
4272,1478916.3080401309
4273,1466300.0603603316
4274,1432447.5500840284
4275,1449243.2630800467
4276,1553713.8363610401
4277,1874130.1880397398
4278,2087649.0207709495
4279,2066765.538778458
4280,1907272.9475324827
4281,1809798.284705522
4282,1819040.4362549
4283,1705417.5513262171
4284,1624444.3871320442
4285,1551843.1693650417
4286,1523833.8206881748
4287,1547019.6283724315
4288,1695992.005729176
4289,1909959.9820742793
4290,2123378.4098021165
4291,2153086.7712883484
4292,2106914.9762450596
4293,1964572.7958652305
4294,1760544.2305231383
4295,1566696.4317994535
4296,1437477.4425100633
4297,1375070.9699633676
4298,1367447.7541389752
4299,1435044.6103685417
4300,1553071.777541168
4301,1930908.9918929446
4302,2163968.4264484476
4303,2094590.2118213978
4304,1934194.2573268658
4305,1748487.718463095
4306,1648251.4593533264
4307,1514919.1241463497
4308,1457107.7895350645
4309,1383635.1945917264
4310,1426945.6824009407
4311,1532883.1097642668
4312,1661145.1407595852
4313,1867047.4870472588
4314,2035473.0405316025
4315,1933591.101534729
4316,1811813.8749500536
4317,1791626.7612029454
4318,1763757.3478053166
4319,1637407.7592170571
4320,1514051.1577627987
