Time Step,1,2,3
2161,0.0,0.0,0.0
2162,0.0,0.0,0.0
2163,0.0,0.0,0.0
2164,0.0,0.0,0.0
2165,0.0,0.0,0.0
2166,0.0,0.0,0.0
2167,0.0,0.0,0.0
2168,0.0,0.0,0.0
2169,0.0,0.0,0.0
2170,0.0,0.0,18.952500000028067
2171,0.0,162.01589999999442,0.0
2172,118.67221777155464,308.80008222842525,0.0
2173,82.5464821359028,410.9752178640906,0.0
2174,137.61646234422915,208.89898595237946,126.45025170339204
2175,293.9568630938511,0.7193131622270812,84.18492374393463
2176,7.392080817548958,0.0,209.04721918244104
2177,0.0,0.0,0.0
2178,0.0,0.0,0.0
2179,0.0,0.0,0.0
2180,0.0,0.0,0.0
2181,0.0,0.0,0.0
2182,0.0,0.0,0.0
2183,0.0,0.0,0.0
2184,0.0,0.0,0.0
2185,0.0,0.0,0.0
2186,0.0,0.0,0.0
2187,0.0,0.0,0.0
2188,0.0,0.0,0.0
2189,0.0,0.0,0.0
2190,0.0,0.0,0.0
2191,0.0,0.0,0.0
2192,0.0,0.0,0.0
2193,0.0,0.0,0.0
2194,0.0,0.0,0.0
2195,0.0,0.0,0.0
2196,0.0,0.0,0.0
2197,0.0,0.0,0.0
2198,0.0,0.0,0.0
2199,0.0,0.0,0.0
2200,0.0,0.0,0.0
2201,0.0,0.0,0.0
2202,0.0,0.0,0.0
2203,0.0,0.0,0.0
2204,0.0,126.27046999999357,0.0
2205,0.0,124.88062857342004,16.514011426572324
2206,0.0,0.0,75.57831999999348
2207,0.0,0.0,58.61355999999813
2208,0.0,0.0,0.0
2209,0.0,0.0,0.0
2210,0.0,0.0,0.0
2211,0.0,0.0,0.0
2212,0.0,0.0,0.0
2213,0.0,0.0,0.0
2214,0.0,132.07533999999578,0.0
2215,0.0,66.7407999999931,0.0
2216,32.263706254369936,105.98649374562137,0.0
2217,124.66669999999385,0.0,0.0
2218,156.2617999999934,0.0,0.0
2219,178.95699999999852,0.0,0.0
2220,66.81083234497328,0.0,138.66456765501857
2221,0.0,0.0,232.2445999999968
2222,0.0,0.0,210.39209999999434
2223,0.0,61.48073729804787,73.59786270194468
2224,0.0,0.0,97.86460000000511
2225,0.0,99.32499999999925,0.0
2226,0.0,91.19575999999643,0.0
2227,0.0,134.78260000000103,0.0
2228,0.0,164.18229999999414,0.0
2229,0.0,87.03728132517051,34.36071867482019
2230,0.0,0.0,103.49799999999527
2231,0.0,0.0,0.0
2232,0.0,0.0,0.0
2233,0.0,0.0,0.0
2234,0.0,0.0,0.0
2235,0.0,0.0,0.0
2236,0.0,0.0,0.0
2237,0.0,1.476800000000594,0.0
2238,0.0,104.35319999999945,0.0
2239,0.0,168.65209999999615,0.0
2240,0.0,173.17234999999368,0.0
2241,0.0,178.79559999999788,0.0
2242,0.0,47.477003518800075,133.33779648119867
2243,0.0,0.0,192.54190000000062
2244,0.0,0.0,232.23899999997536
2245,110.35142748461385,0.0,86.4233425153655
2246,184.0063330926555,0.6336119073498594,0.0
2247,29.70129977264787,0.0,95.80516022735371
2248,0.0,0.0,0.0
2249,0.0,37.77884578077419,49.95785421921346
2250,0.0,13.592226165746752,53.42227383424961
2251,0.0,91.7820999999966,0.0
2252,0.0,97.76339999999698,0.0
2253,0.0,0.0,61.99119999999766
2254,42.48165999999242,0.0,0.0
2255,0.0,0.0,0.0
2256,0.0,0.0,0.0
2257,0.0,0.0,0.0
2258,0.0,0.0,0.0
2259,0.0,0.0,0.0
2260,0.0,0.0,0.0
2261,0.0,0.0,0.0
2262,0.0,106.54293999999948,0.0
2263,0.0,125.20630000000403,0.0
2264,192.76629999999932,0.0,0.0
2265,0.0,0.0,0.0
2266,0.0,0.0,0.0
2267,0.0,0.0,0.0
2268,0.0,0.0,0.0
2269,0.0,0.0,0.0
2270,0.0,0.0,0.0
2271,0.0,29.263099999999213,0.0
2272,0.0,101.43382696940489,67.7199730305909
2273,0.0,0.0,247.21820000000514
2274,0.0,0.0,123.99819999999863
2275,0.0,183.88352999999688,0.0
2276,0.0,166.24842354281247,15.258216457184972
2277,0.0,0.0,126.5689599999962
2278,0.0,0.0,97.54649999999333
2279,0.0,0.0,26.242899999998485
2280,0.0,0.0,0.0
2281,0.0,0.0,0.0
2282,0.0,0.0,0.0
2283,0.0,0.0,0.0
2284,0.0,0.0,0.0
2285,0.0,0.0,0.0
2286,0.0,86.41842999999619,0.0
2287,0.0,48.00856000000124,0.0
2288,159.04186221240298,0.7494377875893861,0.0
2289,162.25663276639807,90.9119672335969,0.0
2290,37.31116975522218,253.47033024477264,0.0
2291,0.0,224.61227421209787,83.82262578789732
2292,0.0,179.0775375391097,151.9201624608836
2293,0.0,86.51488591188081,252.54365408811907
2294,0.0,55.36063065632334,347.0032893436773
2295,0.0,0.0,346.0595999999949
2296,0.0,0.0,275.26436400000597
2297,0.0,0.0,115.3096299999981
2298,0.0,0.0,15.897499999994352
2299,0.0,113.78069999999411,0.0
2300,0.0,120.16645999999571,0.0
2301,0.0,51.28039750149128,71.78220249850756
2302,0.0,0.0,79.87299999999539
2303,0.0,0.0,0.0
2304,0.0,0.0,0.0
2305,0.0,0.0,0.0
2306,0.0,0.0,0.0
2307,0.0,0.0,0.0
2308,0.0,0.0,0.0
2309,0.0,0.0,0.0
2310,0.0,0.0,0.0
2311,0.0,0.0,0.0
2312,0.0,0.0,0.0
2313,0.0,0.0,0.0
2314,0.0,0.0,0.0
2315,0.0,0.0,0.0
2316,0.0,0.0,0.0
2317,0.0,0.0,0.0
2318,0.0,0.0,0.0
2319,0.0,0.0,0.0
2320,0.0,0.0,0.0
2321,0.0,0.0,0.0
2322,0.0,0.0,0.0
2323,0.0,35.62192000000073,0.0
2324,0.0,9.684339999999224,0.0
2325,0.0,0.0,0.0
2326,0.0,0.0,0.0
2327,0.0,0.0,0.0
2328,0.0,0.0,0.0
2329,0.0,0.0,0.0
2330,0.0,0.0,0.0
2331,0.0,0.0,0.0
2332,0.0,0.0,0.0
2333,0.0,0.0,0.0
2334,0.0,0.0,0.0
2335,0.0,0.0,0.0
2336,0.0,0.0,0.0
2337,0.0,0.0,0.0
2338,0.0,0.0,0.0
2339,0.0,0.0,0.0
2340,0.0,0.0,0.0
2341,0.0,0.0,0.0
2342,0.0,0.0,0.0
2343,0.0,0.0,0.0
2344,0.0,0.0,0.0
2345,0.0,0.0,0.0
2346,0.0,0.0,0.0
2347,0.0,0.0,0.0
2348,0.0,0.0,0.0
2349,0.0,0.0,0.0
2350,0.0,0.0,0.0
2351,0.0,0.0,0.0
2352,0.0,0.0,0.0
2353,0.0,0.0,0.0
2354,0.0,0.0,0.0
2355,0.0,0.0,0.0
2356,0.0,0.0,0.0
2357,0.0,0.0,0.0
2358,0.0,0.0,0.0
2359,0.0,0.0,0.0
2360,0.0,0.0,0.0
2361,0.0,0.0,0.0
2362,0.0,0.0,0.0
2363,0.0,0.0,0.0
2364,0.0,0.0,0.0
2365,0.0,0.0,0.0
2366,0.0,0.0,0.0
2367,0.0,0.0,0.0
2368,0.0,0.0,0.0
2369,0.0,0.0,0.0
2370,0.0,0.0,0.0
2371,0.0,0.0,0.0
2372,0.0,0.0,0.0
2373,0.0,0.0,0.0
2374,0.0,0.0,0.0
2375,0.0,0.0,0.0
2376,0.0,0.0,0.0
2377,0.0,0.0,0.0
2378,0.0,0.0,0.0
2379,0.0,0.0,0.0
2380,0.0,0.0,0.0
2381,0.0,0.0,0.0
2382,0.0,0.0,0.0
2383,0.0,0.0,0.0
2384,0.0,0.0,0.0
2385,0.0,0.0,0.0
2386,0.0,0.0,0.0
2387,0.0,0.0,0.0
2388,0.0,61.81759499797681,0.0
2389,0.0,0.0,0.0
2390,0.0,0.0,0.0
2391,0.0,0.0,0.0
2392,0.0,0.0,0.0
2393,0.0,0.0,0.0
2394,0.0,0.0,0.0
2395,0.0,0.0,0.0
2396,0.0,0.0,0.0
2397,0.0,0.0,0.0
2398,0.0,0.0,0.0
2399,0.0,0.0,0.0
2400,0.0,0.0,0.0
2401,0.0,0.0,0.0
2402,0.0,0.0,0.0
2403,0.0,0.0,0.0
2404,0.0,0.0,0.0
2405,0.0,0.0,0.0
2406,0.0,0.0,0.0
2407,0.0,0.0,0.0
2408,0.0,0.0,0.0
2409,0.0,0.0,0.0
2410,0.0,0.0,0.0
2411,0.0,0.0,0.0
2412,0.0,0.0,0.0
2413,0.0,0.0,0.0
2414,0.0,7.465699999982917,0.0
2415,0.0,0.0,0.0
2416,0.0,0.0,0.0
2417,0.0,7.797702630488402,17.69839736950371
2418,0.0,136.49150105066929,98.403898949329
2419,0.0,237.44745999999168,0.0
2420,0.0,234.75089999999875,0.0
2421,0.0,79.360482156373,156.29221784362494
2422,0.0,37.704782322429764,169.82854767755816
2423,0.0,0.0,24.918349999993325
2424,0.0,0.0,0.0
2425,0.0,0.0,0.0
2426,0.0,0.0,0.0
2427,0.0,0.0,0.0
2428,0.0,0.0,0.0
2429,0.0,91.88307999999574,0.0
2430,0.0,95.615999999996,0.0
2431,0.0,136.79429999999775,0.0
2432,0.0,0.0,133.05992999999523
2433,0.0,0.0,0.0
2434,0.0,19.24299999998766,0.0
2435,0.0,84.58069999998679,0.0
2436,0.0,74.87709999998515,0.0
2437,0.0,75.07460000000265,0.0
2438,0.0,0.0,0.0
2439,0.0,0.0,0.0
2440,0.0,0.0,0.0
2441,0.0,0.0,0.0
2442,0.0,102.22570000000019,0.0
2443,0.0,131.05219999999645,0.0
2444,0.0,155.4751999999953,0.0
2445,0.0,123.74889999999277,0.0
2446,0.0,25.037699999983715,0.0
2447,0.0,0.0,0.0
2448,0.0,0.0,0.0
2449,0.0,0.0,0.0
2450,0.0,0.0,0.0
2451,0.0,0.0,0.0
2452,0.0,0.0,0.0
2453,0.0,0.0,0.0
2454,0.0,268.02199999999505,0.0
2455,0.0,221.90559999998868,0.0
2456,0.0,109.11169999999561,0.0
2457,0.0,65.6545999999953,0.0
2458,0.0,102.67804999999862,0.0
2459,0.0,146.3282999999874,0.0
2460,0.0,112.96872999998777,0.0
2461,0.0,111.39654999998766,0.0
2462,0.0,3.4387299999780225,0.0
2463,0.0,0.0,0.0
2464,0.0,0.0,0.0
2465,0.0,134.29890811384303,50.06059188614881
2466,11.848641072963346,88.38195892703516,0.0
2467,0.0,78.74806999999043,0.0
2468,0.0,104.87826999999288,0.0
2469,0.0,58.24507436166323,29.881825638333567
2470,0.0,0.0,108.60579999999572
2471,0.0,0.0,0.0
2472,0.0,0.0,0.0
2473,0.0,0.0,0.0
2474,0.0,0.0,0.0
2475,0.0,29.89380999999662,0.0
2476,0.0,33.10841999999866,0.0
2477,0.0,23.0841999999991,0.0
2478,0.0,27.8484999999946,0.0
2479,24.892351851932744,108.37744814805887,0.0
2480,39.519722989136426,69.61317701085682,0.0
2481,0.0,0.0,0.0
2482,0.0,40.79299999999603,0.0
2483,0.0,155.35199999998076,0.0
2484,0.0,189.17589999999655,0.0
2485,0.0,150.08149999999023,0.0
2486,0.0,0.0,0.0
2487,0.0,0.0,0.0
2488,0.0,0.0,0.0
2489,0.0,91.06009890637188,130.37632109362852
2490,0.0,53.739998850654956,117.18850114934321
2491,0.0,159.20969999999807,0.0
2492,0.0,157.96455999999307,0.0
2493,0.0,0.0,118.13589999999544
2494,0.0,0.0,71.7085999999972
2495,0.0,0.0,86.03852999999555
2496,0.0,10.969477837700197,58.992552162292725
2497,0.0,0.0,0.0
2498,0.0,0.0,0.0
2499,0.0,0.0,0.0
2500,0.0,0.0,0.0
2501,0.0,0.0,0.0
2502,0.0,0.0,0.0
2503,0.0,0.0,0.0
2504,0.0,13.22360000000026,0.0
2505,0.0,0.0,0.0
2506,0.0,0.0,0.0
2507,0.0,0.0,0.0
2508,0.0,0.0,0.0
2509,0.0,0.0,0.0
2510,0.0,0.0,0.0
2511,0.0,0.0,0.0
2512,0.0,0.0,0.0
2513,0.0,0.0,0.0
2514,0.0,4.0214073270030894,9.45929267298743
2515,0.0,89.79349999999476,0.0
2516,0.0,74.12089999999489,0.0
2517,0.0,14.360630946614492,31.813669053378135
2518,0.0,0.0,49.234199999996235
2519,0.0,0.0,0.0
2520,0.0,0.0,0.0
2521,0.0,0.0,0.0
2522,0.0,0.0,0.0
2523,0.0,0.0,0.0
2524,0.0,0.0,0.0
2525,0.0,0.0,0.0
2526,0.0,0.0,0.0
2527,0.0,0.0,0.0
2528,0.0,0.0,0.0
2529,0.0,0.0,0.0
2530,0.0,0.0,0.0
2531,0.0,0.0,0.0
2532,0.0,0.0,0.0
2533,0.0,0.0,0.0
2534,0.0,0.0,0.0
2535,0.0,0.0,0.0
2536,0.0,0.0,0.0
2537,0.0,0.0,0.0
2538,0.0,0.0,0.0
2539,0.0,0.0,0.0
2540,0.0,0.0,0.0
2541,0.0,0.0,0.0
2542,0.0,0.0,0.0
2543,0.0,0.0,0.0
2544,0.0,0.0,0.0
2545,0.0,0.0,0.0
2546,0.0,0.0,0.0
2547,0.0,0.0,0.0
2548,0.0,0.0,0.0
2549,0.0,0.0,0.0
2550,0.0,0.0,0.0
2551,0.0,1.1159705089169165,29.27202949108164
2552,0.0,0.0,117.1730000000016
2553,0.0,0.0,138.36053269996924
2554,0.0,0.0,0.0
2555,0.0,0.0,0.0
2556,0.0,0.0,0.0
2557,0.0,0.0,0.0
2558,0.0,0.0,0.0
2559,0.0,0.0,0.0
2560,0.0,0.0,0.0
2561,0.0,0.0,30.015369999994334
2562,0.0,53.02091638755974,3.3283836124328445
2563,0.0,110.88789999999312,0.0
2564,0.0,113.60259999999346,0.0
2565,0.0,0.0,107.91829999999345
2566,0.7620062624810089,0.0,44.57259373751708
2567,0.0,0.0,0.0
2568,0.0,0.0,0.0
2569,0.0,0.0,0.0
2570,0.0,0.0,0.0
2571,0.0,0.0,0.0
2572,0.0,0.0,0.0
2573,0.0,0.0,0.0
2574,0.0,21.062649999999394,0.0
2575,0.0,0.0,122.21000000000299
2576,0.0,0.0,193.0428699999947
2577,0.0,0.0,0.0
2578,0.0,49.978399999875364,0.0
2579,0.0,426.77576779963874,0.0
2580,0.0,591.3418223215258,0.0
2581,0.0,615.6252754053703,0.0
2582,0.0,416.80771523350177,0.0
2583,0.0,66.67349999999351,0.0
2584,0.0,0.0,0.0
2585,0.0,0.0,0.0
2586,0.0,0.0,0.0
2587,0.0,0.0,0.0
2588,0.0,19.917349999995963,0.0
2589,0.0,0.0,12.77759999999489
2590,0.0,0.0,0.0
2591,0.0,0.0,0.0
2592,0.0,0.0,0.0
2593,0.0,0.0,0.0
2594,0.0,0.0,0.0
2595,0.0,0.0,0.0
2596,0.0,0.0,0.0
2597,0.0,0.0,0.0
2598,0.0,79.85769999999866,0.0
2599,98.22114430938927,0.0,19.2559556906167
2600,0.0,0.0,248.66475999999665
2601,0.0,0.0,0.0
2602,0.0,0.0,0.0
2603,0.0,73.86869999999635,0.0
2604,0.0,356.38211921203674,0.0
2605,0.0,300.09089222373404,0.0
2606,0.0,58.806100000023434,0.0
2607,0.0,0.0,0.0
2608,0.0,0.0,0.0
2609,0.0,0.0,0.0
2610,0.0,89.92575999999781,0.0
2611,0.0,72.75689999999895,0.0
2612,0.0,57.066880150890256,8.515319849107073
2613,0.0,0.0,43.48776000000612
2614,0.0,0.0,0.0
2615,0.0,0.0,0.0
2616,0.0,0.0,0.0
2617,0.0,0.0,0.0
2618,0.0,0.0,0.0
2619,0.0,0.0,0.0
2620,0.0,0.0,0.0
2621,0.0,0.0,0.0
2622,0.0,0.0,0.0
2623,46.29049999999597,0.0,0.0
2624,0.0,0.0,179.08603000000534
2625,0.0,0.0,0.0
2626,0.0,29.21029999998973,0.0
2627,0.0,189.18830000001344,0.0
2628,0.0,331.8121828946796,0.0
2629,0.0,269.2728374806493,0.0
2630,0.0,88.72620000000188,0.0
2631,0.0,0.0,0.0
2632,0.0,0.0,0.0
2633,0.0,96.3389999999963,0.0
2634,0.0,84.38069999999948,0.0
2635,0.0,26.542699999996103,0.0
2636,0.0,28.26966999999786,0.0
2637,0.0,0.0,29.861639999998715
2638,5.275939999997718,0.0,0.0
2639,0.0,0.0,0.0
2640,0.0,0.0,0.0
2641,0.0,0.0,0.0
2642,0.0,0.0,0.0
2643,0.0,0.0,0.0
2644,0.0,0.0,0.0
2645,0.0,0.0,0.0
2646,0.0,88.35954999999797,0.0
2647,69.74029999999584,0.0,0.0
2648,0.0,0.0,229.15276000000665
2649,0.0,0.0,0.0
2650,0.0,74.95539999998164,0.0
2651,0.0,151.07889999999043,0.0
2652,0.0,129.83820000000287,0.0
2653,0.0,85.3662000000013,0.0
2654,0.0,53.11479999999665,0.0
2655,0.0,0.0,0.0
2656,0.0,0.0,0.0
2657,46.6843488557065,19.18465114428909,0.0
2658,0.0,98.04887330228985,19.607326697711414
2659,0.0,89.90459344691703,6.843806553072
2660,0.0,121.42559999999412,0.0
2661,0.0,0.0,130.0940299999993
2662,46.38015999999334,0.0,0.0
2663,0.0,0.0,0.0
2664,0.0,0.0,0.0
2665,0.0,0.0,0.0
2666,0.0,0.0,0.0
2667,0.0,0.0,0.0
2668,0.0,0.0,0.0
2669,0.0,0.0,0.0
2670,0.0,0.0,0.0
2671,0.0,0.0,0.0
2672,0.0,0.0,0.0
2673,0.0,0.0,0.0
2674,0.0,0.0,0.0
2675,0.0,0.0,0.0
2676,0.0,0.0,0.0
2677,0.0,0.0,0.0
2678,0.0,0.0,0.0
2679,0.0,0.0,0.0
2680,0.0,0.0,0.0
2681,0.0,0.0,0.0
2682,0.0,0.0,0.0
2683,0.0,0.0,0.0
2684,0.0,0.0,0.0
2685,0.0,0.0,0.0
2686,0.0,0.0,0.0
2687,0.0,0.0,0.0
2688,0.0,0.0,0.0
2689,0.0,0.0,0.0
2690,0.0,0.0,0.0
2691,0.0,0.0,0.0
2692,0.0,0.0,0.0
2693,0.0,0.0,0.0
2694,0.0,0.0,0.0
2695,0.0,0.0,0.0
2696,0.0,0.0,0.0
2697,0.0,0.0,0.0
2698,0.0,0.0,0.0
2699,0.0,0.0,0.0
2700,0.0,0.0,0.0
2701,0.0,0.0,0.0
2702,0.0,0.0,0.0
2703,0.0,0.0,0.0
2704,0.0,0.0,0.0
2705,0.0,0.0,0.0
2706,0.0,0.0,0.0
2707,0.0,0.0,0.0
2708,0.0,0.0,0.0
2709,0.0,0.0,0.0
2710,0.0,0.0,0.0
2711,0.0,0.0,0.0
2712,0.0,0.0,0.0
2713,0.0,0.0,0.0
2714,0.0,0.0,0.0
2715,0.0,0.0,0.0
2716,0.0,0.0,0.0
2717,0.0,0.0,0.0
2718,0.0,0.0,0.0
2719,141.33310000000574,0.0,0.0
2720,113.75271399999565,0.0,0.0
2721,0.0,0.0,0.0
2722,0.0,31.20709999999781,0.0
2723,0.0,238.934370177446,0.0
2724,0.0,525.6355609628536,0.0
2725,0.0,423.04875946575885,0.0
2726,0.0,88.48139999999785,0.0
2727,0.0,0.0,0.0
2728,48.05159999998523,0.0,0.0
2729,96.10243922139716,25.478540778601655,0.0
2730,0.0,0.0,0.0
2731,0.0,43.39099999999121,0.0
2732,0.0,64.62379999999564,0.0
2733,0.0,0.0,45.33699999999749
2734,0.0,0.0,0.0
2735,0.0,0.0,0.0
2736,0.0,0.0,0.0
2737,0.0,0.0,0.0
2738,0.0,0.0,0.0
2739,0.0,0.0,0.0
2740,0.0,0.0,0.0
2741,0.0,23.395719999996572,0.0
2742,0.0,93.40989999999272,0.0
2743,0.0,71.58283999999082,0.0
2744,0.0,0.0,166.98929999999496
2745,0.0,0.0,187.92734999999584
2746,0.0,0.0,336.0902599999958
2747,0.0,0.0,367.688299999995
2748,0.0,0.0,302.5764699999916
2749,0.0,0.0,286.87819999999965
2750,0.0,0.0,178.95721999999006
2751,0.0,0.0,131.52866000000552
2752,0.0,0.0,156.59945999999871
2753,0.0,0.0,108.14244999999863
2754,78.97429736979984,2.067502630195577,0.0
2755,0.0,53.76645999999744,0.0
2756,0.0,69.73979999999528,0.0
2757,0.0,0.0,46.97879999999418
2758,0.0,0.0,0.0
2759,0.0,0.0,0.0
2760,0.0,0.0,0.0
2761,0.0,0.0,0.0
2762,0.0,0.0,0.0
2763,0.0,0.0,0.0
2764,0.0,0.0,0.0
2765,0.0,0.0,0.0
2766,0.0,62.58699999999624,0.0
2767,0.0,0.0,112.15470000000187
2768,0.0,0.0,160.797199999996
2769,0.0,0.0,132.01846999999657
2770,0.0,0.0,60.878899999995156
2771,0.0,0.0,50.299899999990885
2772,0.0,0.0,14.322599999985414
2773,0.0,0.0,0.0
2774,0.0,0.0,0.0
2775,0.0,0.0,0.0
2776,0.0,0.0,0.0
2777,0.0,0.0,0.0
2778,0.0,0.0,0.0
2779,0.0,15.721999999997934,0.0
2780,0.0,20.823010011314977,4.200459988677267
2781,0.0,0.0,0.0
2782,0.0,0.0,0.0
2783,0.0,0.0,0.0
2784,0.0,0.0,0.0
2785,0.0,0.0,0.0
2786,0.0,0.0,0.0
2787,0.0,0.0,0.0
2788,0.0,0.0,0.0
2789,0.0,0.0,0.0
2790,0.0,0.0,0.0
2791,0.0,14.097999999997228,0.0
2792,124.45450999998911,0.0,0.0
2793,0.0,0.0,0.0
2794,0.0,0.0,0.0
2795,0.0,0.0,0.0
2796,0.0,0.0,0.0
2797,0.0,0.0,0.0
2798,0.0,0.0,0.0
2799,98.45700000000215,0.0,0.0
2800,30.88119999999344,0.0,0.0
2801,0.0,0.0,0.0
2802,0.0,15.216482304193505,29.708267695802235
2803,0.0,0.0,23.854499999998666
2804,0.0,47.539137756398304,11.672862243594977
2805,0.0,0.0,65.78439999999296
2806,0.0,0.0,0.0
2807,0.0,0.0,0.0
2808,0.0,0.0,0.0
2809,0.0,0.0,0.0
2810,0.0,0.0,0.0
2811,0.0,0.0,0.0
2812,0.0,0.0,0.0
2813,0.0,0.0,0.0
2814,0.0,0.0,0.0
2815,0.0,0.0,5.887999999996737
2816,89.90332073898071,0.0,9.674639261007087
2817,0.0,0.0,0.0
2818,0.0,0.0,0.0
2819,0.0,0.0,0.0
2820,0.0,0.0,0.0
2821,0.0,0.0,0.0
2822,0.0,0.0,0.0
2823,0.0,0.0,0.0
2824,0.0,0.0,0.0
2825,0.0,72.82002040327052,152.1056495967273
2826,0.0,115.47154405637002,34.47105594362063
2827,0.0,53.48142019179659,39.64893980819488
2828,0.0,107.06760714530469,5.039092854692171
2829,0.0,0.0,64.10489999999095
2830,9.351199999998926,0.0,0.0
2831,44.423149999997804,0.0,0.0
2832,0.0,0.0,0.0
2833,0.0,0.0,0.0
2834,0.0,0.0,0.0
2835,0.0,0.0,0.0
2836,0.0,0.0,0.0
2837,0.0,0.0,0.0
2838,0.0,0.0,0.0
2839,0.0,0.0,0.0
2840,0.0,0.0,0.0
2841,0.0,0.0,0.0
2842,0.0,0.0,0.0
2843,0.0,0.0,0.0
2844,0.0,0.0,0.0
2845,0.0,0.0,0.0
2846,0.0,0.0,0.0
2847,0.0,0.0,0.0
2848,0.0,0.0,0.0
2849,0.0,0.0,0.0
2850,0.0,0.0,0.0
2851,0.0,0.0,0.0
2852,0.0,0.0,0.0
2853,0.0,0.0,0.0
2854,0.0,0.0,0.0
2855,0.0,0.0,0.0
2856,0.0,0.0,0.0
2857,0.0,0.0,0.0
2858,0.0,0.0,0.0
2859,0.0,0.0,0.0
2860,0.0,0.0,0.0
2861,0.0,0.0,0.0
2862,0.0,0.0,0.0
2863,0.0,0.0,0.0
2864,0.0,0.0,0.0
2865,0.0,0.0,0.0
2866,0.0,0.0,0.0
2867,0.0,0.0,0.0
2868,0.0,0.0,0.0
2869,0.0,0.0,0.0
2870,0.0,0.0,0.0
2871,0.0,0.0,0.0
2872,0.0,0.0,0.0
2873,0.0,0.0,0.0
2874,0.0,0.0,0.0
2875,0.0,0.0,0.0
2876,0.0,0.0,0.0
2877,0.0,0.0,0.0
2878,0.0,0.0,0.0
2879,0.0,0.0,0.0
2880,0.0,0.0,0.0
2881,0.0,0.0,0.0
2882,0.0,0.0,0.0
2883,0.0,0.0,0.0
2884,0.0,0.0,0.0
2885,0.0,0.0,0.0
2886,0.0,0.0,0.0
2887,0.0,0.0,0.0
2888,24.234049999995023,0.0,0.0
2889,0.0,0.0,0.0
2890,0.0,0.0,0.0
2891,0.0,0.0,0.0
2892,0.0,0.0,0.0
2893,0.0,0.0,0.0
2894,0.0,0.0,0.0
2895,0.0,0.0,0.0
2896,0.0,0.0,0.0
2897,0.0,0.0,0.0
2898,0.0,0.0,0.0
2899,0.0,0.0,0.0
2900,0.0,0.0,0.0
2901,0.0,0.0,0.0
2902,0.0,0.0,0.0
2903,0.0,0.0,0.0
2904,0.0,0.0,0.0
2905,0.0,0.0,0.0
2906,0.0,0.0,0.0
2907,0.0,0.0,0.0
2908,0.0,0.0,0.0
2909,0.0,0.0,0.0
2910,0.0,0.0,0.0
2911,0.0,0.0,0.0
2912,0.0,0.0,0.0
2913,0.0,0.0,0.0
2914,0.0,0.0,0.0
2915,0.0,0.0,0.0
2916,0.0,0.0,0.0
2917,0.0,0.0,0.0
2918,0.0,0.0,0.0
2919,0.0,0.0,0.0
2920,0.0,0.0,0.0
2921,0.0,0.0,0.0
2922,0.0,0.0,0.0
2923,0.0,0.0,0.0
2924,0.0,0.0,0.0
2925,0.0,0.0,0.0
2926,0.0,0.0,0.0
2927,0.0,0.0,0.0
2928,0.0,0.0,0.0
2929,0.0,0.0,0.0
2930,0.0,0.0,0.0
2931,0.0,0.0,0.0
2932,0.0,0.0,0.0
2933,0.0,0.0,0.0
2934,0.0,1.884899999995696,0.0
2935,0.0,2.8991999999971085,0.0
2936,0.0,11.96355703615177,117.2520429638389
2937,0.0,0.0,217.4131999999995
2938,0.0,0.0,228.54449999999338
2939,0.0,0.0,104.76280000000247
2940,0.0,17.049247153572423,64.16805284642123
2941,0.0,0.0,64.91540000000009
2942,23.361599999997452,0.0,0.0
2943,29.08155336013897,12.122146639842867,0.0
2944,6.560554599820989,67.96514540017915,0.0
2945,0.0,40.28849933798847,29.515700661999972
2946,0.0,0.0,61.38360000000216
2947,0.0,0.0,0.0
2948,0.0,22.846299999994244,0.0
2949,0.0,0.0,59.45529999999303
2950,0.0,0.0,0.0
2951,0.0,0.0,0.0
2952,0.0,0.0,0.0
2953,0.0,0.0,0.0
2954,0.0,0.0,0.0
2955,0.0,0.0,0.0
2956,0.0,0.0,0.0
2957,0.0,0.0,0.0
2958,0.0,55.13649999999734,0.0
2959,0.0,134.15633274255174,2.8083672574414322
2960,0.0,0.0,86.3551799999982
2961,0.0,0.0,0.0
2962,0.0,0.0,0.0
2963,0.0,0.0,0.0
2964,0.0,0.0,0.0
2965,0.0,0.0,0.0
2966,0.0,0.0,0.0
2967,0.0,0.0,0.0
2968,0.0,0.0,0.0
2969,0.0,21.634409999998525,0.0
2970,0.0,55.53631398792709,22.89223601207084
2971,0.0,53.06981797783112,65.40218202216397
2972,0.0,10.360699999997678,0.0
2973,0.0,0.0,0.0
2974,0.0,0.0,0.0
2975,0.0,0.0,0.0
2976,0.0,0.0,0.0
2977,0.0,0.0,0.0
2978,0.0,0.0,0.0
2979,0.0,0.0,0.0
2980,0.0,0.0,0.0
2981,0.0,0.0,0.0
2982,0.0,0.0,0.0
2983,15.050599999985934,0.0,0.0
2984,0.0,0.0,0.0
2985,0.0,0.0,0.0
2986,0.0,0.0,0.0
2987,0.0,0.0,0.0
2988,0.0,0.0,0.0
2989,92.22129999999197,0.0,0.0
2990,184.12239999997837,0.0,0.0
2991,232.4756999999954,0.0,0.0
2992,256.4968999999892,0.0,0.0
2993,0.0,0.0,146.5394999999944
2994,0.0,0.0,0.0
2995,0.0,31.933199999991302,0.0
2996,0.0,0.0,40.53659999999013
2997,0.0,0.0,0.0
2998,0.0,0.0,0.0
2999,0.0,0.0,0.0
3000,0.0,0.0,0.0
3001,0.0,0.0,0.0
3002,0.0,0.0,0.0
3003,0.0,0.0,0.0
3004,0.0,0.0,0.0
3005,0.0,0.0,0.0
3006,0.0,0.0,0.0
3007,0.0,0.0,0.0
3008,0.0,0.0,0.0
3009,0.0,0.0,0.0
3010,0.0,0.0,0.0
3011,0.0,0.0,0.0
3012,85.75479999998879,0.0,0.0
3013,173.48735999999462,0.0,0.0
3014,302.7601999999979,0.0,0.0
3015,264.8030000000099,0.0,0.0
3016,172.42679999999928,0.0,0.0
3017,0.0,0.0,18.7742999999964
3018,30.322499999987485,0.0,0.0
3019,0.0,0.0,0.0
3020,0.0,0.0,0.0
3021,0.0,0.0,0.0
3022,0.0,0.0,0.0
3023,0.0,0.0,0.0
3024,0.0,0.0,0.0
3025,0.0,0.0,0.0
3026,0.0,0.0,0.0
3027,0.0,0.0,0.0
3028,0.0,0.0,0.0
3029,0.0,0.0,0.0
3030,0.0,0.0,0.0
3031,0.0,0.0,0.0
3032,0.0,0.0,0.0
3033,0.0,0.0,0.0
3034,0.0,0.0,0.0
3035,0.0,0.0,0.0
3036,0.0,0.0,0.0
3037,0.0,0.0,0.0
3038,0.0,0.0,0.0
3039,0.0,0.0,0.0
3040,0.0,0.0,0.0
3041,0.0,0.0,0.0
3042,0.0,0.0,0.0
3043,0.0,0.0,0.0
3044,0.0,0.0,0.0
3045,0.0,0.0,0.0
3046,0.0,0.0,0.0
3047,0.0,0.0,0.0
3048,0.0,0.0,0.0
3049,0.0,0.0,0.0
3050,0.0,0.0,0.0
3051,0.0,0.0,0.0
3052,0.0,0.0,0.0
3053,0.0,0.0,0.0
3054,0.0,0.0,0.0
3055,134.43029999999908,0.0,0.0
3056,105.54250568830321,0.0,119.34376431169073
3057,0.0,0.0,0.0
3058,0.0,0.0,0.0
3059,0.0,0.0,0.0
3060,0.0,28.501000000000204,0.0
3061,0.0,0.0,0.0
3062,112.44849999999678,0.0,0.0
3063,8.86859999998478,0.0,0.0
3064,0.0,0.0,0.0
3065,0.0,0.0,0.0
3066,0.0,0.0,41.13420000001338
3067,0.0,12.597167904306843,41.99833209569056
3068,0.0,74.92819999999642,0.0
3069,0.0,0.0,41.02098999999305
3070,0.0,0.0,0.0
3071,0.0,0.0,0.0
3072,0.0,0.0,0.0
3073,0.0,0.0,0.0
3074,0.0,0.0,0.0
3075,0.0,0.0,0.0
3076,0.0,0.0,0.0
3077,0.0,0.0,0.0
3078,0.0,0.0,0.0
3079,0.0,0.0,0.0
3080,0.0,5.094349999990754,0.0
3081,0.0,0.0,0.0
3082,0.0,0.0,0.0
3083,0.0,0.0,0.0
3084,0.0,0.0,0.0
3085,0.0,0.0,0.0
3086,0.0,52.46529999999257,0.0
3087,0.0,14.457099999993261,0.0
3088,2.6501999999964028,0.0,0.0
3089,45.27216000001408,0.0,0.0
3090,0.0,48.6855602653327,52.14843973466657
3091,0.0,0.0,26.840899999994463
3092,0.0,0.0,0.0
3093,21.732300000000123,0.0,0.0
3094,0.0,0.0,0.0
3095,0.0,0.0,0.0
3096,0.0,0.0,0.0
3097,0.0,0.0,0.0
3098,0.0,0.0,0.0
3099,0.0,0.0,0.0
3100,0.0,0.0,0.0
3101,0.0,0.0,0.0
3102,0.0,0.0,0.0
3103,0.0,14.469061713174142,105.22463828682453
3104,0.0,0.0,165.45242999999982
3105,55.630079999996724,0.0,0.0
3106,0.0,0.0,0.0
3107,0.0,0.0,0.0
3108,0.0,52.00660000000153,0.0
3109,0.0,83.48580000001402,0.0
3110,0.0,84.29599999999573,0.0
3111,0.0,0.0,0.0
3112,0.0,0.0,0.0
3113,0.0,66.91849999999977,0.0
3114,0.0,0.0,121.81915999999649
3115,0.0,0.0,64.18810000000121
3116,0.0,78.30155999999397,0.0
3117,0.0,0.0,47.68254999999613
3118,0.0,0.0,0.0
3119,0.0,0.0,0.0
3120,0.0,0.0,0.0
3121,0.0,0.0,0.0
3122,0.0,0.0,0.0
3123,0.0,0.0,0.0
3124,0.0,0.0,0.0
3125,0.0,0.0,0.0
3126,0.0,0.0,0.0
3127,0.0,5.948796712127205,77.67245328786672
3128,0.0,0.0,179.42705000000137
3129,0.0,7.246404526990773,30.786495473001196
3130,0.0,0.0,0.0
3131,0.0,85.34939999998733,0.0
3132,0.0,111.07510000000093,0.0
3133,0.0,80.44970000000376,0.0
3134,0.0,0.0,0.0
3135,0.0,0.0,0.0
3136,0.0,0.0,0.0
3137,0.0,60.214542423073,75.87009757691771
3138,0.0,53.231346303362216,22.645453696628977
3139,0.0,0.0,14.482529999992721
3140,0.0,34.00435648124619,39.56634351874777
3141,0.0,0.0,21.59939999999142
3142,10.329079999996111,0.0,0.0
3143,0.0,0.0,0.0
3144,0.0,0.0,0.0
3145,0.0,0.0,0.0
3146,0.0,0.0,0.0
3147,0.0,0.0,0.0
3148,0.0,0.0,0.0
3149,0.0,0.0,0.0
3150,0.0,0.0,0.0
3151,48.97089999999662,0.0,0.0
3152,0.0,0.0,241.80870000000004
3153,0.0,0.0,112.92460000000233
3154,0.0,0.0,0.0
3155,0.0,0.0,0.0
3156,0.0,0.0,0.0
3157,0.0,0.0,0.0
3158,0.0,0.0,0.0
3159,0.0,0.0,0.0
3160,0.0,0.0,0.0
3161,0.0,0.0,0.0
3162,0.0,0.0,59.49330000000509
3163,0.0,118.71437226374792,51.735427736244446
3164,0.0,164.2450999999951,0.0
3165,0.0,70.03818478709763,56.68327521289007
3166,0.0,0.0,62.77629999999931
3167,0.0,0.0,0.0
3168,0.0,0.0,0.0
3169,0.0,0.0,0.0
3170,0.0,0.0,0.0
3171,0.0,0.0,0.0
3172,0.0,0.0,0.0
3173,0.0,0.0,0.0
3174,0.0,0.0,0.0
3175,0.0,0.0,0.0
3176,0.0,0.0,0.0
3177,0.0,0.0,0.0
3178,0.0,0.0,0.0
3179,0.0,0.0,0.0
3180,0.0,0.0,0.0
3181,0.0,0.0,0.0
3182,0.0,0.0,0.0
3183,0.0,0.0,0.0
3184,0.0,0.0,0.0
3185,0.0,0.0,0.0
3186,0.0,0.0,0.0
3187,0.0,0.0,0.0
3188,0.0,0.0,0.0
3189,0.0,0.0,0.0
3190,0.0,0.0,0.0
3191,0.0,0.0,0.0
3192,0.0,0.0,0.0
3193,0.0,0.0,0.0
3194,0.0,0.0,0.0
3195,0.0,0.0,0.0
3196,0.0,0.0,0.0
3197,0.0,0.0,0.0
3198,0.0,0.0,0.0
3199,0.0,0.0,0.0
3200,0.0,0.0,0.0
3201,0.0,0.0,0.0
3202,0.0,0.0,0.0
3203,0.0,0.0,0.0
3204,0.0,0.0,0.0
3205,0.0,0.0,0.0
3206,0.0,0.0,0.0
3207,0.0,0.0,0.0
3208,0.0,0.0,0.0
3209,0.0,0.0,0.0
3210,0.0,0.0,0.0
3211,0.0,0.0,0.0
3212,0.0,0.0,0.0
3213,0.0,0.0,0.0
3214,0.0,0.0,0.0
3215,0.0,0.0,0.0
3216,0.0,0.0,0.0
3217,0.0,0.0,0.0
3218,0.0,0.0,0.0
3219,0.0,0.0,0.0
3220,0.0,0.0,0.0
3221,0.0,0.0,0.0
3222,0.0,0.0,0.0
3223,0.0,28.795740637233393,8.484799362766125
3224,129.43135000000348,0.0,0.0
3225,0.0,0.0,0.0
3226,0.0,0.0,0.0
3227,0.0,0.0,0.0
3228,0.0,0.0,0.0
3229,0.0,0.0,0.0
3230,0.0,0.0,0.0
3231,0.0,0.0,0.0
3232,0.0,0.0,0.0
3233,0.0,0.0,0.0
3234,0.0,0.0,0.0
3235,0.0,0.0,67.28863999999442
3236,0.0,92.97199999999646,0.0
3237,0.0,0.0,87.05629999999633
3238,0.0,0.0,0.0
3239,0.0,0.0,0.0
3240,0.0,0.0,0.0
3241,0.0,0.0,0.0
3242,0.0,0.0,0.0
3243,0.0,0.0,0.0
3244,0.0,0.0,0.0
3245,0.0,0.0,0.0
3246,0.0,0.0,0.0
3247,0.0,34.878739999995105,0.0
3248,0.0,0.0,131.80849999999054
3249,0.0,0.0,124.97940000001165
3250,0.0,0.16468843944176115,178.66034156054963
3251,0.0,0.0,181.39626000000203
3252,0.0,130.2177014551753,79.44321854482132
3253,0.0,209.47326000916928,82.95149999082224
3254,0.0,402.0462999999911,0.0
3255,0.0,396.6910799999948,0.0
3256,0.0,380.1777264589855,16.07082954101204
3257,0.0,259.55192604643617,40.96083395355896
3258,0.0,108.89901052659343,81.36008947339883
3259,0.0,0.0,157.10509999999567
3260,0.0,67.83057310839536,138.20752689160145
3261,0.0,0.0,178.8283999999942
3262,0.0,0.0,90.9258499999961
3263,0.0,0.0,4.913139999995565
3264,0.0,0.0,0.0
3265,0.0,0.0,0.0
3266,0.0,0.0,0.0
3267,0.0,0.0,0.0
3268,0.0,0.0,0.0
3269,0.0,0.0,0.0
3270,0.0,8.825919999999996,0.0
3271,0.0,71.15797109435243,114.31418890564862
3272,0.0,0.0,223.82081999999826
3273,0.0,0.0,0.0
3274,0.0,0.0,0.0
3275,0.0,0.0,0.0
3276,0.0,0.0,0.0
3277,0.0,0.0,0.0
3278,0.0,0.0,0.0
3279,0.0,0.0,0.0
3280,0.0,0.0,0.0
3281,0.0,0.0,83.7431999999867
3282,0.0,144.79872999999498,0.0
3283,0.0,0.0,0.0
3284,0.0,32.84322999999836,0.0
3285,0.0,41.09019999999782,0.0
3286,0.0,0.0,28.83869999999365
3287,0.0,0.0,10.892169999997634
3288,0.0,0.0,13.276149999996136
3289,0.0,0.0,0.0
3290,0.0,0.0,0.0
3291,0.0,0.0,0.0
3292,0.0,0.0,0.0
3293,0.0,0.0,0.0
3294,0.0,0.0,0.0
3295,0.0,0.0,0.0
3296,0.0,0.0,0.0
3297,0.0,0.0,0.0
3298,0.0,0.0,0.0
3299,0.0,0.0,0.0
3300,1.229099999986829,0.0,0.0
3301,0.0,0.0,0.0
3302,0.0,0.0,0.0
3303,0.0,0.0,0.0
3304,0.0,0.0,0.0
3305,0.0,0.0,0.0
3306,0.0,0.0,0.0
3307,0.0,0.0,0.0
3308,0.0,0.0,0.0
3309,0.0,0.0,0.0
3310,0.0,0.0,0.0
3311,0.0,0.0,0.0
3312,0.0,0.0,0.0
3313,0.0,0.0,0.0
3314,0.0,0.0,0.0
3315,0.0,0.0,0.0
3316,0.0,0.0,0.0
3317,0.0,0.0,0.0
3318,0.0,0.0,0.0
3319,0.0,0.0,0.0
3320,0.0,0.0,0.0
3321,0.0,0.0,0.0
3322,83.40356999996675,0.0,0.0
3323,131.86419999998452,0.0,0.0
3324,124.1493000000246,0.0,0.0
3325,137.59500000000025,0.0,0.0
3326,0.0,124.36435999998685,0.0
3327,0.0,0.0,0.0
3328,0.0,0.0,0.0
3329,0.0,0.0,0.0
3330,0.0,0.0,57.19629999999131
3331,0.0,0.0,8.785899999976891
3332,0.0,0.0,0.0
3333,0.0,0.0,0.0
3334,0.0,0.0,0.0
3335,0.0,0.0,0.0
3336,0.0,0.0,0.0
3337,0.0,0.0,0.0
3338,0.0,0.0,0.0
3339,0.0,0.0,0.0
3340,0.0,0.0,0.0
3341,0.0,0.0,0.0
3342,0.0,0.0,0.0
3343,0.0,0.0,0.0
3344,0.0,0.0,0.0
3345,0.0,0.0,0.0
3346,0.0,0.0,0.0
3347,0.0,0.0,0.0
3348,0.0,0.0,0.0
3349,0.0,0.0,0.0
3350,0.0,0.0,0.0
3351,0.0,0.0,0.0
3352,0.0,0.0,0.0
3353,0.0,0.0,0.0
3354,0.0,0.0,0.0
3355,0.0,0.0,0.0
3356,0.0,0.0,0.0
3357,0.0,0.0,0.0
3358,0.0,0.0,0.0
3359,0.0,0.0,0.0
3360,0.0,0.0,0.0
3361,0.0,0.0,0.0
3362,0.0,0.0,0.0
3363,0.0,0.0,0.0
3364,0.0,0.0,0.0
3365,0.0,0.0,0.0
3366,0.0,0.0,0.0
3367,0.0,0.0,0.0
3368,0.0,0.0,0.0
3369,0.0,0.0,0.0
3370,0.0,0.0,0.0
3371,0.0,0.0,0.0
3372,0.0,0.0,0.0
3373,0.0,0.0,0.0
3374,0.0,0.0,0.0
3375,0.0,0.0,0.0
3376,0.0,0.0,0.0
3377,0.0,0.0,0.0
3378,0.0,0.0,0.0
3379,0.0,0.0,0.0
3380,0.0,0.0,0.0
3381,0.0,0.0,0.0
3382,0.0,0.0,0.0
3383,0.0,0.0,0.0
3384,0.0,0.0,0.0
3385,0.0,0.0,0.0
3386,0.0,0.0,0.0
3387,0.0,0.0,0.0
3388,0.0,0.0,0.0
3389,0.0,0.0,0.0
3390,0.0,0.0,0.0
3391,0.0,27.185619999992923,0.0
3392,193.57286999999587,0.0,0.0
3393,0.0,0.0,0.0
3394,0.0,0.0,0.0
3395,0.0,0.0,0.0
3396,0.0,104.00450000000365,0.0
3397,0.0,28.03179999981512,0.0
3398,0.0,0.0,0.0
3399,0.0,0.0,0.0
3400,0.0,27.727700000000368,0.0
3401,0.0,0.0,134.8543599999947
3402,0.0,0.0,103.69490000000508
3403,0.0,0.0,87.97979999999916
3404,0.0,76.03573663604993,81.84769336394356
3405,0.0,0.0,125.64956999999958
3406,0.0,0.0,0.0
3407,0.0,0.0,0.0
3408,0.0,0.0,0.0
3409,0.0,0.0,0.0
3410,0.0,0.0,0.0
3411,0.0,0.0,0.0
3412,0.0,0.0,0.0
3413,0.0,0.0,0.0
3414,0.0,0.0,0.0
3415,28.943199999998342,0.0,0.0
3416,0.0,0.0,151.05679999999688
3417,0.0,0.0,247.89650999999367
3418,0.0,22.216572672965412,62.52012732702906
3419,0.0,16.405399999997826,0.0
3420,0.0,22.44042028491367,90.77697971508724
3421,0.0,21.629339701358276,68.80096029863853
3422,0.0,102.40559999999414,0.0
3423,0.0,145.8685999999975,0.0
3424,0.0,106.35337165072178,43.876628349287614
3425,0.0,81.97254999999313,0.0
3426,0.0,0.0,47.77170000000092
3427,0.0,12.543451647820007,40.96654835217737
3428,0.0,53.104099999995924,0.0
3429,0.0,0.0,62.8908999999976
3430,0.0,0.0,51.35120000000347
3431,0.0,0.0,0.0
3432,0.0,0.0,0.0
3433,0.0,0.0,0.0
3434,0.0,0.0,0.0
3435,0.0,0.0,0.0
3436,0.0,0.0,0.0
3437,0.0,0.0,0.0
3438,0.0,57.80975000000035,0.0
3439,184.55700000000343,0.0,0.0
3440,113.95987000000878,0.0,0.0
3441,0.0,0.0,0.0
3442,0.0,0.0,0.0
3443,0.0,80.53949999999168,0.0
3444,0.0,146.16870000000472,0.0
3445,0.0,116.88890000001993,0.0
3446,0.0,0.0,0.0
3447,0.0,0.0,0.0
3448,0.0,0.0,0.0
3449,116.75713000000133,0.0,0.0
3450,144.74049999999806,0.0,0.0
3451,63.05478221733438,40.549617782658174,0.0
3452,0.0,127.77129999999624,0.0
3453,0.0,29.950707918579155,122.16829208142167
3454,0.0,0.0,76.43559999999559
3455,0.0,0.0,0.0
3456,0.0,0.0,0.0
3457,0.0,0.0,0.0
3458,0.0,0.0,0.0
3459,0.0,0.0,0.0
3460,0.0,0.0,0.0
3461,0.0,0.0,0.0
3462,0.0,0.0,0.0
3463,74.90839486171353,58.29740513829006,0.0
3464,0.0,0.0,214.57020000000068
3465,0.0,0.0,270.6482765999977
3466,0.0,0.0,207.4579000000083
3467,0.0,0.0,161.41609999999628
3468,0.0,18.053847914809012,157.0094520851892
3469,0.0,75.05015329370599,79.72374670629847
3470,0.0,110.31846475631937,13.548635243673289
3471,0.0,58.636690242116856,39.90300975788364
3472,0.0,19.19430000000466,0.0
3473,0.0,55.69040000000177,0.0
3474,0.0,85.6159101457124,23.825069854279803
3475,0.0,0.0,54.79640000000313
3476,0.0,0.0,55.67935000000011
3477,0.0,0.0,0.0
3478,0.0,0.0,0.0
3479,0.0,0.0,0.0
3480,0.0,0.0,0.0
3481,0.0,0.0,0.0
3482,0.0,0.0,0.0
3483,0.0,0.0,0.0
3484,0.0,0.0,0.0
3485,0.0,0.0,0.0
3486,0.0,0.0,0.0
3487,0.0,0.0,108.55998000000847
3488,0.0,0.0,152.38845000000424
3489,0.0,1.2926999999936015,0.0
3490,0.0,0.0,0.0
3491,0.0,0.0,0.0
3492,0.0,0.0,0.0
3493,0.0,0.0,0.0
3494,0.0,0.0,0.0
3495,0.0,0.0,0.0
3496,0.0,0.0,0.0
3497,0.0,0.0,0.0
3498,0.0,39.170099999990725,0.0
3499,0.0,0.0,0.0
3500,0.0,0.0,2.1245999999981677
3501,0.0,0.0,0.0
3502,0.0,0.0,0.0
3503,0.0,0.0,0.0
3504,0.0,0.0,0.0
3505,0.0,0.0,0.0
3506,0.0,0.0,0.0
3507,0.0,0.0,0.0
3508,0.0,0.0,0.0
3509,0.0,0.0,0.0
3510,0.0,0.0,0.0
3511,0.0,0.0,0.0
3512,0.0,0.0,0.0
3513,0.0,0.0,0.0
3514,0.0,0.0,0.0
3515,0.0,0.0,0.0
3516,0.0,0.0,0.0
3517,0.0,0.0,0.0
3518,0.0,0.0,0.0
3519,0.0,0.0,0.0
3520,0.0,0.0,0.0
3521,0.0,0.0,0.0
3522,0.0,0.0,0.0
3523,0.0,0.0,0.0
3524,0.0,0.0,0.0
3525,0.0,0.0,0.0
3526,0.0,0.0,0.0
3527,0.0,0.0,0.0
3528,0.0,0.0,0.0
3529,0.0,0.0,0.0
3530,0.0,0.0,0.0
3531,0.0,0.0,0.0
3532,0.0,0.0,0.0
3533,0.0,0.0,0.0
3534,0.0,0.0,0.0
3535,0.0,0.0,0.0
3536,0.0,0.0,0.0
3537,0.0,0.0,0.0
3538,0.0,0.0,0.0
3539,0.0,0.0,0.0
3540,0.0,0.0,0.0
3541,0.0,0.0,0.0
3542,0.0,0.0,0.0
3543,0.0,0.0,0.0
3544,0.0,0.0,0.0
3545,0.0,0.0,0.0
3546,0.0,0.0,0.0
3547,0.0,0.0,0.0
3548,0.0,0.0,0.0
3549,0.0,0.0,0.0
3550,0.0,0.0,0.0
3551,0.0,0.0,0.0
3552,0.0,0.0,0.0
3553,0.0,0.0,0.0
3554,0.0,0.0,0.0
3555,0.0,0.0,0.0
3556,0.0,0.0,0.0
3557,0.0,0.0,0.0
3558,0.0,0.0,0.0
3559,0.0,0.0,0.0
3560,0.0,0.0,0.0
3561,0.0,0.0,0.0
3562,0.0,0.0,0.0
3563,0.0,0.0,0.0
3564,0.0,0.0,0.0
3565,0.0,0.0,0.0
3566,0.0,0.0,0.0
3567,0.0,0.0,0.0
3568,0.0,0.0,0.0
3569,0.0,0.0,0.0
3570,0.0,0.0,0.0
3571,0.0,0.0,0.0
3572,0.0,0.0,0.0
3573,0.0,0.0,0.0
3574,0.0,0.0,0.0
3575,0.0,0.0,0.0
3576,0.0,0.0,0.0
3577,0.0,0.0,0.0
3578,0.0,0.0,0.0
3579,0.0,0.0,0.0
3580,0.0,0.0,0.0
3581,0.0,0.0,0.0
3582,0.0,0.0,0.0
3583,0.0,172.57259999999678,0.0
3584,0.0,0.0,0.0
3585,0.0,0.0,0.0
3586,0.0,0.0,0.0
3587,0.0,0.0,0.0
3588,0.0,0.0,0.0
3589,0.0,0.0,0.0
3590,0.0,0.0,0.0
3591,0.0,0.0,0.0
3592,25.375499999992826,0.0,0.0
3593,0.0,217.8119556915458,15.13054430845068
3594,0.0,98.04096716751064,67.36108283248853
3595,0.0,0.0,92.36185000000046
3596,0.0,0.0,132.5930999999939
3597,0.0,0.0,69.58159999999998
3598,0.0,0.0,13.989499999999339
3599,0.0,0.0,53.60242999999876
3600,0.0,0.0,0.0
3601,0.0,0.0,0.0
3602,0.0,0.0,0.0
3603,0.0,0.0,0.0
3604,0.0,0.0,0.0
3605,0.0,0.0,0.0
3606,0.0,0.0,0.0
3607,0.0,0.0,0.0
3608,0.0,0.0,36.13895999999886
3609,0.0,0.0,0.0
3610,0.0,0.0,0.0
3611,0.0,0.0,0.0
3612,43.61907000000065,0.0,0.0
3613,57.552499999994325,0.0,0.0
3614,64.62879999999404,0.0,0.0
3615,44.42061025933435,58.1110897406561,0.0
3616,3.6654194376305895,94.67988056234663,0.0
3617,0.0,0.0,0.0
3618,0.0,23.169999999991887,0.0
3619,0.0,25.61426330978952,39.18513669020058
3620,0.0,43.699373754015824,23.372026245972847
3621,0.0,14.024987896273615,0.9332121037189154
3622,1.137399999986883,0.0,0.0
3623,0.0,0.0,0.0
3624,0.0,0.0,0.0
3625,0.0,0.0,0.0
3626,0.0,0.0,0.0
3627,0.0,0.0,0.0
3628,0.0,0.0,0.0
3629,0.0,0.0,0.0
3630,0.0,5.51999999999839,0.0
3631,107.31540000000177,0.0,0.0
3632,0.0,0.0,229.78163999999072
3633,244.05625805911313,0.0,25.516741940884216
3634,0.0,0.0,0.0
3635,0.0,0.0,0.0
3636,0.0,0.0,0.0
3637,0.0,0.0,0.0
3638,0.0,0.0,0.0
3639,0.0,11.679300000000694,0.0
3640,0.0,0.0,0.0
3641,0.0,0.0,0.0
3642,70.14980000000332,0.0,0.0
3643,0.0,0.0,0.0
3644,0.0,0.0,0.0
3645,0.0,0.0,0.0
3646,0.0,0.0,0.0
3647,0.0,0.0,0.0
3648,0.0,0.0,0.0
3649,0.0,0.0,0.0
3650,0.0,0.0,0.0
3651,0.0,0.0,0.0
3652,0.0,0.0,0.0
3653,0.0,0.0,0.0
3654,0.0,0.0,0.0
3655,21.375699999989592,0.0,0.0
3656,0.0,0.0,0.0
3657,0.0,0.0,0.0
3658,0.0,0.0,0.0
3659,0.0,0.0,0.0
3660,0.0,0.0,0.0
3661,0.0,0.0,0.0
3662,0.0,0.0,0.0
3663,0.0,0.0,0.0
3664,0.0,0.0,0.0
3665,0.0,0.0,0.0
3666,0.0,0.0,0.0
3667,0.0,0.0,0.0
3668,0.0,0.0,0.0
3669,0.0,0.0,0.0
3670,0.0,0.0,0.0
3671,0.0,0.0,0.0
3672,0.0,0.0,0.0
3673,0.0,0.0,0.0
3674,0.0,0.0,0.0
3675,0.0,0.0,0.0
3676,0.0,0.0,0.0
3677,0.0,0.0,0.0
3678,0.0,0.0,0.0
3679,0.0,0.0,0.0
3680,0.0,0.0,0.0
3681,0.0,0.0,0.0
3682,0.0,0.0,0.0
3683,0.0,0.0,0.0
3684,0.0,0.0,0.0
3685,0.0,0.0,0.0
3686,0.0,0.0,0.0
3687,0.0,0.0,0.0
3688,0.0,0.0,0.0
3689,0.0,0.0,0.0
3690,0.0,0.0,0.0
3691,0.0,0.0,0.0
3692,0.0,0.0,0.0
3693,0.0,0.0,0.0
3694,0.0,0.0,0.0
3695,0.0,0.0,0.0
3696,0.0,0.0,0.0
3697,0.0,0.0,0.0
3698,0.0,0.0,0.0
3699,0.0,0.0,0.0
3700,0.0,0.0,0.0
3701,0.0,0.0,0.0
3702,0.0,0.0,0.0
3703,0.0,0.0,0.0
3704,0.0,0.0,0.0
3705,0.0,0.0,0.0
3706,0.0,0.0,0.0
3707,0.0,0.0,0.0
3708,0.0,186.2554631436078,0.0
3709,0.0,133.6179930042581,0.0
3710,0.0,0.0,0.0
3711,0.0,0.0,0.0
3712,0.0,0.0,0.0
3713,0.0,0.0,0.0
3714,0.0,0.0,0.0
3715,0.0,0.0,0.0
3716,0.0,0.0,0.0
3717,0.0,0.0,0.0
3718,0.0,0.0,0.0
3719,0.0,0.0,0.0
3720,0.0,0.0,0.0
3721,0.0,0.0,0.0
3722,0.0,0.0,0.0
3723,0.0,0.0,0.0
3724,0.0,0.0,0.0
3725,0.0,0.0,0.0
3726,0.0,0.0,0.0
3727,85.25989924056012,10.50510075944021,0.0
3728,20.158859067446883,0.0,76.14111093255678
3729,0.0,0.0,0.0
3730,0.0,63.242499999994834,0.0
3731,0.0,231.2493999999988,0.0
3732,0.0,302.9289999999928,0.0
3733,0.0,276.39059999999336,0.0
3734,0.0,154.46919999998954,0.0
3735,0.0,0.0,0.0
3736,62.687928116686635,0.0,18.66807188331336
3737,0.0,0.0,100.12610000000342
3738,0.0,0.0,19.571299999996597
3739,0.0,0.0,0.0
3740,0.0,0.0,0.0
3741,0.0,0.0,0.0
3742,0.0,0.0,0.0
3743,0.0,0.0,0.0
3744,0.0,0.0,0.0
3745,0.0,0.0,0.0
3746,0.0,0.0,0.0
3747,0.0,0.0,0.0
3748,0.0,0.0,0.0
3749,0.0,0.0,0.0
3750,0.0,0.0,0.0
3751,0.0,119.84106999999358,0.0
3752,0.0,0.0,202.67816999999616
3753,0.0,0.0,0.0
3754,0.0,1.0153000000091197,0.0
3755,0.0,82.6950999999899,0.0
3756,0.0,135.16939999998522,0.0
3757,0.0,165.60719999998673,0.0
3758,0.0,135.72860000000037,0.0
3759,0.0,2.135200000002442,0.0
3760,0.0,0.0,0.0
3761,0.0,46.7155999999959,0.0
3762,0.0,115.32267309931103,83.7470269006852
3763,0.0,0.0,15.286299999999642
3764,0.0,0.0,64.77809999999818
3765,0.0,0.0,40.57663999999579
3766,16.17776999999478,0.0,0.0
3767,0.0,0.0,0.0
3768,0.0,0.0,0.0
3769,0.0,0.0,0.0
3770,0.0,0.0,0.0
3771,0.0,0.0,0.0
3772,0.0,0.0,0.0
3773,0.0,0.0,0.0
3774,0.0,0.0,0.0
3775,61.19633869757445,75.99429530242423,0.0
3776,0.0,0.0,92.68139999999653
3777,0.0,0.0,0.0
3778,0.0,12.132500000006985,0.0
3779,0.0,150.06000000000677,0.0
3780,0.0,183.40609999999197,0.0
3781,0.0,160.35850000000846,0.0
3782,0.0,48.947200000008706,0.0
3783,0.0,0.0,0.0
3784,0.0,0.0,0.0
3785,0.0,0.0,0.0
3786,4.910342722912901,101.99858727708033,0.0
3787,0.0,0.0,83.26689999999428
3788,45.16899999999282,0.0,0.0
3789,0.0,0.0,0.0
3790,0.0,0.0,0.0
3791,0.0,0.0,0.0
3792,0.0,0.0,0.0
3793,0.0,0.0,0.0
3794,0.0,0.0,0.0
3795,0.0,0.0,0.0
3796,0.0,0.0,0.0
3797,0.0,0.0,0.0
3798,0.0,0.0,0.0
3799,0.0,0.0,0.0
3800,0.0,0.0,0.0
3801,0.0,0.0,0.0
3802,0.0,0.0,0.0
3803,0.0,0.0,0.0
3804,0.0,0.0,0.0
3805,0.0,0.0,0.0
3806,0.0,0.0,0.0
3807,0.0,0.0,0.0
3808,0.0,0.0,0.0
3809,0.0,0.0,0.0
3810,0.0,0.0,0.0
3811,0.0,0.0,0.0
3812,0.0,0.0,0.0
3813,0.0,0.0,0.0
3814,0.0,0.0,0.0
3815,0.0,0.0,0.0
3816,0.0,0.0,0.0
3817,0.0,0.0,0.0
3818,0.0,0.0,0.0
3819,0.0,0.0,0.0
3820,0.0,0.0,0.0
3821,0.0,0.0,0.0
3822,0.0,0.0,0.0
3823,0.0,0.0,0.0
3824,0.0,0.0,0.0
3825,0.0,0.0,0.0
3826,0.0,0.0,0.0
3827,0.0,0.0,0.0
3828,0.0,0.0,0.0
3829,0.0,0.0,0.0
3830,0.0,0.0,0.0
3831,0.0,0.0,0.0
3832,0.0,0.0,0.0
3833,0.0,0.0,0.0
3834,0.0,0.0,0.0
3835,0.0,0.0,0.0
3836,0.0,0.0,0.0
3837,0.0,0.0,0.0
3838,0.0,0.0,0.0
3839,0.0,0.0,0.0
3840,0.0,0.0,0.0
3841,0.0,0.0,0.0
3842,0.0,0.0,0.0
3843,0.0,0.0,0.0
3844,0.0,0.0,0.0
3845,0.0,0.0,0.0
3846,0.0,0.0,0.0
3847,0.0,0.0,0.0
3848,0.0,0.0,0.0
3849,0.0,0.0,0.0
3850,0.0,0.0,0.0
3851,0.0,0.0,0.0
3852,0.0,0.0,0.0
3853,0.0,0.0,0.0
3854,0.0,0.0,0.0
3855,0.0,0.0,0.0
3856,0.0,0.0,0.0
3857,0.0,0.0,0.0
3858,0.0,0.0,0.0
3859,0.0,0.0,0.0
3860,0.0,0.0,0.0
3861,0.0,0.0,0.0
3862,0.0,0.0,0.0
3863,0.0,0.0,0.0
3864,0.0,0.0,0.0
3865,0.0,0.0,0.0
3866,0.0,0.0,0.0
3867,0.0,0.0,0.0
3868,0.0,0.0,0.0
3869,0.0,0.0,0.0
3870,0.0,0.0,0.0
3871,0.0,0.0,0.0
3872,0.0,0.0,0.0
3873,0.0,0.0,0.0
3874,0.0,0.0,0.0
3875,0.0,0.0,0.0
3876,0.0,0.0,0.0
3877,0.0,0.0,0.0
3878,0.0,0.0,0.0
3879,0.0,0.0,0.0
3880,0.0,0.0,0.0
3881,0.0,0.0,0.0
3882,0.0,0.0,0.0
3883,0.0,0.0,0.0
3884,0.0,0.0,0.0
3885,0.0,0.0,0.0
3886,0.0,0.0,0.0
3887,0.0,0.0,0.0
3888,0.0,0.0,0.0
3889,0.0,0.0,0.0
3890,0.0,0.0,0.0
3891,0.0,0.0,0.0
3892,0.0,0.0,0.0
3893,0.0,0.0,0.0
3894,0.0,0.0,0.0
3895,48.67630000000054,0.0,0.0
3896,0.0,0.0,239.76719999999818
3897,68.55330000001186,0.0,0.0
3898,0.0,0.0,0.0
3899,0.0,0.0,0.0
3900,0.0,0.0,0.0
3901,0.0,0.0,0.0
3902,0.0,0.0,0.0
3903,0.0,0.0,73.98839999999404
3904,16.19333645923507,38.62586354075711,0.0
3905,198.17037100000516,0.0,0.0
3906,141.45930000000226,0.0,0.0
3907,0.0,0.0,72.86184999999978
3908,0.0,0.0,61.49693999999613
3909,0.0,0.0,59.955899999996745
3910,0.0,0.0,0.0
3911,0.0,0.0,0.0
3912,0.0,0.0,0.0
3913,0.0,0.0,0.0
3914,0.0,0.0,0.0
3915,0.0,0.0,0.0
3916,0.0,0.0,0.0
3917,0.0,0.0,0.0
3918,0.0,0.0,0.0
3919,0.0,67.39469999999642,0.0
3920,0.0,0.0,199.64799999999605
3921,0.0,0.0,187.82514000000228
3922,0.0,0.0,0.0
3923,0.0,0.0,0.0
3924,0.0,150.59436901636218,0.0
3925,0.0,5.739477776208332,0.0
3926,0.0,0.0,0.0
3927,0.0,0.0,0.0
3928,0.0,0.0,0.0
3929,0.0,0.0,0.0
3930,0.0,0.0,65.92099999999971
3931,0.0,0.0,55.12830000000076
3932,0.0,0.0,22.49149999999304
3933,0.0,0.0,0.0
3934,0.0,0.0,0.0
3935,0.0,0.0,0.0
3936,0.0,0.0,0.0
3937,0.0,0.0,0.0
3938,0.0,0.0,0.0
3939,0.0,0.0,0.0
3940,0.0,0.0,0.0
3941,0.0,0.0,0.0
3942,0.0,0.0,0.0
3943,93.34592999999859,0.0,0.0
3944,72.97819031044082,0.0,21.202409689547366
3945,0.0,0.0,0.0
3946,0.0,0.0,0.0
3947,0.0,0.0,0.0
3948,0.0,41.43788111604135,0.0
3949,0.0,0.0,0.0
3950,0.0,0.0,0.0
3951,0.0,0.0,0.0
3952,0.0,0.0,0.0
3953,0.0,0.0,139.34567999999962
3954,0.0,0.0,122.68822999999668
3955,0.0,0.0,73.69480000000249
3956,0.0,0.0,6.927169999997432
3957,0.0,0.0,0.0
3958,0.0,0.0,0.0
3959,0.0,0.0,0.0
3960,0.0,0.0,0.0
3961,0.0,0.0,0.0
3962,0.0,0.0,0.0
3963,0.0,0.0,0.0
3964,0.0,0.0,0.0
3965,0.0,0.0,0.0
3966,0.0,0.0,0.0
3967,0.0,0.0,0.0
3968,0.0,0.0,122.44619999999725
3969,148.9304061823068,0.0,86.25333381769218
3970,127.28895858624037,0.0,100.4876614137657
3971,0.0,0.0,0.0
3972,0.0,0.0,0.0
3973,0.0,0.0,0.0
3974,0.0,0.0,0.0
3975,0.0,0.0,0.0
3976,0.0,0.0,0.0
3977,0.0,0.0,0.0
3978,5.58064016420758,35.540450402352235,90.3610594334458
3979,0.0,0.0,10.98324999998249
3980,0.0,0.0,0.0
3981,0.0,0.0,0.0
3982,0.0,0.0,0.0
3983,0.0,0.0,0.0
3984,0.0,0.0,0.0
3985,0.0,0.0,0.0
3986,0.0,0.0,0.0
3987,0.0,0.0,0.0
3988,0.0,0.0,0.0
3989,0.0,0.0,0.0
3990,0.0,0.0,0.0
3991,0.0,9.83681587394176,27.476924126058947
3992,0.0,0.0,82.85750000000849
3993,0.0,0.0,0.0
3994,0.0,0.0,0.0
3995,0.0,0.0,0.0
3996,0.0,0.0,0.0
3997,0.0,0.0,0.0
3998,0.0,0.0,0.0
3999,0.0,0.0,0.0
4000,0.0,0.0,0.0
4001,0.0,0.0,0.0
4002,0.0,0.0,0.0
4003,0.0,0.0,6.8256399999959285
4004,0.0,0.0,51.93529999999964
4005,6.011999999993577,0.0,0.0
4006,0.0,0.0,0.0
4007,0.0,0.0,0.0
4008,0.0,0.0,0.0
4009,0.0,0.0,0.0
4010,0.0,0.0,0.0
4011,0.0,0.0,0.0
4012,0.0,0.0,0.0
4013,0.0,0.0,0.0
4014,0.0,0.0,0.0
4015,0.0,0.0,0.0
4016,0.0,0.0,0.0
4017,0.0,0.0,0.0
4018,0.0,0.0,0.0
4019,0.0,0.0,0.0
4020,0.0,0.0,0.0
4021,0.0,0.0,0.0
4022,0.0,0.0,0.0
4023,0.0,0.0,0.0
4024,0.0,0.0,0.0
4025,0.0,0.0,0.0
4026,0.0,0.0,0.0
4027,0.0,0.0,0.0
4028,0.0,0.0,0.0
4029,0.0,0.0,0.0
4030,0.0,0.0,0.0
4031,0.0,0.0,0.0
4032,0.0,0.0,0.0
4033,0.0,0.0,0.0
4034,0.0,0.0,0.0
4035,0.0,0.0,0.0
4036,0.0,0.0,0.0
4037,0.0,0.0,0.0
4038,0.0,0.0,0.0
4039,0.0,0.0,0.0
4040,0.0,0.0,0.0
4041,0.0,0.0,0.0
4042,0.0,0.0,0.0
4043,0.0,0.0,0.0
4044,0.0,0.0,0.0
4045,0.0,0.0,0.0
4046,0.0,0.0,0.0
4047,0.0,0.0,0.0
4048,0.0,0.0,0.0
4049,0.0,0.0,0.0
4050,0.0,0.0,0.0
4051,0.0,0.0,0.0
4052,0.0,0.0,0.0
4053,0.0,0.0,0.0
4054,0.0,0.0,0.0
4055,0.0,0.0,0.0
4056,0.0,0.0,0.0
4057,0.0,0.0,0.0
4058,0.0,0.0,0.0
4059,0.0,0.0,0.0
4060,0.0,0.0,0.0
4061,0.0,0.0,0.0
4062,0.0,0.0,0.0
4063,0.0,24.88539999999557,0.0
4064,0.0,157.49689047349193,1.2467095265051285
4065,0.0,15.626739044624173,221.05236095537134
4066,0.0,86.67700045273523,180.90355954725555
4067,0.0,170.06045051022784,94.48484948976693
4068,0.0,81.6613000000034,0.0
4069,0.0,10.232200000005832,0.0
4070,0.0,113.21800000000076,0.0
4071,0.0,162.31189999999697,0.0
4072,0.0,204.90489999998726,0.0
4073,0.0,241.79271999999492,0.0
4074,0.0,179.16576999999552,0.0
4075,0.0,38.737623528191534,32.97637647180204
4076,0.0,0.0,66.86585999999716
4077,0.0,0.0,49.86889999999437
4078,0.0,0.0,16.422699999992005
4079,0.0,0.0,0.0
4080,0.0,0.0,0.0
4081,0.0,0.0,0.0
4082,0.0,0.0,0.0
4083,0.0,0.0,0.0
4084,0.0,0.0,0.0
4085,0.0,0.0,0.0
4086,0.0,0.0,0.0
4087,0.0,0.0,124.21040000000175
4088,0.0,0.0,203.24522999999
4089,0.0,0.0,155.71560000000386
4090,0.0,179.5440274346547,16.914072565350352
4091,0.0,220.83913333060354,24.167116669394318
4092,0.0,104.31121788213068,182.84938211785868
4093,0.0,2.189437340663062,225.62066265932958
4094,0.0,20.80383021065336,154.62106978933866
4095,0.0,0.0,143.52970000000096
4096,0.0,23.21280569962164,121.9687943003778
4097,0.0,64.61468105783206,78.95606894216002
4098,0.0,0.0,75.76220000000103
4099,0.0,14.527137501897187,55.99809249809732
4100,0.0,5.693765996198181,101.12246400379695
4101,0.0,0.0,43.756200000006174
4102,0.0,0.0,0.0
4103,0.0,0.0,0.0
4104,0.0,0.0,0.0
4105,0.0,0.0,0.0
4106,0.0,0.0,0.0
4107,0.0,0.0,0.0
4108,0.0,0.0,0.0
4109,0.0,0.0,0.0
4110,0.0,0.0,0.0
4111,0.0,20.882600000001958,0.0
4112,106.42017346223702,21.421953828915548,34.25947270883444
4113,0.0,47.316952028393644,217.6935479716043
4114,149.21356477141262,88.2225831151809,133.50121211339933
4115,0.0,0.0,364.3247699999988
4116,0.0,67.77869999999257,0.0
4117,0.0,0.0,0.0
4118,0.0,0.0,0.0
4119,0.0,0.0,0.0
4120,0.0,0.0,0.0
4121,0.0,7.71022342774495,199.8648365722483
4122,0.0,0.0,158.07860000000176
4123,0.0,0.0,84.44969999999466
4124,0.0,0.0,99.33650000000603
4125,0.0,0.0,49.95949999999846
4126,0.0,0.0,0.0
4127,0.0,0.0,0.0
4128,0.0,0.0,0.0
4129,0.0,0.0,0.0
4130,0.0,0.0,0.0
4131,0.0,0.0,0.0
4132,0.0,0.0,0.0
4133,0.0,0.0,0.0
4134,0.0,0.0,0.0
4135,0.0,61.36009999999396,0.0
4136,0.0,126.89390979585892,36.07479020413507
4137,0.0,183.47796788821233,67.50813211177103
4138,0.0,263.519168268811,75.01223173119217
4139,25.049866104918237,177.95551014571265,172.30968374937243
4140,109.53974693115151,210.08182177033132,17.9583312985136
4141,0.0,172.91990552414518,154.67591447584402
4142,79.53338910178582,178.63099089821162,0.0
4143,59.18771198129298,106.07764301870156,0.0
4144,0.0,108.51677299999074,0.0
4145,0.0,89.61727999999812,0.0
4146,0.0,26.826499999994212,0.0
4147,0.0,0.0,10.7043299999998
4148,0.0,0.0,0.0
4149,0.0,0.0,0.0
4150,0.0,0.0,0.0
4151,0.0,0.0,0.0
4152,0.0,0.0,0.0
4153,0.0,0.0,0.0
4154,0.0,0.0,0.0
4155,0.0,0.0,0.0
4156,0.0,0.0,0.0
4157,0.0,0.0,0.0
4158,0.0,0.0,0.0
4159,0.0,0.0,43.379369999995106
4160,0.0,0.0,23.435949999980153
4161,0.0,0.0,0.0
4162,0.0,0.0,0.0
4163,0.0,0.575700000004872,0.0
4164,0.0,0.0,0.0
4165,0.0,0.0,0.0
4166,0.0,0.0,0.0
4167,0.0,0.0,0.0
4168,0.0,0.0,0.0
4169,0.0,50.7668999999878,0.0
4170,0.0,109.01379999999335,0.0
4171,0.0,0.0,25.567189999991854
4172,0.0,0.0,4.81637999999711
4173,0.0,0.0,0.0
4174,0.0,0.0,0.0
4175,0.0,0.0,0.0
4176,0.0,0.0,0.0
4177,0.0,0.0,0.0
4178,0.0,0.0,0.0
4179,0.0,0.0,0.0
4180,0.0,0.0,0.0
4181,0.0,0.0,0.0
4182,0.0,0.0,0.0
4183,0.0,0.0,0.0
4184,0.0,0.0,0.0
4185,0.0,0.0,0.0
4186,0.0,0.0,0.0
4187,0.0,0.0,0.0
4188,0.0,0.0,0.0
4189,0.0,0.0,0.0
4190,0.0,0.0,0.0
4191,0.0,0.0,0.0
4192,0.0,0.0,0.0
4193,0.0,0.0,0.0
4194,0.0,0.0,0.0
4195,0.0,0.0,0.0
4196,0.0,0.0,0.0
4197,0.0,0.0,0.0
4198,0.0,0.0,0.0
4199,0.0,0.0,0.0
4200,0.0,0.0,0.0
4201,0.0,0.0,0.0
4202,0.0,0.0,0.0
4203,0.0,0.0,0.0
4204,0.0,0.0,0.0
4205,0.0,0.0,0.0
4206,0.0,0.0,0.0
4207,0.0,0.0,0.0
4208,0.0,0.0,0.0
4209,0.0,0.0,0.0
4210,0.0,0.0,0.0
4211,0.0,0.0,0.0
4212,0.0,0.0,0.0
4213,0.0,0.0,0.0
4214,0.0,0.0,0.0
4215,0.0,0.0,0.0
4216,0.0,0.0,0.0
4217,0.0,0.0,0.0
4218,0.0,0.0,0.0
4219,0.0,0.0,0.0
4220,0.0,0.0,0.0
4221,0.0,0.0,0.0
4222,0.0,0.0,0.0
4223,0.0,0.0,0.0
4224,0.0,0.0,0.0
4225,0.0,0.0,0.0
4226,0.0,0.0,0.0
4227,0.0,0.0,0.0
4228,0.0,0.0,0.0
4229,0.0,0.0,0.0
4230,0.0,0.0,0.0
4231,0.0,0.0,0.0
4232,126.12610000000268,0.0,0.0
4233,119.70220000000563,0.0,0.0
4234,0.0,41.26870000000417,0.0
4235,0.0,74.99769999998898,0.0
4236,0.0,136.57199999999648,0.0
4237,0.0,162.7513481607748,19.789351839223855
4238,0.0,134.78434728008688,68.74645271991312
4239,0.0,38.734353280126015,133.3992467198782
4240,0.0,0.0,71.53999999999564
4241,0.0,0.0,54.76815000000761
4242,0.0,0.0,12.375120000001743
4243,0.0,0.0,0.0
4244,0.0,9.796739999997271,0.0
4245,0.0,24.945799999997234,0.0
4246,0.0,0.0,8.094949999998335
4247,0.0,0.0,0.0
4248,0.0,0.0,0.0
4249,0.0,0.0,0.0
4250,0.0,0.0,0.0
4251,0.0,0.0,0.0
4252,0.0,0.0,0.0
4253,0.0,0.0,0.0
4254,0.0,0.0,0.0
4255,49.040876580553686,0.0,5.946023419443918
4256,0.0,0.0,208.00705999999593
4257,0.0,23.895840658136876,342.9854148418686
4258,0.0,75.3038999999917,0.0
4259,0.0,0.0,0.0
4260,0.0,0.0,0.0
4261,0.0,3.1535000000012587,0.0
4262,0.0,0.0,0.0
4263,0.0,0.0,0.0
4264,0.0,0.0,0.0
4265,0.0,69.2204526010446,90.67844739896066
4266,0.0,9.50065187558721,177.7734881244046
4267,0.0,0.0,81.50673999999458
4268,0.0,0.0,95.08199999999556
4269,0.0,0.0,130.9126999999903
4270,0.0,0.0,19.07309999999609
4271,0.0,0.0,0.0
4272,0.0,0.0,0.0
4273,0.0,0.0,0.0
4274,0.0,0.0,0.0
4275,0.0,0.0,0.0
4276,0.0,0.0,0.0
4277,0.0,0.0,0.0
4278,0.0,0.0,0.0
4279,0.0,48.6171099999915,0.0
4280,209.43065000000115,0.0,0.0
4281,0.0,0.0,0.0
4282,0.0,0.0,0.0
4283,0.0,0.0,0.0
4284,0.0,0.0,0.0
4285,0.0,54.81099999998514,0.0
4286,0.0,0.0,0.0
4287,0.0,10.45760000001701,0.0
4288,0.0,66.33419999998932,0.0
4289,0.0,78.09369999999399,0.0
4290,0.0,0.0,116.11142999999322
4291,0.0,0.0,82.6118500000025
4292,0.0,71.2685263381934,52.858873661798725
4293,0.0,0.0,121.94979999999964
4294,0.0,0.0,6.372859999995512
4295,0.0,0.0,0.0
4296,0.0,0.0,0.0
4297,0.0,0.0,0.0
4298,0.0,0.0,0.0
4299,0.0,0.0,0.0
4300,0.0,0.0,0.0
4301,0.0,0.0,0.0
4302,0.0,0.0,0.0
4303,95.56809999999814,0.0,0.0
4304,229.89512599999443,0.0,0.0
4305,0.0,0.0,0.0
4306,0.0,0.0,0.0
4307,0.0,21.95770000000448,0.0
4308,0.0,128.21459999993021,0.0
4309,0.0,168.5168999997304,0.0
4310,0.0,88.38809999978548,0.0
4311,0.0,0.0,0.0
4312,0.0,0.0,0.0
4313,93.68947793028065,8.124662069722945,0.0
4314,0.0,0.0,152.02990000000244
4315,0.0,0.0,91.58644999999842
4316,0.0,0.0,0.0
4317,0.0,0.0,0.0
4318,0.0,0.0,0.0
4319,0.0,0.0,0.0
4320,0.0,0.0,0.0
